{"type":"FeatureCollection", "features": [
{"type":"Feature","geometry":{"type":"Polygon","coordinates":[[[121.1545589,25.0794139],[121.1554434,25.0582029],[121.1677618,25.0437122],[121.1584381,25.0300088],[121.1621685,25.0265048],[121.1759048,25.0275302],[121.1939265,25.0179584],[121.1962701,25.0267882],[121.2230558,25.0151807],[121.2235196,25.0054382],[121.247189,25.0106828],[121.2348527,25.0293391],[121.2365514,25.0425163],[121.245778,25.0557439],[121.2623629,25.0663734],[121.2656139,25.0821234],[121.24791724842947,25.116476206380014],[121.2478717372771,25.11863812435834],[121.24788525951743,25.118714539669583],[121.2431954220001,25.11567111000005],[121.21298025308351,25.108719995932894],[121.16940864370235,25.08487377709004],[121.1545589,25.0794139]]]},"properties":{"shapeName":"Dayuan District","shapeID":"52511910B2055603825455","shapeGroup":"TWN","shapeType":"ADM2"}},
{"type":"Feature","geometry":{"type":"Polygon","coordinates":[[[120.65072,24.09083],[120.65898,24.08248],[120.67188,24.08113],[120.6825,24.06982],[120.70812,24.0819],[120.72676,24.07849],[120.73217,24.08139],[120.74127,24.08654],[120.70069,24.11293],[120.704,24.12488],[120.68542,24.12166],[120.66209,24.11098],[120.6573361,24.104717],[120.66128,24.09585],[120.65072,24.09083]]]},"properties":{"shapeName":"Dali District","shapeID":"52511910B17517272780410","shapeGroup":"TWN","shapeType":"ADM2"}},
{"type":"Feature","geometry":{"type":"Polygon","coordinates":[[[120.2403991,23.0669906],[120.2469599,23.0655995],[120.2778667,23.056414],[120.3018379,23.0552617],[120.3309289,23.0616569],[120.3405233,23.0835305],[120.3424903,23.0906022],[120.3328961,23.1065802],[120.3095191,23.1106576],[120.2984434,23.1055967],[120.2827857,23.1067395],[120.2777972,23.1114143],[120.2618602,23.1051305],[120.2558089,23.1079461],[120.2484229,23.099514],[120.2479059,23.0780684],[120.2403991,23.0669906]]]},"properties":{"shapeName":"Xinshi","shapeID":"52511910B52040400722593","shapeGroup":"TWN","shapeType":"ADM2"}},
{"type":"Feature","geometry":{"type":"Polygon","coordinates":[[[120.3165091,22.8983895],[120.2845223,22.9047034],[120.2781636,22.8961177],[120.2879833,22.8920852],[120.2923758,22.882149],[120.3043892,22.881324],[120.3042176,22.851723],[120.294046,22.8395851],[120.3347739,22.835272],[120.3441504,22.8420604],[120.3445683,22.8512528],[120.3577483,22.8710389],[120.3510989,22.888187],[120.332451,22.8892412],[120.3271093,22.8982768],[120.3165091,22.8983895]]]},"properties":{"shapeName":"Alian","shapeID":"52511910B31970606922462","shapeGroup":"TWN","shapeType":"ADM2"}},
{"type":"Feature","geometry":{"type":"Polygon","coordinates":[[[120.3530127,23.0003644],[120.3571818,22.9891772],[120.3695453,22.9803604],[120.3473631,22.9544258],[120.3522886,22.9169548],[120.3596722,22.9058342],[120.3717306,22.9107874],[120.3775625,22.9181931],[120.3922796,22.9222752],[120.4087219,22.912329],[120.4165015,22.9163397],[120.4284891,22.9405085],[120.4353171,22.9594247],[120.4253681,22.9675015],[120.4053592,22.9722017],[120.4078124,22.9880573],[120.3927247,23.0076311],[120.3842261,23.0083471],[120.3530127,23.0003644]]]},"properties":{"shapeName":"Longqi","shapeID":"52511910B87738681480797","shapeGroup":"TWN","shapeType":"ADM2"}},
{"type":"Feature","geometry":{"type":"Polygon","coordinates":[[[121.457478,24.9461543],[121.459974,24.9341858],[121.4846885,24.9279404],[121.492036,24.9170936],[121.4866088,24.9006033],[121.4717841,24.8771696],[121.4883579,24.8622469],[121.5073282,24.8765756],[121.5261616,24.8836539],[121.5403961,24.8936698],[121.5640374,24.8869879],[121.5644907,24.8770535],[121.5757792,24.8750877],[121.5788431,24.8956681],[121.5674341,24.9034922],[121.5899535,24.9145774],[121.6011434,24.9470881],[121.6070419,24.9471261],[121.6092556,24.9639652],[121.597132,24.960341],[121.5753917,24.9670009],[121.560445,24.9650276],[121.5538883,24.9844743],[121.5318528,24.9906672],[121.5160316,24.9872607],[121.501842,24.969822],[121.4797972,24.9639204],[121.457478,24.9461543]]]},"properties":{"shapeName":"Xindian District","shapeID":"52511910B81807770672257","shapeGroup":"TWN","shapeType":"ADM2"}},
{"type":"Feature","geometry":{"type":"Polygon","coordinates":[[[120.6573361,24.104717],[120.6437919,24.1187893],[120.63012,24.11111],[120.62248,24.1131],[120.6189,24.12392],[120.60001,24.12962],[120.58632,24.13789],[120.58851,24.12954],[120.5816,24.10948],[120.61252,24.10252],[120.61499,24.0851],[120.62546,24.06873],[120.62589,24.04665],[120.62849,24.02952],[120.64471,24.02583],[120.65572,24.03068],[120.66085,24.04673],[120.65977,24.06281],[120.65048,24.0733],[120.65072,24.09083],[120.66128,24.09585],[120.6573361,24.104717]]]},"properties":{"shapeName":"Wuri District","shapeID":"52511910B17490321584859","shapeGroup":"TWN","shapeType":"ADM2"}},
{"type":"Feature","geometry":{"type":"Polygon","coordinates":[[[120.76449,24.32573],[120.76369,24.29077],[120.74811,24.28616],[120.74824,24.28064],[120.76041,24.28066],[120.78571,24.28363],[120.81064,24.27856],[120.81875,24.26309],[120.82414,24.24232],[120.83028,24.21262],[120.83113,24.18977],[120.8353,24.17503],[120.84279,24.16355],[120.85815,24.1587],[120.86856,24.1643],[120.86542,24.17576],[120.87547,24.18486],[120.88165,24.19732],[120.89795,24.20696],[120.8975,24.22247],[120.88712,24.22552],[120.88104,24.23528],[120.87843,24.26618],[120.88504,24.27616],[120.90587,24.29262],[120.87491,24.29489],[120.85781,24.28927],[120.83356,24.29047],[120.80745,24.31515],[120.7776468,24.3206422],[120.76449,24.32573]]]},"properties":{"shapeName":"Dongshi District","shapeID":"52511910B5173446134858","shapeGroup":"TWN","shapeType":"ADM2"}},
{"type":"Feature","geometry":{"type":"Polygon","coordinates":[[[120.435523,23.0633911],[120.4310646,23.0500124],[120.4384824,23.0452005],[120.4401436,23.0222251],[120.4462536,23.0109126],[120.4559444,23.0109193],[120.4603626,23.0033652],[120.4800858,23.0034024],[120.4826773,23.0155553],[120.5021447,23.0275777],[120.5230299,23.049552],[120.5414315,23.0622177],[120.5530811,23.0678598],[120.5747931,23.0914356],[120.5881627,23.1141518],[120.5884662,23.1234155],[120.6010738,23.1441146],[120.611789,23.1516106],[120.6167985,23.1631535],[120.6360773,23.1749889],[120.6366113,23.1903325],[120.6432799,23.203268],[120.6514591,23.208445],[120.6534926,23.2245341],[120.6282859,23.2294311],[120.6098313,23.222611],[120.5901836,23.2339617],[120.5782434,23.2147759],[120.577938,23.2025689],[120.5571595,23.1595582],[120.543807,23.1408704],[120.5503679,23.1317476],[120.5493401,23.1205328],[120.5367371,23.1151139],[120.5272393,23.1162356],[120.5116516,23.0917468],[120.4777283,23.0829912],[120.4793226,23.0730592],[120.4526171,23.0784563],[120.4426572,23.0767004],[120.4430591,23.0669987],[120.435523,23.0633911]]]},"properties":{"shapeName":"Nanhua","shapeID":"52511910B59203276225690","shapeGroup":"TWN","shapeType":"ADM2"}},
{"type":"Feature","geometry":{"type":"Polygon","coordinates":[[[120.82414,24.24232],[120.81933,24.24172],[120.80642,24.26172],[120.80161,24.24577],[120.78929,24.25301],[120.77479,24.24316],[120.76826,24.21694],[120.79599,24.20421],[120.80092,24.19702],[120.79745,24.18374],[120.80262,24.16943],[120.80352,24.15031],[120.81487,24.14447],[120.83386,24.14085],[120.83231,24.12314],[120.83772,24.11787],[120.85386,24.12452],[120.8586,24.11621],[120.87244,24.11684],[120.88023,24.10536],[120.87686,24.09119],[120.89006,24.09664],[120.89615,24.11645],[120.89381,24.131],[120.88476,24.13896],[120.88491,24.15769],[120.86856,24.1643],[120.85815,24.1587],[120.84279,24.16355],[120.8353,24.17503],[120.83113,24.18977],[120.83028,24.21262],[120.82414,24.24232]]]},"properties":{"shapeName":"Xinshe District","shapeID":"52511910B79904820365756","shapeGroup":"TWN","shapeType":"ADM2"}},
{"type":"Feature","geometry":{"type":"Polygon","coordinates":[[[120.2929842,23.2232147],[120.2879223,23.2108002],[120.2899379,23.2022438],[120.2898395,23.176082],[120.2991297,23.1763469],[120.3201218,23.1685637],[120.3454441,23.1514503],[120.3532322,23.1516689],[120.3719493,23.1652331],[120.3914836,23.16335],[120.3980429,23.1738735],[120.4148387,23.1783858],[120.4300304,23.2006989],[120.4172067,23.2047748],[120.3928656,23.2064616],[120.3819798,23.1963787],[120.3703698,23.2102994],[120.3428417,23.2144423],[120.3411418,23.2229325],[120.32755,23.2284797],[120.3131021,23.2283752],[120.2929842,23.2232147]]]},"properties":{"shapeName":"Guantian","shapeID":"52511910B66393591343605","shapeGroup":"TWN","shapeType":"ADM2"}},
{"type":"Feature","geometry":{"type":"Polygon","coordinates":[[[121.4591065,25.1127581],[121.4627462,25.1034323],[121.4813076,25.1007561],[121.4912918,25.09493],[121.504698,25.0779064],[121.5223493,25.0771215],[121.5393459,25.0919886],[121.5535009,25.0925102],[121.5736856,25.106738],[121.5956282,25.1141553],[121.6081434,25.1313497],[121.5983755,25.1402637],[121.5899056,25.1637389],[121.5798832,25.1655601],[121.5837658,25.19457],[121.573577,25.1938637],[121.5608874,25.1744875],[121.5484113,25.1442719],[121.5314905,25.1371373],[121.5171599,25.0994006],[121.4977255,25.0981299],[121.4965235,25.1103972],[121.4902221,25.1152809],[121.4706081,25.1105789],[121.4622976,25.1159833],[121.4591065,25.1127581]]]},"properties":{"shapeName":"Shilin District","shapeID":"52511910B57344020400583","shapeGroup":"TWN","shapeType":"ADM2"}},
{"type":"Feature","geometry":{"type":"Polygon","coordinates":[[[121.3548691,25.065135],[121.3447996,25.065505],[121.3247482,25.0584268],[121.3161082,25.0506241],[121.3029021,25.0473312],[121.3022369,25.0332707],[121.3247613,25.0263421],[121.3323356,25.0105109],[121.3210594,24.9876563],[121.3297966,24.9790579],[121.3421313,24.9810587],[121.3687054,24.9768572],[121.3852684,24.9857696],[121.40337,25.00017],[121.39307,25.01559],[121.4122094,25.0194295],[121.3982364,25.0300797],[121.4030259,25.0455222],[121.380104,25.0651508],[121.3548691,25.065135]]]},"properties":{"shapeName":"Guishan District","shapeID":"52511910B79239618011253","shapeGroup":"TWN","shapeType":"ADM2"}},
{"type":"Feature","geometry":{"type":"Polygon","coordinates":[[[120.5414315,23.0622177],[120.5467008,23.0425844],[120.5739881,23.0442797],[120.5859462,23.0532699],[120.6083971,23.0361303],[120.6221267,23.0477729],[120.6263652,23.0625728],[120.6398028,23.0786969],[120.6369776,23.0872288],[120.6512774,23.097031],[120.6590412,23.1160746],[120.6658359,23.1193485],[120.6755685,23.1292639],[120.6798164,23.1407148],[120.6873491,23.1660514],[120.6913392,23.1716961],[120.6809031,23.1826118],[120.6826403,23.1945906],[120.6579707,23.2008062],[120.6514591,23.208445],[120.6432799,23.203268],[120.6366113,23.1903325],[120.6360773,23.1749889],[120.6167985,23.1631535],[120.611789,23.1516106],[120.6010738,23.1441146],[120.5884662,23.1234155],[120.5881627,23.1141518],[120.5747931,23.0914356],[120.5530811,23.0678598],[120.5414315,23.0622177]]]},"properties":{"shapeName":"Jiasian","shapeID":"52511910B69477070610060","shapeGroup":"TWN","shapeType":"ADM2"}},
{"type":"Feature","geometry":{"type":"Polygon","coordinates":[[[120.3180785279015,22.561172398512152],[120.34034922362962,22.54140617944335],[120.33074111300004,22.53978790800005],[120.32951131550755,22.526380890854984],[120.351331,22.5082365],[120.3603222,22.5077161],[120.366485,22.5185864],[120.3925163,22.5373806],[120.3987739,22.5488844],[120.39135,22.5650107],[120.3791789,22.5827241],[120.3702804,22.5878699],[120.3631669,22.5850164],[120.3392684,22.5844921],[120.3371464,22.5740812],[120.3180785279015,22.561172398512152]]]},"properties":{"shapeName":"Siaogang","shapeID":"52511910B46875128491","shapeGroup":"TWN","shapeType":"ADM2"}},
{"type":"Feature","geometry":{"type":"MultiPolygon","coordinates":[[[[120.6798164,23.1407148],[120.690939,23.134989],[120.71054,23.11547],[120.731697,23.12091],[120.764675,23.119624],[120.763598,23.112299],[120.745569,23.098038],[120.740447,23.087245],[120.706389,23.087475],[120.708214,23.075585],[120.721587,23.058277],[120.71382,23.044451],[120.690374,23.036625],[120.696239,23.026806],[120.675402,23.003055],[120.687005,22.994359],[120.6708148,22.9826144],[120.6865543,22.9780577],[120.7119597,22.9925098],[120.7243743,23.0023601],[120.7400949,22.9851849],[120.7676988,22.9828504],[120.7821823,22.9934479],[120.7986382,22.985749],[120.8056949,22.9869169],[120.8293783,22.9751748],[120.8416656,22.9848368],[120.8419918,22.991035],[120.8606068,23.007963],[120.8610605,23.0297325],[120.8795601,23.0346997],[120.8812761,23.0440753],[120.8691555,23.0596888],[120.8855643,23.0889149],[120.8893955,23.1100585],[120.8850235,23.1198788],[120.8879063,23.1366866],[120.8835424,23.1535196],[120.8949783,23.1606927],[120.8984192,23.1761055],[120.9124786,23.1866886],[120.9063784,23.1969281],[120.9117951,23.2103439],[120.9116969,23.2283632],[120.9158049,23.2379947],[120.9262066,23.244451],[120.9380088,23.2451906],[120.9580744,23.2651697],[120.9709576,23.2812249],[120.9860864,23.2803125],[121.0105981,23.2927437],[121.0283346,23.2971438],[121.0323953,23.3038502],[121.046438,23.3090641],[121.0487954,23.3253062],[121.0246656,23.3399451],[121.020033,23.3504614],[121.0104876,23.345778],[120.9988377,23.3567343],[120.9871271,23.3587028],[120.9878944,23.3703821],[121.007645,23.386654],[121.0266453,23.4060231],[121.0291734,23.4227649],[121.01514,23.4351969],[121.010368,23.4458496],[121.0158129,23.4517217],[121.0077124,23.4626755],[120.9991078,23.4621991],[120.9683457,23.4713045],[120.9575986,23.4694804],[120.9366099,23.463725],[120.9269429,23.455872],[120.909911,23.4577655],[120.8917309,23.4464764],[120.8865671,23.4347636],[120.8495405,23.4201284],[120.8494064,23.412082],[120.8293737,23.3834441],[120.8252182,23.3715654],[120.8045855,23.370816],[120.8127679,23.3560761],[120.8229886,23.3461111],[120.8118574,23.3340198],[120.8065146,23.3215963],[120.7998699,23.3198598],[120.7912789,23.3040135],[120.7788044,23.2951259],[120.7760356,23.2817506],[120.7681045,23.2694414],[120.7598525,23.2482201],[120.7562164,23.2318621],[120.745397,23.2190678],[120.7440971,23.2087706],[120.7354069,23.1952104],[120.7240417,23.184502],[120.7019447,23.1736263],[120.6913392,23.1716961],[120.6873491,23.1660514],[120.6798164,23.1407148]]],[[[120.6658359,23.1193485],[120.673722,23.103794],[120.688824,23.101592],[120.688049,23.112034],[120.6755685,23.1292639],[120.6658359,23.1193485]]]]},"properties":{"shapeName":"Taoyuan","shapeID":"52511910B89557374460695","shapeGroup":"TWN","shapeType":"ADM2"}},
{"type":"Feature","geometry":{"type":"Polygon","coordinates":[[[121.7031718,25.0319821],[121.7010439,25.0232316],[121.7268508,24.9892101],[121.7181764,24.9749139],[121.7440965,24.9751346],[121.7711495,24.9795004],[121.7757853,24.9855454],[121.7642089,24.9962119],[121.774652,25.0025042],[121.7844597,25.0178136],[121.8168517,25.0421041],[121.7978465,25.0759772],[121.7757228,25.0700369],[121.7637381,25.0574588],[121.7458075,25.0532048],[121.7298658,25.0531356],[121.7210208,25.0472784],[121.7157544,25.0362258],[121.7031718,25.0319821]]]},"properties":{"shapeName":"Pingxi District","shapeID":"52511910B49041277824691","shapeGroup":"TWN","shapeType":"ADM2"}},
{"type":"Feature","geometry":{"type":"Polygon","coordinates":[[[120.3702804,22.5878699],[120.368523,22.5940008],[120.3798047,22.6169073],[120.3820941,22.6297656],[120.3777727,22.6377892],[120.3745222,22.647526],[120.3647033,22.6441444],[120.3472519,22.647263],[120.344733,22.6337462],[120.344291,22.6248953],[120.3269812,22.6123398],[120.338537,22.6055877],[120.3228674,22.5964854],[120.3240219,22.5849978],[120.3392684,22.5844921],[120.3631669,22.5850164],[120.3702804,22.5878699]]]},"properties":{"shapeName":"Fongshan","shapeID":"52511910B45067846009416","shapeGroup":"TWN","shapeType":"ADM2"}},
{"type":"Feature","geometry":{"type":"Polygon","coordinates":[[[120.1920851,22.9211955],[120.2332478,22.9053801],[120.2475367,22.898208],[120.2574846,22.8983845],[120.269856,22.896673],[120.2614986,22.9160223],[120.2696764,22.9434295],[120.2734366,22.9937062],[120.2672205,22.9965368],[120.2478364,22.990669],[120.2489884,22.9770038],[120.2389689,22.9801402],[120.2378139,22.961081],[120.216711,22.9605384],[120.2166229,22.9451481],[120.2012295,22.9448617],[120.1979024,22.9294458],[120.1920851,22.9211955]]]},"properties":{"shapeName":"Rende","shapeID":"52511910B2226983620167","shapeGroup":"TWN","shapeType":"ADM2"}},
{"type":"Feature","geometry":{"type":"Polygon","coordinates":[[[121.380104,25.0651508],[121.3839354,25.0715655],[121.3999958,25.0653898],[121.408278,25.0758586],[121.4091403,25.0995427],[121.4018521,25.1076263],[121.3967967,25.0944751],[121.3854244,25.1128357],[121.3743294,25.1226675],[121.36627482932735,25.136887530245705],[121.35128536500008,25.129920064000032],[121.32920396700001,25.124093953000056],[121.30475353016756,25.126018708419203],[121.28374917400063,25.117070356123417],[121.28281,25.10946],[121.297998,25.1044875],[121.30437,25.09654],[121.3249513,25.0925479],[121.3388176,25.0836107],[121.3548691,25.065135],[121.380104,25.0651508]]]},"properties":{"shapeName":"Linkou District","shapeID":"52511910B70290379794397","shapeGroup":"TWN","shapeType":"ADM2"}},
{"type":"Feature","geometry":{"type":"Polygon","coordinates":[[[120.76449,24.32573],[120.72434,24.35409],[120.71827,24.35583],[120.71365,24.33158],[120.66919,24.3162],[120.65117,24.31493],[120.64634,24.29914],[120.65866,24.29163],[120.68314,24.2847],[120.71271,24.28365],[120.74824,24.28064],[120.74811,24.28616],[120.76369,24.29077],[120.76449,24.32573]]]},"properties":{"shapeName":"Houli District","shapeID":"52511910B49637011657057","shapeGroup":"TWN","shapeType":"ADM2"}},
{"type":"Feature","geometry":{"type":"Polygon","coordinates":[[[120.76041,24.28066],[120.76981,24.26446],[120.76719,24.25217],[120.77479,24.24316],[120.78929,24.25301],[120.80161,24.24577],[120.80642,24.26172],[120.81933,24.24172],[120.82414,24.24232],[120.81875,24.26309],[120.81064,24.27856],[120.78571,24.28363],[120.76041,24.28066]]]},"properties":{"shapeName":"Shigang District","shapeID":"52511910B87526029786391","shapeGroup":"TWN","shapeType":"ADM2"}},
{"type":"Feature","geometry":{"type":"Polygon","coordinates":[[[121.1621685,25.0265048],[121.1611643,25.0141299],[121.1686148,24.9911221],[121.1608457,24.9739702],[121.1515626,24.9651695],[121.166035,24.9580434],[121.1769289,24.9592656],[121.1790317,24.9688284],[121.1911779,24.9698866],[121.1946501,24.9571997],[121.2076975,24.957418],[121.2213667,24.9516601],[121.2290613,24.9315224],[121.2452012,24.9253862],[121.2581763,24.9306445],[121.2667836,24.9501732],[121.2635496,24.9732501],[121.259762,24.9870616],[121.2539725,25.0030272],[121.247189,25.0106828],[121.2235196,25.0054382],[121.2230558,25.0151807],[121.1962701,25.0267882],[121.1939265,25.0179584],[121.1759048,25.0275302],[121.1621685,25.0265048]]]},"properties":{"shapeName":"Zhongli District","shapeID":"52511910B96194264601254","shapeGroup":"TWN","shapeType":"ADM2"}},
{"type":"Feature","geometry":{"type":"Polygon","coordinates":[[[120.3148978,22.6959048],[120.3241626,22.6803264],[120.32831,22.6718865],[120.3395482,22.6721898],[120.3544413,22.6731321],[120.3627517,22.6696178],[120.3748491,22.683901],[120.3923871,22.6946914],[120.4032625,22.7248037],[120.3972454,22.7353049],[120.390829,22.7418399],[120.3728704,22.7262873],[120.3722343,22.7152336],[120.3658257,22.7097112],[120.3512538,22.7178568],[120.3375357,22.7210867],[120.3148978,22.6959048]]]},"properties":{"shapeName":"Renwu","shapeID":"52511910B30663215399885","shapeGroup":"TWN","shapeType":"ADM2"}},
{"type":"Feature","geometry":{"type":"Polygon","coordinates":[[[121.1499347,24.8443265],[121.1761879,24.8321221],[121.1755696,24.827591],[121.2094501,24.8094388],[121.2196686,24.8116958],[121.2214739,24.7996064],[121.2431055,24.8087107],[121.2437755,24.8139652],[121.2677337,24.8489165],[121.258738,24.8647001],[121.2479723,24.8582904],[121.2492694,24.8858886],[121.2295397,24.8934362],[121.2194359,24.8937606],[121.1955778,24.8878032],[121.1846934,24.8899708],[121.1746932,24.881379],[121.1755296,24.8719055],[121.1581658,24.8753802],[121.1614409,24.8595667],[121.1499347,24.8443265]]]},"properties":{"shapeName":"Longtan District","shapeID":"52511910B47715712995546","shapeGroup":"TWN","shapeType":"ADM2"}},
{"type":"Feature","geometry":{"type":"Polygon","coordinates":[[[120.3923871,22.6946914],[120.3897707,22.6853347],[120.4022489,22.666907],[120.4004781,22.6436215],[120.4160156,22.6429951],[120.4360832,22.6516525],[120.4396241,22.6783118],[120.4480754,22.6893939],[120.4553548,22.7161614],[120.4543137,22.7717394],[120.4310482,22.7742317],[120.42857,22.7777649],[120.4185785,22.7724583],[120.41183,22.758013],[120.4106174,22.7441111],[120.3972454,22.7353049],[120.4032625,22.7248037],[120.3923871,22.6946914]]]},"properties":{"shapeName":"Dashu","shapeID":"52511910B37639564414460","shapeGroup":"TWN","shapeType":"ADM2"}},
{"type":"Feature","geometry":{"type":"Polygon","coordinates":[[[120.3510989,22.888187],[120.3717306,22.9107874],[120.3596722,22.9058342],[120.3522886,22.9169548],[120.3473631,22.9544258],[120.3695453,22.9803604],[120.3571818,22.9891772],[120.3530127,23.0003644],[120.3486762,22.9926014],[120.3347227,22.9942343],[120.3287148,23.0098453],[120.2957788,23.0138077],[120.299615,23.0000377],[120.2974635,22.9798058],[120.3037095,22.9800043],[120.3149889,22.9682077],[120.3147938,22.9588697],[120.3266156,22.9431524],[120.3212781,22.9226891],[120.3222767,22.9050125],[120.3165091,22.8983895],[120.3271093,22.8982768],[120.332451,22.8892412],[120.3510989,22.888187]]]},"properties":{"shapeName":"Guanmiao","shapeID":"52511910B37391519791178","shapeGroup":"TWN","shapeType":"ADM2"}},
{"type":"Feature","geometry":{"type":"Polygon","coordinates":[[[121.4591065,25.1127581],[121.4359836,25.1273065],[121.4160706,25.1250258],[121.4010962,25.1181104],[121.4018521,25.1076263],[121.4091403,25.0995427],[121.408278,25.0758586],[121.4197039,25.068965],[121.4303646,25.0691264],[121.4480857,25.0625994],[121.4593424,25.068878],[121.4656563,25.0656488],[121.470972,25.0734796],[121.4562662,25.0817958],[121.4546345,25.0885254],[121.4627462,25.1034323],[121.4591065,25.1127581]]]},"properties":{"shapeName":"Wugu District","shapeID":"52511910B41832053670190","shapeGroup":"TWN","shapeType":"ADM2"}},
{"type":"Feature","geometry":{"type":"Polygon","coordinates":[[[121.5577581,25.0450666],[121.5573893,25.0294376],[121.5526798,25.0245314],[121.5658788,25.0081697],[121.5777069,25.0141374],[121.5922279,25.0313075],[121.5800808,25.0493001],[121.5577581,25.0450666]]]},"properties":{"shapeName":"Xinyi District","shapeID":"52511910B97040583536387","shapeGroup":"TWN","shapeType":"ADM2"}},
{"type":"Feature","geometry":{"type":"Polygon","coordinates":[[[120.2851637,22.6346975],[120.27982572173784,22.6198040222172],[120.29020576931669,22.618987552790834],[120.2902,22.6207125],[120.285951,22.6317235],[120.2851637,22.6346975]]]},"properties":{"shapeName":"Yancheng","shapeID":"52511910B3606287647189","shapeGroup":"TWN","shapeType":"ADM2"}},
{"type":"Feature","geometry":{"type":"Polygon","coordinates":[[[120.6538603,24.1557464],[120.6548452,24.1351761],[120.66649,24.12879],[120.68243,24.13553],[120.67374,24.14327],[120.6633626,24.1631926],[120.6538603,24.1557464]]]},"properties":{"shapeName":"West District","shapeID":"52511910B31268860247424","shapeGroup":"TWN","shapeType":"ADM2"}},
{"type":"Feature","geometry":{"type":"Polygon","coordinates":[[[120.1594446,23.0056389],[120.1747993,22.9993653],[120.1867552,22.998958],[120.1865896,22.9864009],[120.1975681,22.9814524],[120.2120889,22.9811703],[120.2123234,22.99758],[120.1956253,23.0016562],[120.1878451,23.0075451],[120.1731256,23.0074966],[120.1594446,23.0056389]]]},"properties":{"shapeName":"West Central District","shapeID":"52511910B28476693424992","shapeGroup":"TWN","shapeType":"ADM2"}},
{"type":"Feature","geometry":{"type":"Polygon","coordinates":[[[121.6092556,24.9639652],[121.6198307,24.9692141],[121.5999954,24.9769655],[121.5955365,25.0074804],[121.5975259,25.0145694],[121.5777069,25.0141374],[121.5658788,25.0081697],[121.5582713,25.012161],[121.5445745,25.0078379],[121.5372166,25.0109689],[121.5319815,25.0085929],[121.5314246,24.9954542],[121.5318528,24.9906672],[121.5538883,24.9844743],[121.560445,24.9650276],[121.5753917,24.9670009],[121.597132,24.960341],[121.6092556,24.9639652]]]},"properties":{"shapeName":"Wenshan District","shapeID":"52511910B85672644454395","shapeGroup":"TWN","shapeType":"ADM2"}},
{"type":"Feature","geometry":{"type":"Polygon","coordinates":[[[121.4853853,25.0392369],[121.4889686,25.0163743],[121.4940735,25.0091626],[121.5128927,25.0217157],[121.5041343,25.0299451],[121.5103203,25.0479738],[121.5049035,25.0496993],[121.4853853,25.0392369]]]},"properties":{"shapeName":"Wanhua District","shapeID":"52511910B53442502489936","shapeGroup":"TWN","shapeType":"ADM2"}},
{"type":"Feature","geometry":{"type":"Polygon","coordinates":[[[121.4797972,24.9639204],[121.4790884,24.9777171],[121.4671385,24.9930038],[121.4489849,24.9925604],[121.439884,24.9875665],[121.428796,24.9720883],[121.4131339,24.9662189],[121.4075637,24.9521421],[121.4175362,24.9375648],[121.4342033,24.9402124],[121.4367031,24.935574],[121.457478,24.9461543],[121.4797972,24.9639204]]]},"properties":{"shapeName":"Tucheng District","shapeID":"52511910B24789968471650","shapeGroup":"TWN","shapeType":"ADM2"}},
{"type":"Feature","geometry":{"type":"Polygon","coordinates":[[[120.216711,22.9605384],[120.2120889,22.9811703],[120.1975681,22.9814524],[120.1865896,22.9864009],[120.17672970040434,22.97953069908642],[120.1740901,22.9715899],[120.16280400200003,22.965687],[120.169272,22.954631001000052],[120.17571500200006,22.931122],[120.17575031798032,22.911975010314425],[120.187755,22.9201923],[120.1920851,22.9211955],[120.1979024,22.9294458],[120.2012295,22.9448617],[120.2166229,22.9451481],[120.216711,22.9605384]]]},"properties":{"shapeName":"South District","shapeID":"52511910B45186727587827","shapeGroup":"TWN","shapeType":"ADM2"}},
{"type":"Feature","geometry":{"type":"Polygon","coordinates":[[[121.3687054,24.9768572],[121.3786538,24.9609383],[121.3661457,24.9547805],[121.3613205,24.9453124],[121.3759297,24.9496895],[121.379132,24.9434883],[121.4075637,24.9521421],[121.4131339,24.9662189],[121.428796,24.9720883],[121.425095,24.9894613],[121.4300587,24.9952225],[121.4321267,25.0034723],[121.4233964,25.0166965],[121.4122094,25.0194295],[121.39307,25.01559],[121.40337,25.00017],[121.3852684,24.9857696],[121.3687054,24.9768572]]]},"properties":{"shapeName":"Shulin District","shapeID":"52511910B57035161982504","shapeGroup":"TWN","shapeType":"ADM2"}},
{"type":"Feature","geometry":{"type":"Polygon","coordinates":[[[121.6198307,24.9692141],[121.6391482,24.9806915],[121.6365112,24.9935532],[121.6403353,25.0027703],[121.6405049,25.0234501],[121.6324787,25.0256782],[121.6227512,25.0171541],[121.6043635,25.0192858],[121.5975259,25.0145694],[121.5955365,25.0074804],[121.5999954,24.9769655],[121.6198307,24.9692141]]]},"properties":{"shapeName":"Shenkeng District","shapeID":"52511910B54921877123299","shapeGroup":"TWN","shapeType":"ADM2"}},
{"type":"Feature","geometry":{"type":"Polygon","coordinates":[[[120.3472519,22.647263],[120.3369357,22.6525237],[120.3333409,22.6654002],[120.3395482,22.6721898],[120.32831,22.6718865],[120.3241626,22.6803264],[120.308753,22.654671],[120.2817221,22.6436772],[120.2851637,22.6346975],[120.285951,22.6317235],[120.2971078,22.6360043],[120.3168135,22.6342613],[120.3183086,22.6383923],[120.344733,22.6337462],[120.3472519,22.647263]]]},"properties":{"shapeName":"Sanmin","shapeID":"52511910B99923381863543","shapeGroup":"TWN","shapeType":"ADM2"}},
{"type":"Feature","geometry":{"type":"Polygon","coordinates":[[[121.4912918,25.09493],[121.4752691,25.0732231],[121.470972,25.0734796],[121.4656563,25.0656488],[121.4686968,25.053058],[121.4662567,25.0385498],[121.4853853,25.0392369],[121.5049035,25.0496993],[121.5070048,25.0718657],[121.504698,25.0779064],[121.4912918,25.09493]]]},"properties":{"shapeName":"Sanchong District","shapeID":"52511910B68505135665197","shapeGroup":"TWN","shapeType":"ADM2"}},
{"type":"Feature","geometry":{"type":"Polygon","coordinates":[[[120.31239336844689,22.554447461761793],[120.31657654360188,22.556579663428852],[120.29050486027603,22.58590726118377],[120.269878,22.613557],[120.2625846,22.6139174],[120.31239336844689,22.554447461761793]]]},"properties":{"shapeName":"Qijin","shapeID":"52511910B42295955196197","shapeGroup":"TWN","shapeType":"ADM2"}},
{"type":"Feature","geometry":{"type":"Polygon","coordinates":[[[120.2123234,22.99758],[120.2329586,22.998617],[120.2221177,23.019417],[120.2093662,23.0229674],[120.1945915,23.0204632],[120.1731256,23.0074966],[120.1878451,23.0075451],[120.1956253,23.0016562],[120.2123234,22.99758]]]},"properties":{"shapeName":"North District","shapeID":"52511910B67503722299641","shapeGroup":"TWN","shapeType":"ADM2"}},
{"type":"Feature","geometry":{"type":"Polygon","coordinates":[[[120.4087219,22.912329],[120.4218589,22.9032302],[120.4304775,22.8879633],[120.443168,22.8853424],[120.447379,22.889696],[120.468226,22.896962],[120.4828267,22.9253185],[120.4815886,22.9356819],[120.4995843,22.9421889],[120.506766,22.955482],[120.511604,22.97585],[120.5202947,22.9800381],[120.5343605,23.0128244],[120.5335969,23.0281296],[120.5216542,23.0193853],[120.5135558,23.0187146],[120.5021447,23.0275777],[120.4826773,23.0155553],[120.4800858,23.0034024],[120.4603626,23.0033652],[120.4542991,22.979954],[120.4449252,22.9795219],[120.4353171,22.9594247],[120.4284891,22.9405085],[120.4165015,22.9163397],[120.4087219,22.912329]]]},"properties":{"shapeName":"Neimen","shapeID":"52511910B49699122775209","shapeGroup":"TWN","shapeType":"ADM2"}},
{"type":"Feature","geometry":{"type":"Polygon","coordinates":[[[121.5535009,25.0925102],[121.569576,25.075825],[121.5721886,25.0525386],[121.579777,25.0529808],[121.5924643,25.0596085],[121.6070724,25.0596718],[121.6162926,25.0639664],[121.6282574,25.088399],[121.6155606,25.1036875],[121.5973664,25.1096515],[121.5956282,25.1141553],[121.5736856,25.106738],[121.5535009,25.0925102]]]},"properties":{"shapeName":"Neihu District","shapeID":"52511910B60889717547120","shapeGroup":"TWN","shapeType":"ADM2"}},
{"type":"Feature","geometry":{"type":"Polygon","coordinates":[[[120.21495895177108,22.80343587911145],[120.23362000100008,22.761732],[120.2433094,22.7438129],[120.2506422,22.7638594],[120.2587071,22.7701591],[120.2524367,22.790756],[120.2565425,22.7953819],[120.2400539,22.7965655],[120.2313806,22.8023711],[120.21495895177108,22.80343587911145]]]},"properties":{"shapeName":"Mituo","shapeID":"52511910B79940153361499","shapeGroup":"TWN","shapeType":"ADM2"}},
{"type":"Feature","geometry":{"type":"Polygon","coordinates":[[[120.2899379,23.2022438],[120.2571215,23.2008254],[120.2367026,23.215571],[120.233397,23.2236706],[120.2197654,23.2320015],[120.2076461,23.2144088],[120.192002,23.2096926],[120.1986758,23.1946312],[120.2156892,23.1838532],[120.2140696,23.1601213],[120.2416907,23.1307879],[120.2548912,23.1350258],[120.2628478,23.1419375],[120.2605245,23.1535308],[120.2664747,23.1703005],[120.2898395,23.176082],[120.2899379,23.2022438]]]},"properties":{"shapeName":"Madou","shapeID":"52511910B41349980343036","shapeGroup":"TWN","shapeType":"ADM2"}},
{"type":"Feature","geometry":{"type":"Polygon","coordinates":[[[120.3603222,22.5077161],[120.39923744600003,22.480712236000045],[120.4110315,22.4759524],[120.42563666878881,22.494789591456158],[120.4228319,22.5186654],[120.4274952,22.5342756],[120.4136623,22.5324913],[120.3925163,22.5373806],[120.366485,22.5185864],[120.3603222,22.5077161]]]},"properties":{"shapeName":"Linyuan","shapeID":"52511910B83654747413473","shapeGroup":"TWN","shapeType":"ADM2"}},
{"type":"Feature","geometry":{"type":"Polygon","coordinates":[[[120.344733,22.6337462],[120.3183086,22.6383923],[120.3168135,22.6342613],[120.3120375,22.6232833],[120.3021267,22.6199846],[120.2902,22.6207125],[120.29020576931669,22.618987552790834],[120.2966449283629,22.609466356292483],[120.3177423,22.6183351],[120.3269812,22.6123398],[120.344291,22.6248953],[120.344733,22.6337462]]]},"properties":{"shapeName":"Lingya","shapeID":"52511910B57885575775117","shapeGroup":"TWN","shapeType":"ADM2"}},
{"type":"Feature","geometry":{"type":"Polygon","coordinates":[[[120.10604849165634,23.22542266660428],[120.0952733,23.2188229],[120.08634118699013,23.224875627572015],[120.0791954,23.2015652],[120.0692186,23.1834395],[120.0839146,23.1891104],[120.1032209,23.1831773],[120.1128718,23.1863295],[120.1280301,23.1824391],[120.1265453,23.1937412],[120.1399082,23.1959009],[120.1510171,23.1883245],[120.1698993,23.1851699],[120.1783495,23.2087042],[120.1771961,23.2133424],[120.1748779,23.2232415],[120.1605179,23.2380807],[120.1359825,23.2292034],[120.10604849165634,23.22542266660428]]]},"properties":{"shapeName":"Jiangjun","shapeID":"52511910B80613047181881","shapeGroup":"TWN","shapeType":"ADM2"}},
{"type":"Feature","geometry":{"type":"Polygon","coordinates":[[[120.192002,23.2096926],[120.1771961,23.2133424],[120.1783495,23.2087042],[120.1698993,23.1851699],[120.1510171,23.1883245],[120.1450088,23.1668535],[120.1587194,23.156599],[120.1489586,23.1344774],[120.1518531,23.1226277],[120.1713451,23.1215657],[120.1740079,23.1365301],[120.18012,23.1368043],[120.1960126,23.1514663],[120.1925589,23.1598747],[120.2052139,23.1631939],[120.2140696,23.1601213],[120.2156892,23.1838532],[120.1986758,23.1946312],[120.192002,23.2096926]]]},"properties":{"shapeName":"Jiali","shapeID":"52511910B43412485397625","shapeGroup":"TWN","shapeType":"ADM2"}},
{"type":"Feature","geometry":{"type":"Polygon","coordinates":[[[120.17575031798032,22.911975010314425],[120.1879456,22.8794056],[120.198327,22.86586600100003],[120.1899925,22.8571435],[120.1969273,22.8501195],[120.213399,22.8511198],[120.2187285,22.8571635],[120.2199552,22.8705609],[120.2182589,22.8814322],[120.208828,22.8921704],[120.1987876,22.8909386],[120.1979599,22.9082176],[120.187755,22.9201923],[120.17575031798032,22.911975010314425]]]},"properties":{"shapeName":"Jiading","shapeID":"52511910B54123288304078","shapeGroup":"TWN","shapeType":"ADM2"}},
{"type":"Feature","geometry":{"type":"Polygon","coordinates":[[[120.1920851,22.9211955],[120.187755,22.9201923],[120.1979599,22.9082176],[120.1987876,22.8909386],[120.208828,22.8921704],[120.2182589,22.8814322],[120.2199552,22.8705609],[120.2331094,22.8682324],[120.2539614,22.8738266],[120.2526172,22.8843944],[120.2608937,22.8906193],[120.2574846,22.8983845],[120.2475367,22.898208],[120.2332478,22.9053801],[120.1920851,22.9211955]]]},"properties":{"shapeName":"Hunei","shapeID":"52511910B24425392494170","shapeGroup":"TWN","shapeType":"ADM2"}},
{"type":"Feature","geometry":{"type":"Polygon","coordinates":[[[120.2851637,22.6346975],[120.2817221,22.6436772],[120.308753,22.654671],[120.2928191,22.6725343],[120.2737842,22.6740441],[120.2576754711137,22.668746107496144],[120.2503329,22.6565398],[120.2519402263085,22.644744222873513],[120.26382996600012,22.62725885100008],[120.26660078236614,22.616850762014845],[120.27982572173784,22.6198040222172],[120.2851637,22.6346975]]]},"properties":{"shapeName":"Gushan","shapeID":"52511910B97258167764484","shapeGroup":"TWN","shapeType":"ADM2"}},
{"type":"Feature","geometry":{"type":"Polygon","coordinates":[[[121.1545589,25.0794139],[121.12568568600011,25.07373686300008],[121.1023775000001,25.065544206000027],[121.07049391200007,25.04444314500006],[121.05631547500002,25.041307239000048],[121.03834977300005,25.02709687400005],[121.0281956,25.0092547],[121.0350999,25.0168083],[121.0536701,25.0146324],[121.0688927,25.0019281],[121.0787401,25.0071902],[121.0994443,24.9964617],[121.1268993,24.9918764],[121.1348085,24.9716265],[121.1515626,24.9651695],[121.1608457,24.9739702],[121.1686148,24.9911221],[121.1611643,25.0141299],[121.1621685,25.0265048],[121.1584381,25.0300088],[121.1677618,25.0437122],[121.1554434,25.0582029],[121.1545589,25.0794139]]]},"properties":{"shapeName":"Guanyin District","shapeID":"52511910B57239711193520","shapeGroup":"TWN","shapeType":"ADM2"}},
{"type":"Feature","geometry":{"type":"Polygon","coordinates":[[[120.294046,22.8395851],[120.2951657,22.8291722],[120.28348,22.8187749],[120.2547684,22.8249579],[120.2532192,22.8181422],[120.262798,22.8026279],[120.2565425,22.7953819],[120.2524367,22.790756],[120.2587071,22.7701591],[120.2748097,22.767082],[120.2824989,22.7670437],[120.3002299,22.7776988],[120.3148708,22.7708216],[120.3202584,22.8011098],[120.349987,22.8139363],[120.3508375,22.8253571],[120.3441504,22.8420604],[120.3347739,22.835272],[120.294046,22.8395851]]]},"properties":{"shapeName":"Gangshan","shapeID":"52511910B81672195550340","shapeGroup":"TWN","shapeType":"ADM2"}},
{"type":"Feature","geometry":{"type":"Polygon","coordinates":[[[120.2478364,22.990669],[120.2329586,22.998617],[120.2123234,22.99758],[120.2120889,22.9811703],[120.216711,22.9605384],[120.2378139,22.961081],[120.2389689,22.9801402],[120.2489884,22.9770038],[120.2478364,22.990669]]]},"properties":{"shapeName":"Eastern District","shapeID":"52511910B558444185686","shapeGroup":"TWN","shapeType":"ADM2"}},
{"type":"Feature","geometry":{"type":"Polygon","coordinates":[[[120.704,24.12488],[120.7128,24.14574],[120.70037,24.151],[120.6926378,24.1527982],[120.68578,24.14316],[120.68243,24.13553],[120.68542,24.12166],[120.704,24.12488]]]},"properties":{"shapeName":"East District","shapeID":"52511910B56209015841977","shapeGroup":"TWN","shapeType":"ADM2"}},
{"type":"Feature","geometry":{"type":"Polygon","coordinates":[[[120.58632,24.13789],[120.57472,24.14741],[120.57452,24.15572],[120.5837051,24.1680953],[120.58375,24.17426],[120.57057,24.17634],[120.54195,24.17063],[120.52586,24.1766],[120.51268,24.17694],[120.51978,24.16147],[120.52581,24.149],[120.52365,24.13954],[120.53274,24.12628],[120.54963,24.11392],[120.57281,24.10825],[120.5816,24.10948],[120.58851,24.12954],[120.58632,24.13789]]]},"properties":{"shapeName":"Dadu District","shapeID":"52511910B3092467574862","shapeGroup":"TWN","shapeType":"ADM2"}},
{"type":"Feature","geometry":{"type":"Polygon","coordinates":[[[120.3392684,22.5844921],[120.3240219,22.5849978],[120.3228674,22.5964854],[120.338537,22.6055877],[120.3269812,22.6123398],[120.3177423,22.6183351],[120.2966449283629,22.609466356292483],[120.2818115,22.6099815],[120.2976107,22.5842861],[120.3180785279015,22.561172398512152],[120.3371464,22.5740812],[120.3392684,22.5844921]]]},"properties":{"shapeName":"Cianjhen","shapeID":"52511910B4874504546565","shapeGroup":"TWN","shapeType":"ADM2"}},
{"type":"Feature","geometry":{"type":"Polygon","coordinates":[[[121.4853853,25.0392369],[121.4662567,25.0385498],[121.4490148,25.0276975],[121.4300587,24.9952225],[121.425095,24.9894613],[121.428796,24.9720883],[121.439884,24.9875665],[121.4489849,24.9925604],[121.4671385,24.9930038],[121.4695241,25.0058582],[121.4889686,25.0163743],[121.4853853,25.0392369]]]},"properties":{"shapeName":"Banqiao District","shapeID":"52511910B6389603869041","shapeGroup":"TWN","shapeType":"ADM2"}},
{"type":"Feature","geometry":{"type":"Polygon","coordinates":[[[120.1594446,23.0056389],[120.13987106043355,22.997251876002352],[120.1487859,22.9876894],[120.15592931200001,22.98915757900005],[120.1658311516691,22.979067522469794],[120.17672970040434,22.97953069908642],[120.1865896,22.9864009],[120.1867552,22.998958],[120.1747993,22.9993653],[120.1594446,23.0056389]]]},"properties":{"shapeName":"Anping","shapeID":"52511910B44653158831279","shapeGroup":"TWN","shapeType":"ADM2"}},
{"type":"Feature","geometry":{"type":"Polygon","coordinates":[[[120.2558089,23.1079461],[120.2682324,23.1183727],[120.2548912,23.1350258],[120.2416907,23.1307879],[120.2308712,23.1266414],[120.2027614,23.1071833],[120.2030625,23.0999137],[120.1873892,23.0831326],[120.1993808,23.0787471],[120.2022173,23.0677156],[120.2204951,23.0739019],[120.2403991,23.0669906],[120.2479059,23.0780684],[120.2484229,23.099514],[120.2558089,23.1079461]]]},"properties":{"shapeName":"Anding","shapeID":"52511910B27035674370402","shapeGroup":"TWN","shapeType":"ADM2"}},
{"type":"Feature","geometry":{"type":"Polygon","coordinates":[[[120.3148978,22.6959048],[120.2837872,22.7065205],[120.2748766,22.706599],[120.274777,22.6839449],[120.2576754711137,22.668746107496144],[120.2737842,22.6740441],[120.2928191,22.6725343],[120.308753,22.654671],[120.3241626,22.6803264],[120.3148978,22.6959048]]]},"properties":{"shapeName":"Zuoying","shapeID":"52511910B44183742195819","shapeGroup":"TWN","shapeType":"ADM2"}},
{"type":"Feature","geometry":{"type":"Polygon","coordinates":[[[120.2433094,22.7438129],[120.25605,22.71826],[120.2660588,22.729895],[120.2759108,22.7553545],[120.2748097,22.767082],[120.2587071,22.7701591],[120.2506422,22.7638594],[120.2433094,22.7438129]]]},"properties":{"shapeName":"Ziguan","shapeID":"52511910B81270804246754","shapeGroup":"TWN","shapeType":"ADM2"}},
{"type":"Feature","geometry":{"type":"Polygon","coordinates":[[[121.5223493,25.0771215],[121.5189649,25.0484212],[121.5328881,25.0454483],[121.5438104,25.0448821],[121.5443032,25.0669482],[121.5522262,25.0757838],[121.569576,25.075825],[121.5535009,25.0925102],[121.5393459,25.0919886],[121.5223493,25.0771215]]]},"properties":{"shapeName":"Zhongshan District","shapeID":"52511910B2433100174245","shapeGroup":"TWN","shapeType":"ADM2"}},
{"type":"Feature","geometry":{"type":"Polygon","coordinates":[[[121.5319815,25.0085929],[121.5128927,25.0217157],[121.4940735,25.0091626],[121.5125934,25.0043791],[121.5170804,24.9956156],[121.5314246,24.9954542],[121.5319815,25.0085929]]]},"properties":{"shapeName":"Yonghe District","shapeID":"52511910B68559401871490","shapeGroup":"TWN","shapeType":"ADM2"}},
{"type":"Feature","geometry":{"type":"Polygon","coordinates":[[[120.2565425,22.7953819],[120.262798,22.8026279],[120.2532192,22.8181422],[120.2547684,22.8249579],[120.2433264,22.8294496],[120.2363498,22.8399551],[120.2265182,22.8396281],[120.213399,22.8511198],[120.1969273,22.8501195],[120.20945000100005,22.817018],[120.2036639,22.8062197],[120.21495895177108,22.80343587911145],[120.2313806,22.8023711],[120.2400539,22.7965655],[120.2565425,22.7953819]]]},"properties":{"shapeName":"Yong'an","shapeID":"52511910B94409074074623","shapeGroup":"TWN","shapeType":"ADM2"}},
{"type":"Feature","geometry":{"type":"Polygon","coordinates":[[[121.3297966,24.9790579],[121.3240136,24.9710487],[121.3296169,24.9668473],[121.3279557,24.949098],[121.3157499,24.9384907],[121.3239175,24.9285125],[121.3398442,24.9285211],[121.3613205,24.9453124],[121.3661457,24.9547805],[121.3786538,24.9609383],[121.3687054,24.9768572],[121.3421313,24.9810587],[121.3297966,24.9790579]]]},"properties":{"shapeName":"Yingge District","shapeID":"52511910B16992601244944","shapeGroup":"TWN","shapeType":"ADM2"}},
{"type":"Feature","geometry":{"type":"Polygon","coordinates":[[[120.2197654,23.2320015],[120.2320748,23.241773],[120.2284602,23.2472784],[120.2211046,23.2632319],[120.2018489,23.2610596],[120.1917675,23.2660961],[120.2106739,23.2774171],[120.2123374,23.2916683],[120.2042293,23.2919334],[120.1910247,23.3006697],[120.1840713,23.2902885],[120.1831449,23.2817419],[120.1666968,23.2777617],[120.156568,23.2887961],[120.1497605,23.2751226],[120.1478728,23.2603621],[120.1397744,23.2502516],[120.1359825,23.2292034],[120.1605179,23.2380807],[120.1748779,23.2232415],[120.1771961,23.2133424],[120.192002,23.2096926],[120.2076461,23.2144088],[120.2197654,23.2320015]]]},"properties":{"shapeName":"Xuejia","shapeID":"52511910B13500089926277","shapeGroup":"TWN","shapeType":"ADM2"}},
{"type":"Feature","geometry":{"type":"Polygon","coordinates":[[[121.4122094,25.0194295],[121.4233964,25.0166965],[121.4321267,25.0034723],[121.4300587,24.9952225],[121.4490148,25.0276975],[121.4662567,25.0385498],[121.4686968,25.053058],[121.4656563,25.0656488],[121.4593424,25.068878],[121.4480857,25.0625994],[121.4387894,25.0550137],[121.4419997,25.0477012],[121.4209603,25.0289149],[121.4087298,25.0443537],[121.4030259,25.0455222],[121.3982364,25.0300797],[121.4122094,25.0194295]]]},"properties":{"shapeName":"Xinzhuang District","shapeID":"52511910B29325635095698","shapeGroup":"TWN","shapeType":"ADM2"}},
{"type":"Feature","geometry":{"type":"Polygon","coordinates":[[[121.1515626,24.9651695],[121.1348085,24.9716265],[121.1268993,24.9918764],[121.0994443,24.9964617],[121.0787401,25.0071902],[121.0688927,25.0019281],[121.0536701,25.0146324],[121.0350999,25.0168083],[121.0281956,25.0092547],[121.0163628,24.9908071],[121.01402335400007,24.97252155600006],[120.9858116,24.9396726],[120.99039,24.9356],[121.00707,24.946],[121.0255578,24.9404764],[121.03854,24.94619],[121.0462122,24.9423852],[121.0583444,24.9366884],[121.0704827,24.9391519],[121.0895471,24.9564582],[121.1002869,24.9538592],[121.1072671,24.9457484],[121.1256879,24.9526736],[121.1477885,24.9464523],[121.1583349,24.9566005],[121.166035,24.9580434],[121.1515626,24.9651695]]]},"properties":{"shapeName":"Xinwu District","shapeID":"52511910B75183314272458","shapeGroup":"TWN","shapeType":"ADM2"}},
{"type":"Feature","geometry":{"type":"Polygon","coordinates":[[[120.2140696,23.1601213],[120.2052139,23.1631939],[120.1925589,23.1598747],[120.1960126,23.1514663],[120.18012,23.1368043],[120.1740079,23.1365301],[120.1713451,23.1215657],[120.1780812,23.1110662],[120.1727363,23.083645],[120.1873892,23.0831326],[120.2030625,23.0999137],[120.2027614,23.1071833],[120.2308712,23.1266414],[120.2416907,23.1307879],[120.2140696,23.1601213]]]},"properties":{"shapeName":"Xigang","shapeID":"52511910B54492038659997","shapeGroup":"TWN","shapeType":"ADM2"}},
{"type":"Feature","geometry":{"type":"MultiPolygon","coordinates":[[[[120.52487607219722,24.27739657053317],[120.51693800100009,24.277408001000026],[120.501269,24.241002001000027],[120.5028749375593,24.232156336408238],[120.51283,24.22593],[120.5465948,24.2182832],[120.54864,24.23039],[120.55931,24.24389],[120.56281,24.25786],[120.54407,24.26167],[120.52487607219722,24.27739657053317]]],[[[120.48364887270296,24.236452948017455],[120.49064490100011,24.25213879900008],[120.49834740100005,24.24948340000003],[120.50797640000008,24.27126020000003],[120.4946999,24.2698227],[120.48251,24.23681],[120.48364887270296,24.236452948017455]]]]},"properties":{"shapeName":"Wuqi District","shapeID":"52511910B49492134849249","shapeGroup":"TWN","shapeType":"ADM2"}},
{"type":"Feature","geometry":{"type":"Polygon","coordinates":[[[120.66982,24.20365],[120.69696,24.20303],[120.69398,24.1929],[120.70117,24.18709],[120.73754,24.19616],[120.73876,24.20207],[120.75367,24.21927],[120.73775,24.22483],[120.72721,24.21927],[120.7208,24.22846],[120.70745,24.23635],[120.69705,24.23157],[120.68136,24.23211],[120.67308,24.21857],[120.6766,24.21121],[120.66982,24.20365]]]},"properties":{"shapeName":"Tanzi District","shapeID":"52511910B80553421723016","shapeGroup":"TWN","shapeType":"ADM2"}},
{"type":"Feature","geometry":{"type":"Polygon","coordinates":[[[120.4300304,23.2006989],[120.4507181,23.1987517],[120.4580747,23.1922725],[120.4686992,23.213362],[120.4771143,23.2229958],[120.4235528,23.2418096],[120.3981197,23.2305398],[120.3756564,23.2400776],[120.3621906,23.2367073],[120.3525016,23.2427142],[120.3513318,23.2521122],[120.3356183,23.2631299],[120.3192978,23.2635073],[120.3149966,23.2590713],[120.2993265,23.262501],[120.296945,23.246922],[120.2856876,23.2317067],[120.2929842,23.2232147],[120.3131021,23.2283752],[120.32755,23.2284797],[120.3411418,23.2229325],[120.3428417,23.2144423],[120.3703698,23.2102994],[120.3819798,23.1963787],[120.3928656,23.2064616],[120.4172067,23.2047748],[120.4300304,23.2006989]]]},"properties":{"shapeName":"Liujia","shapeID":"52511910B9639721186799","shapeGroup":"TWN","shapeType":"ADM2"}},
{"type":"Feature","geometry":{"type":"Polygon","coordinates":[[[120.3405233,23.0835305],[120.3583941,23.0715673],[120.3705238,23.0791184],[120.3982822,23.079674],[120.4063543,23.08691],[120.4182734,23.104462],[120.4026251,23.1156441],[120.3998811,23.1089937],[120.3847954,23.1026081],[120.3676547,23.1006571],[120.345026,23.1201101],[120.3393065,23.1373984],[120.3311053,23.1185885],[120.3328961,23.1065802],[120.3424903,23.0906022],[120.3405233,23.0835305]]]},"properties":{"shapeName":"Shanshang","shapeID":"52511910B49735999236113","shapeGroup":"TWN","shapeType":"ADM2"}},
{"type":"Feature","geometry":{"type":"Polygon","coordinates":[[[120.67374,24.14327],[120.68578,24.14316],[120.6926378,24.1527982],[120.70037,24.151],[120.70432,24.15943],[120.68863,24.16228],[120.67951,24.1729],[120.66705,24.17316],[120.6633626,24.1631926],[120.67374,24.14327]]]},"properties":{"shapeName":"North District","shapeID":"52511910B62562257240113","shapeGroup":"TWN","shapeType":"ADM2"}},
{"type":"Feature","geometry":{"type":"Polygon","coordinates":[[[120.2929842,23.2232147],[120.2856876,23.2317067],[120.296945,23.246922],[120.2993265,23.262501],[120.2797306,23.2620747],[120.2632705,23.2541352],[120.2429573,23.2443122],[120.2284602,23.2472784],[120.2320748,23.241773],[120.2197654,23.2320015],[120.233397,23.2236706],[120.2367026,23.215571],[120.2571215,23.2008254],[120.2899379,23.2022438],[120.2879223,23.2108002],[120.2929842,23.2232147]]]},"properties":{"shapeName":"Siaying","shapeID":"52511910B67622492960002","shapeGroup":"TWN","shapeType":"ADM2"}},
{"type":"Feature","geometry":{"type":"Polygon","coordinates":[[[120.2469599,23.0655995],[120.2411483,23.0520096],[120.2253696,23.0421211],[120.2200028,23.0292662],[120.2093662,23.0229674],[120.2221177,23.019417],[120.2329586,22.998617],[120.2478364,22.990669],[120.2672205,22.9965368],[120.2734366,22.9937062],[120.27497,23.0110403],[120.2925049,23.0157836],[120.283954,23.0197555],[120.2888016,23.0332342],[120.2868142,23.047537],[120.2778667,23.056414],[120.2469599,23.0655995]]]},"properties":{"shapeName":"Yongkang","shapeID":"52511910B38482668702502","shapeGroup":"TWN","shapeType":"ADM2"}},
{"type":"Feature","geometry":{"type":"Polygon","coordinates":[[[120.2971078,22.6360043],[120.3021267,22.6199846],[120.3120375,22.6232833],[120.3168135,22.6342613],[120.2971078,22.6360043]]]},"properties":{"shapeName":"Xinxing","shapeID":"52511910B42739382471676","shapeGroup":"TWN","shapeType":"ADM2"}},
{"type":"Feature","geometry":{"type":"Polygon","coordinates":[[[120.6633626,24.1631926],[120.66705,24.17316],[120.65814,24.17741],[120.65746,24.18657],[120.66447,24.20157],[120.6516,24.20981],[120.63572,24.20391],[120.59632,24.21415],[120.5878,24.19265],[120.59787,24.18943],[120.58375,24.17426],[120.5837051,24.1680953],[120.5986285,24.1628289],[120.6046448,24.1655126],[120.62548,24.1543],[120.6538603,24.1557464],[120.6633626,24.1631926]]]},"properties":{"shapeName":"Xitun District","shapeID":"52511910B1114695065436","shapeGroup":"TWN","shapeType":"ADM2"}},
{"type":"Feature","geometry":{"type":"Polygon","coordinates":[[[121.4030259,25.0455222],[121.4087298,25.0443537],[121.4209603,25.0289149],[121.4419997,25.0477012],[121.4387894,25.0550137],[121.4480857,25.0625994],[121.4303646,25.0691264],[121.4197039,25.068965],[121.408278,25.0758586],[121.3999958,25.0653898],[121.3839354,25.0715655],[121.380104,25.0651508],[121.4030259,25.0455222]]]},"properties":{"shapeName":"Taishan District","shapeID":"52511910B75402986028359","shapeGroup":"TWN","shapeType":"ADM2"}},
{"type":"Feature","geometry":{"type":"Polygon","coordinates":[[[121.3022369,25.0332707],[121.2835904,25.0320247],[121.2717236,25.0222408],[121.279388,25.0023662],[121.2746475,24.9907171],[121.259762,24.9870616],[121.2635496,24.9732501],[121.2810399,24.9752551],[121.2885025,24.9650201],[121.2965428,24.9766214],[121.3240136,24.9710487],[121.3297966,24.9790579],[121.3210594,24.9876563],[121.3323356,25.0105109],[121.3247613,25.0263421],[121.3022369,25.0332707]]]},"properties":{"shapeName":"Taoyuan District","shapeID":"52511910B36399926613491","shapeGroup":"TWN","shapeType":"ADM2"}},
{"type":"Feature","geometry":{"type":"Polygon","coordinates":[[[120.3441504,22.8420604],[120.3508375,22.8253571],[120.3734271,22.8255717],[120.3967299,22.8139833],[120.4090767,22.8157449],[120.4180475,22.8084499],[120.4329658,22.8313552],[120.4489419,22.8485365],[120.4430762,22.8610144],[120.4483169,22.874374],[120.443168,22.8853424],[120.4304775,22.8879633],[120.4218589,22.9032302],[120.4087219,22.912329],[120.3922796,22.9222752],[120.3775625,22.9181931],[120.3717306,22.9107874],[120.3510989,22.888187],[120.3577483,22.8710389],[120.3445683,22.8512528],[120.3441504,22.8420604]]]},"properties":{"shapeName":"Tianliao","shapeID":"52511910B51671938708352","shapeGroup":"TWN","shapeType":"ADM2"}},
{"type":"Feature","geometry":{"type":"Polygon","coordinates":[[[120.56281,24.25786],[120.58203,24.26537],[120.60315,24.26736],[120.60982,24.26303],[120.63317,24.25927],[120.64128,24.265],[120.64696,24.27665],[120.63619,24.28438],[120.64619,24.29929],[120.62351,24.31465],[120.60905,24.31577],[120.59519,24.31515],[120.5866,24.32343],[120.58025,24.33171],[120.57005970021876,24.332125930590983],[120.56664192400001,24.324113693000072],[120.55367862000003,24.32672158300005],[120.548139235,24.30598410400006],[120.52759496800002,24.313593621000052],[120.51740691000009,24.294625350000047],[120.52487607219722,24.27739657053317],[120.54407,24.26167],[120.56281,24.25786]]]},"properties":{"shapeName":"Qingshui District","shapeID":"52511910B27876515321702","shapeGroup":"TWN","shapeType":"ADM2"}},
{"type":"Feature","geometry":{"type":"Polygon","coordinates":[[[121.2431055,24.8087107],[121.243299,24.8087328],[121.2797358,24.8169908],[121.2954576,24.8097725],[121.304812,24.8099941],[121.3165242,24.8034767],[121.3200673,24.8174437],[121.3308179,24.825455],[121.3357934,24.84479],[121.3525963,24.8490516],[121.3567028,24.8544317],[121.3459021,24.8681973],[121.3544255,24.8732763],[121.3445751,24.8860296],[121.3213954,24.8998666],[121.3261622,24.9071302],[121.3175362,24.9163593],[121.3247171,24.9234519],[121.3398442,24.9285211],[121.3239175,24.9285125],[121.3157499,24.9384907],[121.298366,24.9241887],[121.2779531,24.9200443],[121.2727033,24.9280456],[121.253059,24.9088764],[121.2492694,24.8858886],[121.2479723,24.8582904],[121.258738,24.8647001],[121.2677337,24.8489165],[121.2437755,24.8139652],[121.2431055,24.8087107]]]},"properties":{"shapeName":"Daxi District","shapeID":"52511910B95362195406961","shapeGroup":"TWN","shapeType":"ADM2"}},
{"type":"Feature","geometry":{"type":"Polygon","coordinates":[[[120.1359825,23.2292034],[120.1397744,23.2502516],[120.1478728,23.2603621],[120.1497605,23.2751226],[120.156568,23.2887961],[120.1666968,23.2777617],[120.1831449,23.2817419],[120.1840713,23.2902885],[120.175675,23.2944225],[120.162645,23.3099779],[120.12657552355019,23.333964454851966],[120.11677795800006,23.322713219000036],[120.1067842220001,23.301754927000047],[120.09697275509426,23.289442890098545],[120.0968142800001,23.27348217100007],[120.1029449,23.2685234],[120.1082305,23.2520135],[120.1002061,23.2459632],[120.0958731,23.2286703],[120.10604849165634,23.22542266660428],[120.1359825,23.2292034]]]},"properties":{"shapeName":"Beimen","shapeID":"52511910B93975188491166","shapeGroup":"TWN","shapeType":"ADM2"}},
{"type":"Feature","geometry":{"type":"Polygon","coordinates":[[[120.76826,24.21694],[120.75367,24.21927],[120.73876,24.20207],[120.73754,24.19616],[120.70117,24.18709],[120.69398,24.1929],[120.69696,24.20303],[120.66982,24.20365],[120.66447,24.20157],[120.65746,24.18657],[120.65814,24.17741],[120.66705,24.17316],[120.67951,24.1729],[120.68863,24.16228],[120.70432,24.15943],[120.71151,24.1611],[120.731331,24.1571316],[120.74953,24.16203],[120.75537,24.15793],[120.77193,24.16203],[120.7756,24.16846],[120.79418,24.16582],[120.80262,24.16943],[120.79745,24.18374],[120.80092,24.19702],[120.79599,24.20421],[120.76826,24.21694]]]},"properties":{"shapeName":"Beitun District","shapeID":"52511910B1854707671717","shapeGroup":"TWN","shapeType":"ADM2"}},
{"type":"Feature","geometry":{"type":"Polygon","coordinates":[[[121.4883579,24.8622469],[121.4972308,24.8483761],[121.494473,24.8363284],[121.4814146,24.8255846],[121.4839076,24.8182862],[121.4622743,24.8056821],[121.4503269,24.7909412],[121.4457937,24.7816479],[121.4232432,24.7626097],[121.4353442,24.7330115],[121.4500358,24.7058725],[121.4697586,24.6961369],[121.4798532,24.6737758],[121.492586,24.6731646],[121.5116315,24.6842722],[121.5238298,24.6832836],[121.5362884,24.6882729],[121.5432514,24.7056662],[121.5619542,24.7126573],[121.5755477,24.7109347],[121.5870141,24.720073],[121.5942613,24.729215],[121.5960867,24.7481749],[121.5906587,24.7611474],[121.5975504,24.7725501],[121.5934713,24.7872636],[121.6094569,24.7936316],[121.6234768,24.7943555],[121.6304005,24.8090346],[121.6472922,24.8139337],[121.6603573,24.811091],[121.6893187,24.8172786],[121.6876263,24.8243993],[121.7074334,24.8388676],[121.6880534,24.8497205],[121.6696003,24.8480604],[121.6556596,24.8505463],[121.6446452,24.8608455],[121.6360052,24.8577984],[121.5920415,24.8665222],[121.5757792,24.8750877],[121.5644907,24.8770535],[121.5640374,24.8869879],[121.5403961,24.8936698],[121.5261616,24.8836539],[121.5073282,24.8765756],[121.4883579,24.8622469]]]},"properties":{"shapeName":"Wulai District","shapeID":"52511910B1435450581762","shapeGroup":"TWN","shapeType":"ADM2"}},
{"type":"Feature","geometry":{"type":"Polygon","coordinates":[[[120.4771143,23.2229958],[120.4936987,23.2203051],[120.5035273,23.2300447],[120.5193499,23.2394367],[120.5320386,23.255425],[120.5204504,23.2717154],[120.5219698,23.2873328],[120.5025999,23.2977028],[120.4869043,23.2941676],[120.4710868,23.2965129],[120.4472944,23.3061014],[120.4314023,23.3205777],[120.4160596,23.3272097],[120.4151279,23.3323203],[120.3919268,23.3401572],[120.3688503,23.3187597],[120.360842,23.325095],[120.3535282,23.3147912],[120.3297667,23.3059382],[120.3394577,23.2959978],[120.3499125,23.3042516],[120.37117,23.2921344],[120.3874448,23.2897668],[120.3943001,23.2801602],[120.3892745,23.2738858],[120.3955143,23.2631193],[120.410019,23.2637675],[120.4232912,23.2532203],[120.4235528,23.2418096],[120.4771143,23.2229958]]]},"properties":{"shapeName":"Dongshan","shapeID":"52511910B26605642536320","shapeGroup":"TWN","shapeType":"ADM2"}},
{"type":"Feature","geometry":{"type":"Polygon","coordinates":[[[120.2778667,23.056414],[120.2868142,23.047537],[120.2888016,23.0332342],[120.283954,23.0197555],[120.2925049,23.0157836],[120.2957788,23.0138077],[120.3287148,23.0098453],[120.3347227,22.9942343],[120.3486762,22.9926014],[120.3530127,23.0003644],[120.3842261,23.0083471],[120.3927247,23.0076311],[120.3889306,23.0199644],[120.3753445,23.0205923],[120.378644,23.0346834],[120.376642,23.0456738],[120.3583941,23.0715673],[120.3405233,23.0835305],[120.3309289,23.0616569],[120.3018379,23.0552617],[120.2778667,23.056414]]]},"properties":{"shapeName":"Sinhua","shapeID":"52511910B47006759189229","shapeGroup":"TWN","shapeType":"ADM2"}},
{"type":"Feature","geometry":{"type":"Polygon","coordinates":[[[121.5318528,24.9906672],[121.5314246,24.9954542],[121.5170804,24.9956156],[121.5125934,25.0043791],[121.4940735,25.0091626],[121.4889686,25.0163743],[121.4695241,25.0058582],[121.4671385,24.9930038],[121.4790884,24.9777171],[121.4797972,24.9639204],[121.501842,24.969822],[121.5160316,24.9872607],[121.5318528,24.9906672]]]},"properties":{"shapeName":"Zhonghe District","shapeID":"52511910B21407702399528","shapeGroup":"TWN","shapeType":"ADM2"}},
{"type":"Feature","geometry":{"type":"Polygon","coordinates":[[[121.5757792,24.8750877],[121.5920415,24.8665222],[121.6360052,24.8577984],[121.6446452,24.8608455],[121.6530678,24.8703539],[121.6497855,24.8812513],[121.6505162,24.8970279],[121.6661196,24.9084756],[121.6633304,24.9154483],[121.6762638,24.9230285],[121.6671092,24.9397469],[121.6668815,24.9524274],[121.6805572,24.9545362],[121.688826,24.9635409],[121.6991168,24.9649612],[121.7181764,24.9749139],[121.7268508,24.9892101],[121.7010439,25.0232316],[121.7031718,25.0319821],[121.6956543,25.0407933],[121.6843132,25.0401447],[121.6658902,25.0298365],[121.6639991,25.0232816],[121.6405049,25.0234501],[121.6403353,25.0027703],[121.6365112,24.9935532],[121.6391482,24.9806915],[121.6198307,24.9692141],[121.6092556,24.9639652],[121.6070419,24.9471261],[121.6011434,24.9470881],[121.5899535,24.9145774],[121.5674341,24.9034922],[121.5788431,24.8956681],[121.5757792,24.8750877]]]},"properties":{"shapeName":"Shiding District","shapeID":"52511910B62556379472396","shapeGroup":"TWN","shapeType":"ADM2"}},
{"type":"Feature","geometry":{"type":"Polygon","coordinates":[[[120.528051,22.921461],[120.526947,22.916238],[120.5056746,22.9012236],[120.5077534,22.8870677],[120.5036468,22.8746454],[120.4953003,22.8650543],[120.5174891,22.8623913],[120.5185634,22.8451922],[120.505284,22.8314323],[120.5234909,22.8328472],[120.5532393,22.8283788],[120.5667074,22.8383239],[120.5703362,22.8439628],[120.5952153,22.8635931],[120.5923007,22.8740632],[120.5974322,22.889102],[120.6032687,22.9217316],[120.6160961,22.9231088],[120.621234,22.939758],[120.6263113,22.9442495],[120.6278769,22.9728507],[120.6236801,22.9779327],[120.6095881,22.9793205],[120.5908333,22.974824],[120.5744308,22.9605534],[120.5742878,22.9446171],[120.5655097,22.9399075],[120.5559819,22.9422993],[120.528051,22.921461]]]},"properties":{"shapeName":"Meinong","shapeID":"52511910B30715783231624","shapeGroup":"TWN","shapeType":"ADM2"}},
{"type":"Feature","geometry":{"type":"Polygon","coordinates":[[[120.74824,24.28064],[120.71271,24.28365],[120.70483,24.25603],[120.69576,24.23992],[120.69705,24.23157],[120.70745,24.23635],[120.7208,24.22846],[120.72721,24.21927],[120.73775,24.22483],[120.75367,24.21927],[120.76826,24.21694],[120.77479,24.24316],[120.76719,24.25217],[120.76981,24.26446],[120.76041,24.28066],[120.74824,24.28064]]]},"properties":{"shapeName":"Fengyuan District","shapeID":"52511910B89393531563013","shapeGroup":"TWN","shapeType":"ADM2"}},
{"type":"Feature","geometry":{"type":"Polygon","coordinates":[[[121.5577581,25.0450666],[121.5438104,25.0448821],[121.5328881,25.0454483],[121.5326762,25.0336233],[121.5217225,25.0280757],[121.5372166,25.0109689],[121.5445745,25.0078379],[121.5582713,25.012161],[121.5658788,25.0081697],[121.5526798,25.0245314],[121.5573893,25.0294376],[121.5577581,25.0450666]]]},"properties":{"shapeName":"Da'an District","shapeID":"52511910B72557613719767","shapeGroup":"TWN","shapeType":"ADM2"}},
{"type":"Feature","geometry":{"type":"Polygon","coordinates":[[[121.243299,24.8087328],[121.2510421,24.7945162],[121.2612218,24.7902277],[121.2598423,24.7820792],[121.2772309,24.7709611],[121.293074,24.7652882],[121.3077225,24.7551566],[121.2980846,24.7333055],[121.3075903,24.720286],[121.2995652,24.6967772],[121.3178188,24.698113],[121.3296213,24.6911035],[121.33892,24.67906],[121.3403167,24.6663274],[121.3537031,24.664919],[121.3524428,24.643373],[121.3653757,24.6283245],[121.358786,24.6167059],[121.363294,24.6031381],[121.372736,24.5937726],[121.3913699,24.5864591],[121.4030301,24.5917101],[121.4134155,24.6033955],[121.4278617,24.6062415],[121.4359053,24.6270879],[121.4513438,24.6509531],[121.4477302,24.6583419],[121.4596893,24.6732558],[121.4798532,24.6737758],[121.4697586,24.6961369],[121.4500358,24.7058725],[121.4353442,24.7330115],[121.4232432,24.7626097],[121.4457937,24.7816479],[121.4503269,24.7909412],[121.4384482,24.795127],[121.4363671,24.8122097],[121.4297308,24.8150698],[121.4155762,24.8352661],[121.4027063,24.8435193],[121.3937,24.84402],[121.3726653,24.8350407],[121.3467506,24.8459097],[121.3357934,24.84479],[121.3308179,24.825455],[121.3200673,24.8174437],[121.3165242,24.8034767],[121.304812,24.8099941],[121.2954576,24.8097725],[121.2797358,24.8169908],[121.243299,24.8087328]]]},"properties":{"shapeName":"Fuxing District","shapeID":"52511910B10215199478646","shapeGroup":"TWN","shapeType":"ADM2"}},
{"type":"Feature","geometry":{"type":"Polygon","coordinates":[[[121.1769289,24.9592656],[121.178874,24.9485776],[121.1886775,24.9285305],[121.1883407,24.907605],[121.1846934,24.8899708],[121.1955778,24.8878032],[121.2194359,24.8937606],[121.2295397,24.8934362],[121.2492694,24.8858886],[121.253059,24.9088764],[121.2518171,24.9216166],[121.2581763,24.9306445],[121.2452012,24.9253862],[121.2290613,24.9315224],[121.2213667,24.9516601],[121.2076975,24.957418],[121.1946501,24.9571997],[121.1911779,24.9698866],[121.1790317,24.9688284],[121.1769289,24.9592656]]]},"properties":{"shapeName":"Pingzhen District","shapeID":"52511910B6162382764157","shapeGroup":"TWN","shapeType":"ADM2"}},
{"type":"Feature","geometry":{"type":"Polygon","coordinates":[[[120.2797306,23.2620747],[120.2820924,23.2741289],[120.2911791,23.2774663],[120.2940489,23.2939125],[120.32193,23.2961327],[120.3297667,23.3059382],[120.3535282,23.3147912],[120.3413,23.3229071],[120.3143353,23.3354336],[120.3073492,23.3334127],[120.2966298,23.3413467],[120.2930146,23.3247575],[120.2760276,23.3121788],[120.2764332,23.3029807],[120.2547774,23.2847801],[120.2557559,23.2565298],[120.2632705,23.2541352],[120.2797306,23.2620747]]]},"properties":{"shapeName":"Xiaying","shapeID":"52511910B15727969780764","shapeGroup":"TWN","shapeType":"ADM2"}},
{"type":"Feature","geometry":{"type":"Polygon","coordinates":[[[120.5272393,23.1162356],[120.5078712,23.1250662],[120.4879276,23.1237579],[120.4824444,23.1427004],[120.4740061,23.1396876],[120.4749527,23.1615488],[120.463919,23.174633],[120.4569572,23.189856],[120.4430455,23.1642182],[120.4337858,23.1540043],[120.4312437,23.1371334],[120.4355039,23.1211522],[120.4182734,23.104462],[120.4063543,23.08691],[120.4149073,23.0699749],[120.435523,23.0633911],[120.4430591,23.0669987],[120.4426572,23.0767004],[120.4526171,23.0784563],[120.4793226,23.0730592],[120.4777283,23.0829912],[120.5116516,23.0917468],[120.5272393,23.1162356]]]},"properties":{"shapeName":"Yujing","shapeID":"52511910B65003852157868","shapeGroup":"TWN","shapeType":"ADM2"}},
{"type":"Feature","geometry":{"type":"Polygon","coordinates":[[[121.5372166,25.0109689],[121.5217225,25.0280757],[121.5326762,25.0336233],[121.5328881,25.0454483],[121.5189649,25.0484212],[121.5103203,25.0479738],[121.5041343,25.0299451],[121.5128927,25.0217157],[121.5319815,25.0085929],[121.5372166,25.0109689]]]},"properties":{"shapeName":"Zhongzheng District","shapeID":"52511910B97228601381981","shapeGroup":"TWN","shapeType":"ADM2"}},
{"type":"Feature","geometry":{"type":"Polygon","coordinates":[[[120.3375357,22.7210867],[120.335529,22.7275448],[120.3407422,22.7437649],[120.3361329,22.748978],[120.3311162,22.7550541],[120.3101779,22.7298158],[120.300942,22.7290443],[120.2895813,22.7366937],[120.2775765,22.7378948],[120.2660588,22.729895],[120.25605,22.71826],[120.2613026,22.70234],[120.2748766,22.706599],[120.2837872,22.7065205],[120.3148978,22.6959048],[120.3375357,22.7210867]]]},"properties":{"shapeName":"Nanzi","shapeID":"52511910B91354507826004","shapeGroup":"TWN","shapeType":"ADM2"}},
{"type":"Feature","geometry":{"type":"Polygon","coordinates":[[[121.4627462,25.1034323],[121.4546345,25.0885254],[121.4562662,25.0817958],[121.470972,25.0734796],[121.4752691,25.0732231],[121.4912918,25.09493],[121.4813076,25.1007561],[121.4627462,25.1034323]]]},"properties":{"shapeName":"Luzhou District","shapeID":"52511910B86675185737242","shapeGroup":"TWN","shapeType":"ADM2"}},
{"type":"Feature","geometry":{"type":"Polygon","coordinates":[[[120.3454441,23.1514503],[120.3473366,23.1424378],[120.3393065,23.1373984],[120.345026,23.1201101],[120.3676547,23.1006571],[120.3847954,23.1026081],[120.3998811,23.1089937],[120.4026251,23.1156441],[120.4182734,23.104462],[120.4355039,23.1211522],[120.4312437,23.1371334],[120.4337858,23.1540043],[120.4430455,23.1642182],[120.4569572,23.189856],[120.4580747,23.1922725],[120.4507181,23.1987517],[120.4300304,23.2006989],[120.4148387,23.1783858],[120.3980429,23.1738735],[120.3914836,23.16335],[120.3719493,23.1652331],[120.3532322,23.1516689],[120.3454441,23.1514503]]]},"properties":{"shapeName":"Danei","shapeID":"52511910B21548483035565","shapeGroup":"TWN","shapeType":"ADM2"}},
{"type":"Feature","geometry":{"type":"Polygon","coordinates":[[[121.504698,25.0779064],[121.5070048,25.0718657],[121.5049035,25.0496993],[121.5103203,25.0479738],[121.5189649,25.0484212],[121.5223493,25.0771215],[121.504698,25.0779064]]]},"properties":{"shapeName":"Datong District","shapeID":"52511910B40907976300093","shapeGroup":"TWN","shapeType":"ADM2"}},
{"type":"Feature","geometry":{"type":"Polygon","coordinates":[[[120.2748097,22.767082],[120.2759108,22.7553545],[120.2660588,22.729895],[120.2775765,22.7378948],[120.2895813,22.7366937],[120.300942,22.7290443],[120.3101779,22.7298158],[120.3311162,22.7550541],[120.3362883,22.756796],[120.32975,22.7746187],[120.3148708,22.7708216],[120.3002299,22.7776988],[120.2824989,22.7670437],[120.2748097,22.767082]]]},"properties":{"shapeName":"Ciaotou","shapeID":"52511910B77588417233313","shapeGroup":"TWN","shapeType":"ADM2"}},
{"type":"Feature","geometry":{"type":"Polygon","coordinates":[[[121.573577,25.1938637],[121.5643332,25.1964498],[121.5592761,25.2102046],[121.5520536,25.1972995],[121.5406049,25.1871602],[121.5217586,25.1790853],[121.5202592,25.1698995],[121.5026493,25.1729638],[121.4639801,25.1306306],[121.4589427,25.1226513],[121.4622976,25.1159833],[121.4706081,25.1105789],[121.4902221,25.1152809],[121.4965235,25.1103972],[121.4977255,25.0981299],[121.5171599,25.0994006],[121.5314905,25.1371373],[121.5484113,25.1442719],[121.5608874,25.1744875],[121.573577,25.1938637]]]},"properties":{"shapeName":"Beitou","shapeID":"52511910B98030585757527","shapeGroup":"TWN","shapeType":"ADM2"}},
{"type":"Feature","geometry":{"type":"Polygon","coordinates":[[[120.3925163,22.5373806],[120.4136623,22.5324913],[120.4274952,22.5342756],[120.4407571,22.5575935],[120.4470382,22.5859968],[120.4459895,22.5982293],[120.4346363,22.6134158],[120.4353031,22.6287783],[120.4360832,22.6516525],[120.4160156,22.6429951],[120.4004781,22.6436215],[120.3777727,22.6377892],[120.3820941,22.6297656],[120.3798047,22.6169073],[120.368523,22.5940008],[120.3702804,22.5878699],[120.3791789,22.5827241],[120.39135,22.5650107],[120.3987739,22.5488844],[120.3925163,22.5373806]]]},"properties":{"shapeName":"Daliao","shapeID":"52511910B14985671444346","shapeGroup":"TWN","shapeType":"ADM2"}},
{"type":"Feature","geometry":{"type":"Polygon","coordinates":[[[120.5219698,23.2873328],[120.5260556,23.2924619],[120.5225243,23.3117578],[120.5399771,23.3279095],[120.5337213,23.3364743],[120.5036568,23.3512788],[120.5124231,23.3598124],[120.5044852,23.3690453],[120.4915084,23.3724643],[120.4845729,23.379657],[120.4992213,23.3878753],[120.495159,23.3932045],[120.479443,23.3875858],[120.4733492,23.3981208],[120.4414886,23.413159],[120.4235358,23.406426],[120.4046803,23.4102563],[120.386867,23.4047649],[120.3875952,23.391057],[120.400135,23.3887764],[120.4050711,23.3808599],[120.4050594,23.3684367],[120.3851433,23.3627806],[120.3872823,23.3455225],[120.3919268,23.3401572],[120.4151279,23.3323203],[120.4160596,23.3272097],[120.4314023,23.3205777],[120.4472944,23.3061014],[120.4710868,23.2965129],[120.4869043,23.2941676],[120.5025999,23.2977028],[120.5219698,23.2873328]]]},"properties":{"shapeName":"Baihe","shapeID":"52511910B83755823779571","shapeGroup":"TWN","shapeType":"ADM2"}},
{"type":"Feature","geometry":{"type":"Polygon","coordinates":[[[120.58375,24.17426],[120.59787,24.18943],[120.5878,24.19265],[120.56605,24.19606],[120.5465948,24.2182832],[120.51283,24.22593],[120.5028749375593,24.232156336408238],[120.49690348890968,24.237692386957754],[120.4932392002929,24.239035710686924],[120.49199539102739,24.239478973749726],[120.48986473616867,24.234504190822793],[120.48364887270296,24.236452948017455],[120.48251,24.23681],[120.46835928085426,24.21278599950626],[120.48699068830189,24.20583808062567],[120.492866,24.199964],[120.51481334300001,24.19099202800004],[120.51127506519754,24.18021074768827],[120.51268,24.17694],[120.52586,24.1766],[120.54195,24.17063],[120.57057,24.17634],[120.58375,24.17426]]]},"properties":{"shapeName":"Longjing District","shapeID":"52511910B23437445078556","shapeGroup":"TWN","shapeType":"ADM2"}},
{"type":"Feature","geometry":{"type":"Polygon","coordinates":[[[120.68136,24.23211],[120.67518,24.24309],[120.65304,24.25131],[120.64407,24.24316],[120.63317,24.25927],[120.62561,24.25339],[120.61709,24.23558],[120.60587,24.23921],[120.59632,24.21415],[120.63572,24.20391],[120.6516,24.20981],[120.66447,24.20157],[120.66982,24.20365],[120.6766,24.21121],[120.67308,24.21857],[120.68136,24.23211]]]},"properties":{"shapeName":"Daya District","shapeID":"52511910B79351211043156","shapeGroup":"TWN","shapeType":"ADM2"}},
{"type":"Feature","geometry":{"type":"Polygon","coordinates":[[[120.3165091,22.8983895],[120.3222767,22.9050125],[120.3212781,22.9226891],[120.3266156,22.9431524],[120.3147938,22.9588697],[120.3149889,22.9682077],[120.3037095,22.9800043],[120.2974635,22.9798058],[120.299615,23.0000377],[120.2957788,23.0138077],[120.2925049,23.0157836],[120.27497,23.0110403],[120.2734366,22.9937062],[120.2696764,22.9434295],[120.2614986,22.9160223],[120.269856,22.896673],[120.2781636,22.8961177],[120.2845223,22.9047034],[120.3165091,22.8983895]]]},"properties":{"shapeName":"Guiren","shapeID":"52511910B83187520966287","shapeGroup":"TWN","shapeType":"ADM2"}},
{"type":"Feature","geometry":{"type":"Polygon","coordinates":[[[120.2902,22.6207125],[120.3021267,22.6199846],[120.2971078,22.6360043],[120.285951,22.6317235],[120.2902,22.6207125]]]},"properties":{"shapeName":"Qianjin","shapeID":"52511910B68600157990452","shapeGroup":"TWN","shapeType":"ADM2"}},
{"type":"Feature","geometry":{"type":"Polygon","coordinates":[[[121.62021614620609,25.27511203116588],[121.59433448100003,25.290816735000078],[121.57820867600003,25.298120589000064],[121.56604225400008,25.291490022000062],[121.54558364800005,25.29155633000005],[121.53992179800002,25.294742196000072],[121.52697753000007,25.28533678200006],[121.50779625731627,25.280986081821407],[121.5240744,25.2637018],[121.5433138,25.268074],[121.550441,25.2616145],[121.5446998,25.2453238],[121.5540177,25.2397824],[121.5557112,25.2274392],[121.5660074,25.2149802],[121.5814218,25.22378],[121.5837383,25.2330718],[121.5978006,25.2432383],[121.6037728,25.2526773],[121.6156707,25.2533621],[121.62021614620609,25.27511203116588]]]},"properties":{"shapeName":"Shimen District","shapeID":"52511910B62922031863482","shapeGroup":"TWN","shapeType":"ADM2"}},
{"type":"Feature","geometry":{"type":"Polygon","coordinates":[[[121.5800808,25.0493001],[121.579777,25.0529808],[121.5721886,25.0525386],[121.569576,25.075825],[121.5522262,25.0757838],[121.5443032,25.0669482],[121.5438104,25.0448821],[121.5577581,25.0450666],[121.5800808,25.0493001]]]},"properties":{"shapeName":"Songshan District","shapeID":"52511910B27691000187918","shapeGroup":"TWN","shapeType":"ADM2"}},
{"type":"Feature","geometry":{"type":"Polygon","coordinates":[[[121.6081434,25.1313497],[121.6268863,25.1396032],[121.6583706,25.1523938],[121.6770012,25.1559627],[121.70406885058904,25.176422034467464],[121.69264715600002,25.180150281000067],[121.68543025100007,25.190617530000054],[121.6947690257312,25.20291174365737],[121.68540970495243,25.20769851940794],[121.6722066640001,25.20192655200003],[121.65836710100007,25.210595026000078],[121.64969143447216,25.22277420692059],[121.64868256157655,25.222455914556246],[121.64651290310935,25.221771402437483],[121.6302062,25.2117116],[121.6131721,25.1964934],[121.6109405,25.1872316],[121.5966873,25.1656019],[121.5899056,25.1637389],[121.5983755,25.1402637],[121.6081434,25.1313497]]]},"properties":{"shapeName":"Wanli District","shapeID":"52511910B10855589670933","shapeGroup":"TWN","shapeType":"ADM2"}},
{"type":"Feature","geometry":{"type":"Polygon","coordinates":[[[120.65072,24.09083],[120.65048,24.0733],[120.65977,24.06281],[120.66085,24.04673],[120.65572,24.03068],[120.67863,24.01403],[120.70638,24.00519],[120.71923,24.00965],[120.73172,24.00901],[120.74365,24.00217],[120.77056,24.00908],[120.77953,24.0201],[120.79654,24.04032],[120.77755,24.06124],[120.76753,24.06454],[120.75007,24.07697],[120.73217,24.08139],[120.72676,24.07849],[120.70812,24.0819],[120.6825,24.06982],[120.67188,24.08113],[120.65898,24.08248],[120.65072,24.09083]]]},"properties":{"shapeName":"Wufeng District","shapeID":"52511910B92188863099631","shapeGroup":"TWN","shapeType":"ADM2"}},
{"type":"Feature","geometry":{"type":"Polygon","coordinates":[[[120.4235528,23.2418096],[120.4232912,23.2532203],[120.410019,23.2637675],[120.3955143,23.2631193],[120.3892745,23.2738858],[120.3943001,23.2801602],[120.3874448,23.2897668],[120.37117,23.2921344],[120.3499125,23.3042516],[120.3394577,23.2959978],[120.3297667,23.3059382],[120.32193,23.2961327],[120.2940489,23.2939125],[120.2911791,23.2774663],[120.2820924,23.2741289],[120.2797306,23.2620747],[120.2993265,23.262501],[120.3149966,23.2590713],[120.3192978,23.2635073],[120.3356183,23.2631299],[120.3513318,23.2521122],[120.3525016,23.2427142],[120.3621906,23.2367073],[120.3756564,23.2400776],[120.3981197,23.2305398],[120.4235528,23.2418096]]]},"properties":{"shapeName":"Liouying","shapeID":"52511910B95098417504855","shapeGroup":"TWN","shapeType":"ADM2"}},
{"type":"Feature","geometry":{"type":"Polygon","coordinates":[[[120.3972454,22.7353049],[120.4106174,22.7441111],[120.41183,22.758013],[120.3851674,22.7633906],[120.367762,22.7498037],[120.3450087,22.7554542],[120.3361329,22.748978],[120.3407422,22.7437649],[120.335529,22.7275448],[120.3375357,22.7210867],[120.3512538,22.7178568],[120.3658257,22.7097112],[120.3722343,22.7152336],[120.3728704,22.7262873],[120.390829,22.7418399],[120.3972454,22.7353049]]]},"properties":{"shapeName":"Dashe","shapeID":"52511910B41569626445575","shapeGroup":"TWN","shapeType":"ADM2"}},
{"type":"Feature","geometry":{"type":"Polygon","coordinates":[[[120.68243,24.13553],[120.68578,24.14316],[120.67374,24.14327],[120.68243,24.13553]]]},"properties":{"shapeName":"Central District","shapeID":"52511910B5845387986633","shapeGroup":"TWN","shapeType":"ADM2"}},
{"type":"Feature","geometry":{"type":"Polygon","coordinates":[[[120.2403991,23.0669906],[120.2204951,23.0739019],[120.2022173,23.0677156],[120.1993808,23.0787471],[120.1873892,23.0831326],[120.1727363,23.083645],[120.14899,23.091351],[120.1113713,23.0879362],[120.1005633,23.0846727],[120.07404036158361,23.05864351444699],[120.06754274600007,23.04174753500007],[120.08452500200008,23.034207],[120.10919521100004,23.019594752000046],[120.13987106043355,22.997251876002352],[120.1594446,23.0056389],[120.1731256,23.0074966],[120.1945915,23.0204632],[120.2093662,23.0229674],[120.2200028,23.0292662],[120.2253696,23.0421211],[120.2411483,23.0520096],[120.2469599,23.0655995],[120.2403991,23.0669906]]]},"properties":{"shapeName":"Annan","shapeID":"52511910B51634678228857","shapeGroup":"TWN","shapeType":"ADM2"}},
{"type":"Feature","geometry":{"type":"Polygon","coordinates":[[[120.4353171,22.9594247],[120.4449252,22.9795219],[120.4542991,22.979954],[120.4603626,23.0033652],[120.4559444,23.0109193],[120.4462536,23.0109126],[120.4401436,23.0222251],[120.4384824,23.0452005],[120.4310646,23.0500124],[120.435523,23.0633911],[120.4149073,23.0699749],[120.4063543,23.08691],[120.3982822,23.079674],[120.3705238,23.0791184],[120.3583941,23.0715673],[120.376642,23.0456738],[120.378644,23.0346834],[120.3753445,23.0205923],[120.3889306,23.0199644],[120.3927247,23.0076311],[120.4078124,22.9880573],[120.4053592,22.9722017],[120.4253681,22.9675015],[120.4353171,22.9594247]]]},"properties":{"shapeName":"Zuozhen","shapeID":"52511910B71538284073489","shapeGroup":"TWN","shapeType":"ADM2"}},
{"type":"Feature","geometry":{"type":"Polygon","coordinates":[[[120.42857,22.7777649],[120.4316389,22.7864873],[120.4218582,22.7937839],[120.4180475,22.8084499],[120.4090767,22.8157449],[120.3967299,22.8139833],[120.3734271,22.8255717],[120.3508375,22.8253571],[120.349987,22.8139363],[120.3202584,22.8011098],[120.3148708,22.7708216],[120.32975,22.7746187],[120.3362883,22.756796],[120.3311162,22.7550541],[120.3361329,22.748978],[120.3450087,22.7554542],[120.367762,22.7498037],[120.3851674,22.7633906],[120.41183,22.758013],[120.4185785,22.7724583],[120.42857,22.7777649]]]},"properties":{"shapeName":"Yanchao","shapeID":"52511910B73336698759549","shapeGroup":"TWN","shapeType":"ADM2"}},
{"type":"Feature","geometry":{"type":"Polygon","coordinates":[[[120.2781636,22.8961177],[120.269856,22.896673],[120.2574846,22.8983845],[120.2608937,22.8906193],[120.2526172,22.8843944],[120.2539614,22.8738266],[120.2331094,22.8682324],[120.2199552,22.8705609],[120.2187285,22.8571635],[120.213399,22.8511198],[120.2265182,22.8396281],[120.2363498,22.8399551],[120.2433264,22.8294496],[120.2547684,22.8249579],[120.28348,22.8187749],[120.2951657,22.8291722],[120.294046,22.8395851],[120.3042176,22.851723],[120.3043892,22.881324],[120.2923758,22.882149],[120.2879833,22.8920852],[120.2781636,22.8961177]]]},"properties":{"shapeName":"Luzhu","shapeID":"52511910B54132966107148","shapeGroup":"TWN","shapeType":"ADM2"}},
{"type":"Feature","geometry":{"type":"Polygon","coordinates":[[[121.5956282,25.1141553],[121.5973664,25.1096515],[121.6155606,25.1036875],[121.6282574,25.088399],[121.6162926,25.0639664],[121.6163074,25.0508234],[121.6215258,25.0403579],[121.6502851,25.027713],[121.6658902,25.0298365],[121.6843132,25.0401447],[121.6956543,25.0407933],[121.7031718,25.0319821],[121.7157544,25.0362258],[121.7210208,25.0472784],[121.7298658,25.0531356],[121.7272291,25.0561259],[121.7121217,25.0678855],[121.6990491,25.0677159],[121.6868499,25.0728775],[121.658742,25.0913903],[121.6507741,25.0987655],[121.6436056,25.1268486],[121.6268863,25.1396032],[121.6081434,25.1313497],[121.5956282,25.1141553]]]},"properties":{"shapeName":"Xizhi District","shapeID":"52511910B94675128167590","shapeGroup":"TWN","shapeType":"ADM2"}},
{"type":"Feature","geometry":{"type":"Polygon","coordinates":[[[121.5217586,25.1790853],[121.5007541,25.19297],[121.4953775,25.1910793],[121.4853944,25.2048472],[121.5014254,25.224158],[121.4977408,25.2294528],[121.4748536,25.2378467],[121.44918643832546,25.2439646972849],[121.4406044,25.2271729],[121.4412855,25.2212491],[121.41565698500006,25.19513975500007],[121.42079188700006,25.175938264000024],[121.430702386,25.175153485000067],[121.4513762680001,25.158913104000078],[121.4574653090001,25.145825116000026],[121.45738651940607,25.1258272477852],[121.4589427,25.1226513],[121.4639801,25.1306306],[121.5026493,25.1729638],[121.5202592,25.1698995],[121.5217586,25.1790853]]]},"properties":{"shapeName":"Tamsui District","shapeID":"52511910B49336497562900","shapeGroup":"TWN","shapeType":"ADM2"}},
{"type":"Feature","geometry":{"type":"Polygon","coordinates":[[[120.3328961,23.1065802],[120.3311053,23.1185885],[120.3393065,23.1373984],[120.3473366,23.1424378],[120.3454441,23.1514503],[120.3201218,23.1685637],[120.2991297,23.1763469],[120.2898395,23.176082],[120.2664747,23.1703005],[120.2605245,23.1535308],[120.2628478,23.1419375],[120.2548912,23.1350258],[120.2682324,23.1183727],[120.2558089,23.1079461],[120.2618602,23.1051305],[120.2777972,23.1114143],[120.2827857,23.1067395],[120.2984434,23.1055967],[120.3095191,23.1106576],[120.3328961,23.1065802]]]},"properties":{"shapeName":"Shanhua","shapeID":"52511910B12240276172675","shapeGroup":"TWN","shapeType":"ADM2"}},
{"type":"Feature","geometry":{"type":"Polygon","coordinates":[[[120.5866,24.32343],[120.60407,24.34712],[120.60428,24.35538],[120.61435,24.3748],[120.63312,24.38589],[120.60512253246273,24.40172192047881],[120.59551636300012,24.401157141000056],[120.5878412,24.3912783],[120.57998418401651,24.372992177019423],[120.5824038,24.3683396],[120.56024593200004,24.342536433000078],[120.57005970021876,24.332125930590983],[120.58025,24.33171],[120.5866,24.32343]]]},"properties":{"shapeName":"Da'an District","shapeID":"52511910B63167976390159","shapeGroup":"TWN","shapeType":"ADM2"}},
{"type":"Feature","geometry":{"type":"Polygon","coordinates":[[[121.5899056,25.1637389],[121.5966873,25.1656019],[121.6109405,25.1872316],[121.6131721,25.1964934],[121.6302062,25.2117116],[121.64651290310935,25.221771402437483],[121.63575,25.2371301],[121.6335714920001,25.258495124000035],[121.62021614620609,25.27511203116588],[121.6156707,25.2533621],[121.6037728,25.2526773],[121.5978006,25.2432383],[121.5837383,25.2330718],[121.5814218,25.22378],[121.5660074,25.2149802],[121.5592761,25.2102046],[121.5643332,25.1964498],[121.573577,25.1938637],[121.5837658,25.19457],[121.5798832,25.1655601],[121.5899056,25.1637389]]]},"properties":{"shapeName":"Jinshan District","shapeID":"52511910B47117449404442","shapeGroup":"TWN","shapeType":"ADM2"}},
{"type":"Feature","geometry":{"type":"Polygon","coordinates":[[[121.247189,25.0106828],[121.2539725,25.0030272],[121.259762,24.9870616],[121.2746475,24.9907171],[121.279388,25.0023662],[121.2717236,25.0222408],[121.2835904,25.0320247],[121.3022369,25.0332707],[121.3029021,25.0473312],[121.3161082,25.0506241],[121.3247482,25.0584268],[121.3447996,25.065505],[121.3548691,25.065135],[121.3388176,25.0836107],[121.3249513,25.0925479],[121.30437,25.09654],[121.297998,25.1044875],[121.28281,25.10946],[121.28374917400063,25.117070356123417],[121.260548,25.12202],[121.24791724842947,25.116476206380014],[121.2656139,25.0821234],[121.2623629,25.0663734],[121.245778,25.0557439],[121.2365514,25.0425163],[121.2348527,25.0293391],[121.247189,25.0106828]]]},"properties":{"shapeName":"Luzhu District","shapeID":"52511910B98838605252897","shapeGroup":"TWN","shapeType":"ADM2"}},
{"type":"Feature","geometry":{"type":"Polygon","coordinates":[[[120.0692186,23.1834395],[120.0759719880001,23.17160424000008],[120.07635270000003,23.144288028000062],[120.08477599200012,23.144430794000073],[120.08431437700006,23.123910324000065],[120.07422546200007,23.123291664000078],[120.05300067000007,23.113964176000025],[120.03548431100012,23.10169593100005],[120.04193974600003,23.078450720000035],[120.05164296500004,23.054232468000066],[120.0620699860001,23.05055154100006],[120.07404036158361,23.05864351444699],[120.1005633,23.0846727],[120.1113713,23.0879362],[120.14899,23.091351],[120.1727363,23.083645],[120.1780812,23.1110662],[120.1713451,23.1215657],[120.1518531,23.1226277],[120.1489586,23.1344774],[120.1587194,23.156599],[120.1450088,23.1668535],[120.1510171,23.1883245],[120.1399082,23.1959009],[120.1265453,23.1937412],[120.1280301,23.1824391],[120.1128718,23.1863295],[120.1032209,23.1831773],[120.0839146,23.1891104],[120.0692186,23.1834395]]]},"properties":{"shapeName":"Qigu","shapeID":"52511910B14944460308189","shapeGroup":"TWN","shapeType":"ADM2"}},
{"type":"Feature","geometry":{"type":"Polygon","coordinates":[[[121.457478,24.9461543],[121.4367031,24.935574],[121.4342033,24.9402124],[121.4175362,24.9375648],[121.4075637,24.9521421],[121.379132,24.9434883],[121.3759297,24.9496895],[121.3613205,24.9453124],[121.3398442,24.9285211],[121.3247171,24.9234519],[121.3175362,24.9163593],[121.3261622,24.9071302],[121.3213954,24.8998666],[121.3445751,24.8860296],[121.3544255,24.8732763],[121.3459021,24.8681973],[121.3567028,24.8544317],[121.3525963,24.8490516],[121.3357934,24.84479],[121.3467506,24.8459097],[121.3726653,24.8350407],[121.3937,24.84402],[121.4027063,24.8435193],[121.4155762,24.8352661],[121.4297308,24.8150698],[121.4363671,24.8122097],[121.4384482,24.795127],[121.4503269,24.7909412],[121.4622743,24.8056821],[121.4839076,24.8182862],[121.4814146,24.8255846],[121.494473,24.8363284],[121.4972308,24.8483761],[121.4883579,24.8622469],[121.4717841,24.8771696],[121.4866088,24.9006033],[121.492036,24.9170936],[121.4846885,24.9279404],[121.459974,24.9341858],[121.457478,24.9461543]]]},"properties":{"shapeName":"Sanxia District","shapeID":"52511910B98629971413037","shapeGroup":"TWN","shapeType":"ADM2"}},
{"type":"Feature","geometry":{"type":"Polygon","coordinates":[[[121.7181764,24.9749139],[121.6991168,24.9649612],[121.688826,24.9635409],[121.6805572,24.9545362],[121.6668815,24.9524274],[121.6671092,24.9397469],[121.6762638,24.9230285],[121.6633304,24.9154483],[121.6661196,24.9084756],[121.6505162,24.8970279],[121.6497855,24.8812513],[121.6530678,24.8703539],[121.6446452,24.8608455],[121.6556596,24.8505463],[121.6696003,24.8480604],[121.6880534,24.8497205],[121.7074334,24.8388676],[121.7302054,24.8552043],[121.7473489,24.8536995],[121.7609986,24.8567164],[121.7833396,24.8741658],[121.7816514,24.8893738],[121.7934173,24.899753],[121.7782148,24.9194089],[121.7933357,24.954259],[121.790218,24.9598529],[121.7922566,24.9835233],[121.7757853,24.9855454],[121.7711495,24.9795004],[121.7440965,24.9751346],[121.7181764,24.9749139]]]},"properties":{"shapeName":"Pinglin District","shapeID":"52511910B90991611037176","shapeGroup":"TWN","shapeType":"ADM2"}},
{"type":"Feature","geometry":{"type":"Polygon","coordinates":[[[120.5782434,23.2147759],[120.5650533,23.2209357],[120.5552548,23.2173874],[120.5415524,23.2277803],[120.5263654,23.231062],[120.5193499,23.2394367],[120.5035273,23.2300447],[120.4936987,23.2203051],[120.4771143,23.2229958],[120.4686992,23.213362],[120.4580747,23.1922725],[120.4569572,23.189856],[120.463919,23.174633],[120.4749527,23.1615488],[120.4740061,23.1396876],[120.4824444,23.1427004],[120.4879276,23.1237579],[120.5078712,23.1250662],[120.5272393,23.1162356],[120.5367371,23.1151139],[120.5493401,23.1205328],[120.5503679,23.1317476],[120.543807,23.1408704],[120.5571595,23.1595582],[120.577938,23.2025689],[120.5782434,23.2147759]]]},"properties":{"shapeName":"Nanxi","shapeID":"52511910B12166681712059","shapeGroup":"TWN","shapeType":"ADM2"}},
{"type":"Feature","geometry":{"type":"Polygon","coordinates":[[[120.86856,24.1643],[120.88491,24.15769],[120.88476,24.13896],[120.89381,24.131],[120.89615,24.11645],[120.91988,24.10744],[120.93186,24.11222],[120.95012,24.12786],[120.95707,24.12415],[120.97647,24.11692],[120.99202,24.12106],[120.99956,24.12776],[121.00711,24.1449],[121.0155,24.15602],[121.04758,24.16003],[121.05266,24.15479],[121.07277,24.16999],[121.08451,24.17576],[121.09633,24.19207],[121.10757,24.19788],[121.13489,24.19625],[121.14137,24.19964],[121.14813,24.21307],[121.16098,24.21518],[121.1677,24.22539],[121.18216,24.21215],[121.19634,24.22301],[121.20797,24.22161],[121.21849,24.22863],[121.23795,24.2197],[121.244,24.22239],[121.25507,24.24322],[121.26542,24.24567],[121.2802,24.22977],[121.30389,24.23367],[121.32445,24.23301],[121.34275,24.22365],[121.36637,24.25249],[121.3847,24.2556],[121.37998,24.28019],[121.40279,24.2974],[121.40429,24.30854],[121.42272,24.30912],[121.4342,24.3236],[121.43173,24.33053],[121.43472,24.34821],[121.44094,24.3595],[121.45096,24.36547],[121.43731,24.38332],[121.38901,24.37557],[121.3812,24.36753],[121.3727,24.36871],[121.36401,24.3895],[121.35457,24.39345],[121.33758,24.39042],[121.32689,24.39864],[121.32696,24.43434],[121.3176616,24.4414915],[121.30571,24.43265],[121.2699,24.42737],[121.26082,24.42864],[121.25894,24.43804],[121.25761,24.42505],[121.24389,24.42008],[121.24357,24.40572],[121.23475,24.39748],[121.23186,24.38385],[121.21349,24.38186],[121.21061,24.39572],[121.19718,24.39658],[121.19023,24.38162],[121.1733,24.37308],[121.16798,24.36072],[121.14085,24.35959],[121.12206,24.33635],[121.08661,24.31759],[121.07341,24.32231],[121.05528,24.31032],[121.05135,24.29783],[121.03528,24.29719],[121.01801,24.31129],[121.00471,24.33197],[120.99209,24.32961],[120.98198,24.3359],[120.97237,24.33352],[120.95679,24.33931],[120.93525,24.34287],[120.91701,24.33573],[120.9225,24.30395],[120.90982,24.29397],[120.90587,24.29262],[120.88504,24.27616],[120.87843,24.26618],[120.88104,24.23528],[120.88712,24.22552],[120.8975,24.22247],[120.89795,24.20696],[120.88165,24.19732],[120.87547,24.18486],[120.86542,24.17576],[120.86856,24.1643]]]},"properties":{"shapeName":"Heping District","shapeID":"52511910B1724778943765","shapeGroup":"TWN","shapeType":"ADM2"}},
{"type":"Feature","geometry":{"type":"Polygon","coordinates":[[[120.4543137,22.7717394],[120.4640699,22.8002834],[120.4687719,22.8305121],[120.4762126,22.8381581],[120.505284,22.8314323],[120.5185634,22.8451922],[120.5174891,22.8623913],[120.4953003,22.8650543],[120.5036468,22.8746454],[120.5077534,22.8870677],[120.5056746,22.9012236],[120.526947,22.916238],[120.528051,22.921461],[120.51892,22.943568],[120.521232,22.960643],[120.5286521,22.9759615],[120.5202947,22.9800381],[120.511604,22.97585],[120.506766,22.955482],[120.4995843,22.9421889],[120.4815886,22.9356819],[120.4828267,22.9253185],[120.468226,22.896962],[120.447379,22.889696],[120.443168,22.8853424],[120.4483169,22.874374],[120.4430762,22.8610144],[120.4489419,22.8485365],[120.4329658,22.8313552],[120.4180475,22.8084499],[120.4218582,22.7937839],[120.4316389,22.7864873],[120.42857,22.7777649],[120.4310482,22.7742317],[120.4543137,22.7717394]]]},"properties":{"shapeName":"Qishan","shapeID":"52511910B19330386236783","shapeGroup":"TWN","shapeType":"ADM2"}},
{"type":"Feature","geometry":{"type":"Polygon","coordinates":[[[120.3919268,23.3401572],[120.3872823,23.3455225],[120.3851433,23.3627806],[120.4050594,23.3684367],[120.4050711,23.3808599],[120.400135,23.3887764],[120.3875952,23.391057],[120.386867,23.4047649],[120.3558404,23.4016962],[120.3430421,23.3982206],[120.3336532,23.3859548],[120.3110331,23.3856404],[120.3109652,23.3754442],[120.2928801,23.3753684],[120.2846103,23.3634644],[120.2862306,23.3502898],[120.2966298,23.3413467],[120.3073492,23.3334127],[120.3143353,23.3354336],[120.3413,23.3229071],[120.3535282,23.3147912],[120.360842,23.325095],[120.3688503,23.3187597],[120.3919268,23.3401572]]]},"properties":{"shapeName":"Houbi","shapeID":"52511910B86463604693023","shapeGroup":"TWN","shapeType":"ADM2"}},
{"type":"Feature","geometry":{"type":"Polygon","coordinates":[[[120.60905,24.31577],[120.61413,24.33158],[120.6316,24.33716],[120.65565,24.36244],[120.68198,24.35845],[120.68443,24.36223],[120.70728,24.35781],[120.69207,24.36806],[120.65834,24.40647],[120.64879,24.40948],[120.63962,24.42778],[120.62608940532783,24.439139777677536],[120.59928337000008,24.411143908000042],[120.60512253246273,24.40172192047881],[120.63312,24.38589],[120.61435,24.3748],[120.60428,24.35538],[120.60407,24.34712],[120.5866,24.32343],[120.59519,24.31515],[120.60905,24.31577]]]},"properties":{"shapeName":"Dajia District","shapeID":"52511910B39647585180353","shapeGroup":"TWN","shapeType":"ADM2"}},
{"type":"Feature","geometry":{"type":"Polygon","coordinates":[[[120.5021447,23.0275777],[120.5135558,23.0187146],[120.5216542,23.0193853],[120.5335969,23.0281296],[120.5343605,23.0128244],[120.5202947,22.9800381],[120.5286521,22.9759615],[120.521232,22.960643],[120.51892,22.943568],[120.528051,22.921461],[120.5559819,22.9422993],[120.5655097,22.9399075],[120.5742878,22.9446171],[120.5744308,22.9605534],[120.5908333,22.974824],[120.6095881,22.9793205],[120.6236801,22.9779327],[120.6184081,22.9980184],[120.6216468,23.0188357],[120.6083971,23.0361303],[120.5859462,23.0532699],[120.5739881,23.0442797],[120.5467008,23.0425844],[120.5414315,23.0622177],[120.5230299,23.049552],[120.5021447,23.0275777]]]},"properties":{"shapeName":"Shanlin","shapeID":"52511910B90052363141845","shapeGroup":"TWN","shapeType":"ADM2"}},
{"type":"Feature","geometry":{"type":"Polygon","coordinates":[[[121.5592761,25.2102046],[121.5660074,25.2149802],[121.5557112,25.2274392],[121.5540177,25.2397824],[121.5446998,25.2453238],[121.550441,25.2616145],[121.5433138,25.268074],[121.5240744,25.2637018],[121.50779625731627,25.280986081821407],[121.4832509,25.2705429],[121.47214717400004,25.25325166500005],[121.4520162,25.2494188],[121.44918643832546,25.2439646972849],[121.4748536,25.2378467],[121.4977408,25.2294528],[121.5014254,25.224158],[121.4853944,25.2048472],[121.4953775,25.1910793],[121.5007541,25.19297],[121.5217586,25.1790853],[121.5406049,25.1871602],[121.5520536,25.1972995],[121.5592761,25.2102046]]]},"properties":{"shapeName":"Sanzhi District","shapeID":"52511910B22297779295169","shapeGroup":"TWN","shapeType":"ADM2"}},
{"type":"Feature","geometry":{"type":"Polygon","coordinates":[[[120.3777727,22.6377892],[120.4004781,22.6436215],[120.4022489,22.666907],[120.3897707,22.6853347],[120.3923871,22.6946914],[120.3748491,22.683901],[120.3627517,22.6696178],[120.3544413,22.6731321],[120.3395482,22.6721898],[120.3333409,22.6654002],[120.3369357,22.6525237],[120.3472519,22.647263],[120.3647033,22.6441444],[120.3745222,22.647526],[120.3777727,22.6377892]]]},"properties":{"shapeName":"Niaosong","shapeID":"52511910B94488542881377","shapeGroup":"TWN","shapeType":"ADM2"}},
{"type":"Feature","geometry":{"type":"Polygon","coordinates":[[[120.5465948,24.2182832],[120.56605,24.19606],[120.5878,24.19265],[120.59632,24.21415],[120.60587,24.23921],[120.61709,24.23558],[120.62561,24.25339],[120.63317,24.25927],[120.60982,24.26303],[120.60315,24.26736],[120.58203,24.26537],[120.56281,24.25786],[120.55931,24.24389],[120.54864,24.23039],[120.5465948,24.2182832]]]},"properties":{"shapeName":"Shalu District","shapeID":"52511910B95956240331763","shapeGroup":"TWN","shapeType":"ADM2"}},
{"type":"Feature","geometry":{"type":"Polygon","coordinates":[[[120.68542,24.12166],[120.68243,24.13553],[120.66649,24.12879],[120.6548452,24.1351761],[120.6529947,24.1244411],[120.6437919,24.1187893],[120.6573361,24.104717],[120.66209,24.11098],[120.68542,24.12166]]]},"properties":{"shapeName":"South District","shapeID":"52511910B54429610497624","shapeGroup":"TWN","shapeType":"ADM2"}},
{"type":"Feature","geometry":{"type":"Polygon","coordinates":[[[120.71827,24.35583],[120.70728,24.35781],[120.68443,24.36223],[120.68198,24.35845],[120.65565,24.36244],[120.6316,24.33716],[120.61413,24.33158],[120.60905,24.31577],[120.62351,24.31465],[120.64619,24.29929],[120.64634,24.29914],[120.65117,24.31493],[120.66919,24.3162],[120.71365,24.33158],[120.71827,24.35583]]]},"properties":{"shapeName":"Waipu District","shapeID":"52511910B37647459697968","shapeGroup":"TWN","shapeType":"ADM2"}},
{"type":"Feature","geometry":{"type":"Polygon","coordinates":[[[120.2284602,23.2472784],[120.2429573,23.2443122],[120.2632705,23.2541352],[120.2557559,23.2565298],[120.2547774,23.2847801],[120.2764332,23.3029807],[120.2760276,23.3121788],[120.2930146,23.3247575],[120.2966298,23.3413467],[120.2862306,23.3502898],[120.2761905,23.3482406],[120.256388,23.3310848],[120.2378608,23.3269061],[120.2208414,23.2959661],[120.2123374,23.2916683],[120.2106739,23.2774171],[120.1917675,23.2660961],[120.2018489,23.2610596],[120.2211046,23.2632319],[120.2284602,23.2472784]]]},"properties":{"shapeName":"Yanshuei","shapeID":"52511910B3549258104854","shapeGroup":"TWN","shapeType":"ADM2"}},
{"type":"Feature","geometry":{"type":"Polygon","coordinates":[[[120.6708148,22.9826144],[120.6631731,22.966774],[120.6725853,22.9458856],[120.6704921,22.9183496],[120.6498999,22.8850987],[120.6491236,22.8769307],[120.6583178,22.8787457],[120.6605716,22.8599702],[120.6766996,22.8571837],[120.6907268,22.8651093],[120.7057706,22.8811698],[120.7250208,22.8807873],[120.7426673,22.8735663],[120.7551061,22.8646217],[120.7741386,22.8379647],[120.7788141,22.8351816],[120.792967,22.8422895],[120.8010374,22.850992],[120.8243126,22.8662917],[120.8321097,22.8662427],[120.8477883,22.8518051],[120.8529427,22.8575174],[120.8646566,22.8430915],[120.8690128,22.8582134],[120.8615532,22.8614834],[120.8649246,22.8724518],[120.8597118,22.8783585],[120.840764,22.8817567],[120.8331871,22.9002615],[120.8315934,22.9194593],[120.8218179,22.9352005],[120.8246832,22.952071],[120.8209473,22.9608361],[120.8302397,22.9702334],[120.8293783,22.9751748],[120.8056949,22.9869169],[120.7986382,22.985749],[120.7821823,22.9934479],[120.7676988,22.9828504],[120.7400949,22.9851849],[120.7243743,23.0023601],[120.7119597,22.9925098],[120.6865543,22.9780577],[120.6708148,22.9826144]]]},"properties":{"shapeName":"Maolin","shapeID":"52511910B8366046265197","shapeGroup":"TWN","shapeType":"ADM2"}},
{"type":"Feature","geometry":{"type":"Polygon","coordinates":[[[121.2581763,24.9306445],[121.2518171,24.9216166],[121.253059,24.9088764],[121.2727033,24.9280456],[121.2779531,24.9200443],[121.298366,24.9241887],[121.3157499,24.9384907],[121.3279557,24.949098],[121.3296169,24.9668473],[121.3240136,24.9710487],[121.2965428,24.9766214],[121.2885025,24.9650201],[121.2810399,24.9752551],[121.2635496,24.9732501],[121.2667836,24.9501732],[121.2581763,24.9306445]]]},"properties":{"shapeName":"Bade District","shapeID":"52511910B50474008293669","shapeGroup":"TWN","shapeType":"ADM2"}},
{"type":"Feature","geometry":{"type":"Polygon","coordinates":[[[121.8756031,25.0946377],[121.8771167,25.0766045],[121.8870275,25.0636592],[121.8878684,25.0445545],[121.8967966,25.0394243],[121.8911399,25.0164417],[121.8797562,25.0126812],[121.8608626,24.9736149],[121.8613023,24.9636937],[121.8716258,24.9607155],[121.8971422,24.9670286],[121.9104521,24.9748412],[121.9375229,24.983027],[121.9448495,24.9881547],[121.9598656,24.9884354],[121.9658843,24.9832638],[121.99570206600004,25.002179025000032],[122.0059383,25.010644],[121.99785,25.0192201],[121.971965,25.0253608],[121.94683863300008,25.019663173000026],[121.9322056,25.033967],[121.9283099,25.04241],[121.9314812,25.0634949],[121.9252034,25.0666027],[121.9136402,25.0851141],[121.92314992187846,25.105567109723207],[121.92025112468981,25.12111425909052],[121.8976398,25.1138452],[121.8957321,25.1011733],[121.8756031,25.0946377]]]},"properties":{"shapeName":"Gongliao District","shapeID":"52511910B24338772487994","shapeGroup":"TWN","shapeType":"ADM2"}},
{"type":"Feature","geometry":{"type":"Polygon","coordinates":[[[121.7757853,24.9855454],[121.7922566,24.9835233],[121.790218,24.9598529],[121.7933357,24.954259],[121.7782148,24.9194089],[121.7934173,24.899753],[121.8104987,24.9036642],[121.8314493,24.9048453],[121.8536438,24.9251713],[121.8392347,24.9464264],[121.8469031,24.9602999],[121.8613023,24.9636937],[121.8608626,24.9736149],[121.8797562,25.0126812],[121.8911399,25.0164417],[121.8967966,25.0394243],[121.8878684,25.0445545],[121.8870275,25.0636592],[121.8771167,25.0766045],[121.8756031,25.0946377],[121.8571924,25.0972303],[121.8319876,25.0708937],[121.8303531,25.0568188],[121.8346731,25.0458688],[121.8168517,25.0421041],[121.7844597,25.0178136],[121.774652,25.0025042],[121.7642089,24.9962119],[121.7757853,24.9855454]]]},"properties":{"shapeName":"Shuangxi District","shapeID":"52511910B77222989775801","shapeGroup":"TWN","shapeType":"ADM2"}},
{"type":"Feature","geometry":{"type":"Polygon","coordinates":[[[120.73217,24.08139],[120.75007,24.07697],[120.76753,24.06454],[120.77755,24.06124],[120.79654,24.04032],[120.80699,24.06426],[120.8145,24.06991],[120.82944,24.07227],[120.82852,24.09448],[120.83772,24.11787],[120.83231,24.12314],[120.83386,24.14085],[120.81487,24.14447],[120.80352,24.15031],[120.80262,24.16943],[120.79418,24.16582],[120.7756,24.16846],[120.77193,24.16203],[120.75537,24.15793],[120.74953,24.16203],[120.731331,24.1571316],[120.71151,24.1611],[120.70432,24.15943],[120.70037,24.151],[120.7128,24.14574],[120.704,24.12488],[120.70069,24.11293],[120.74127,24.08654],[120.73217,24.08139]]]},"properties":{"shapeName":"Taiping District","shapeID":"52511910B19191805182315","shapeGroup":"TWN","shapeType":"ADM2"}},
{"type":"Feature","geometry":{"type":"Polygon","coordinates":[[[121.4622976,25.1159833],[121.4589427,25.1226513],[121.45738651940607,25.1258272477852],[121.44098860400004,25.154819833000033],[121.4206875970001,25.16379726100007],[121.41513267200003,25.17038630600007],[121.39939246000006,25.161189642000068],[121.38984889200003,25.147624545000042],[121.36627482932735,25.136887530245705],[121.3743294,25.1226675],[121.3854244,25.1128357],[121.3967967,25.0944751],[121.4018521,25.1076263],[121.4010962,25.1181104],[121.4160706,25.1250258],[121.4359836,25.1273065],[121.4591065,25.1127581],[121.4622976,25.1159833]]]},"properties":{"shapeName":"Bali District","shapeID":"52511910B94458762678017","shapeGroup":"TWN","shapeType":"ADM2"}},
{"type":"Feature","geometry":{"type":"Polygon","coordinates":[[[121.8168517,25.0421041],[121.8346731,25.0458688],[121.8303531,25.0568188],[121.8319876,25.0708937],[121.8571924,25.0972303],[121.8756031,25.0946377],[121.8957321,25.1011733],[121.8976398,25.1138452],[121.92025112468981,25.12111425909052],[121.91635026155038,25.126575476515097],[121.8993174,25.1196113],[121.87261047519225,25.125123781454135],[121.86842470500005,25.122454620000042],[121.8341748,25.1281748],[121.82542594100005,25.121106947000044],[121.82031241300001,25.133166285000073],[121.8035670575959,25.13563774160508],[121.7946194,25.1263335],[121.7902012,25.1126201],[121.7729847,25.1201312],[121.7688083,25.1140855],[121.7518827,25.1111648],[121.7498889,25.1094472],[121.7575201,25.1066612],[121.7612489,25.0791247],[121.7757228,25.0700369],[121.7978465,25.0759772],[121.8168517,25.0421041]]]},"properties":{"shapeName":"Ruifang District","shapeID":"52511910B85706759339541","shapeGroup":"TWN","shapeType":"ADM2"}},
{"type":"Feature","geometry":{"type":"Polygon","coordinates":[[[120.64634,24.29914],[120.64619,24.29929],[120.63619,24.28438],[120.64696,24.27665],[120.64128,24.265],[120.63317,24.25927],[120.64407,24.24316],[120.65304,24.25131],[120.67518,24.24309],[120.68136,24.23211],[120.69705,24.23157],[120.69576,24.23992],[120.70483,24.25603],[120.71271,24.28365],[120.68314,24.2847],[120.65866,24.29163],[120.64634,24.29914]]]},"properties":{"shapeName":"Shengang District","shapeID":"52511910B92990516943265","shapeGroup":"TWN","shapeType":"ADM2"}},
{"type":"Feature","geometry":{"type":"Polygon","coordinates":[[[121.166035,24.9580434],[121.1583349,24.9566005],[121.1477885,24.9464523],[121.1256879,24.9526736],[121.1072671,24.9457484],[121.1002869,24.9538592],[121.0895471,24.9564582],[121.0704827,24.9391519],[121.0583444,24.9366884],[121.0609304,24.9236827],[121.0591235,24.907206],[121.0709988,24.8995187],[121.0828344,24.8991209],[121.09399,24.89349],[121.1090459,24.8976868],[121.108647,24.8859505],[121.1220174,24.8802305],[121.1355691,24.8786563],[121.1556748,24.880691],[121.1581658,24.8753802],[121.1755296,24.8719055],[121.1746932,24.881379],[121.1846934,24.8899708],[121.1883407,24.907605],[121.1886775,24.9285305],[121.178874,24.9485776],[121.1769289,24.9592656],[121.166035,24.9580434]]]},"properties":{"shapeName":"Yangmei District","shapeID":"52511910B40704082736400","shapeGroup":"TWN","shapeType":"ADM2"}},
{"type":"Feature","geometry":{"type":"Polygon","coordinates":[[[120.6755685,23.1292639],[120.688049,23.112034],[120.688824,23.101592],[120.673722,23.103794],[120.6658359,23.1193485],[120.6590412,23.1160746],[120.6512774,23.097031],[120.6369776,23.0872288],[120.6398028,23.0786969],[120.6263652,23.0625728],[120.6221267,23.0477729],[120.6083971,23.0361303],[120.6216468,23.0188357],[120.6184081,22.9980184],[120.6236801,22.9779327],[120.6278769,22.9728507],[120.6263113,22.9442495],[120.621234,22.939758],[120.6160961,22.9231088],[120.6032687,22.9217316],[120.5974322,22.889102],[120.5923007,22.8740632],[120.5952153,22.8635931],[120.6053688,22.8729841],[120.620325,22.8756207],[120.644953,22.885148],[120.6476993,22.8795118],[120.6491236,22.8769307],[120.6498999,22.8850987],[120.6704921,22.9183496],[120.6725853,22.9458856],[120.6631731,22.966774],[120.6708148,22.9826144],[120.687005,22.994359],[120.675402,23.003055],[120.696239,23.026806],[120.690374,23.036625],[120.71382,23.044451],[120.721587,23.058277],[120.708214,23.075585],[120.706389,23.087475],[120.740447,23.087245],[120.745569,23.098038],[120.763598,23.112299],[120.764675,23.119624],[120.731697,23.12091],[120.71054,23.11547],[120.690939,23.134989],[120.6798164,23.1407148],[120.6755685,23.1292639]]]},"properties":{"shapeName":"Liouguei","shapeID":"52511910B66300742055958","shapeGroup":"TWN","shapeType":"ADM2"}},
{"type":"Feature","geometry":{"type":"Polygon","coordinates":[[[120.6514591,23.208445],[120.6579707,23.2008062],[120.6826403,23.1945906],[120.6809031,23.1826118],[120.6913392,23.1716961],[120.7019447,23.1736263],[120.7240417,23.184502],[120.7354069,23.1952104],[120.7440971,23.2087706],[120.745397,23.2190678],[120.7562164,23.2318621],[120.7598525,23.2482201],[120.7681045,23.2694414],[120.7760356,23.2817506],[120.7788044,23.2951259],[120.7912789,23.3040135],[120.7998699,23.3198598],[120.8065146,23.3215963],[120.8118574,23.3340198],[120.8229886,23.3461111],[120.8127679,23.3560761],[120.8045855,23.370816],[120.788545,23.352871],[120.7836907,23.3424519],[120.7582146,23.3442746],[120.7580149,23.3347968],[120.7481672,23.322072],[120.7302501,23.3110189],[120.7126519,23.3086251],[120.7037247,23.3003549],[120.7034756,23.290083],[120.6936673,23.2844704],[120.6714851,23.2899632],[120.6580302,23.2958911],[120.6519873,23.2911493],[120.643394,23.2956003],[120.6431833,23.2760099],[120.6384822,23.2688571],[120.6485501,23.2489421],[120.6495719,23.2283388],[120.6534926,23.2245341],[120.6514591,23.208445]]]},"properties":{"shapeName":"Namasia","shapeID":"52511910B40932238962124","shapeGroup":"TWN","shapeType":"ADM2"}},
{"type":"Feature","geometry":{"type":"Polygon","coordinates":[[[121.5777069,25.0141374],[121.5975259,25.0145694],[121.6043635,25.0192858],[121.6227512,25.0171541],[121.6324787,25.0256782],[121.6405049,25.0234501],[121.6639991,25.0232816],[121.6658902,25.0298365],[121.6502851,25.027713],[121.6215258,25.0403579],[121.6163074,25.0508234],[121.6162926,25.0639664],[121.6070724,25.0596718],[121.5924643,25.0596085],[121.579777,25.0529808],[121.5800808,25.0493001],[121.5922279,25.0313075],[121.5777069,25.0141374]]]},"properties":{"shapeName":"Nangang District","shapeID":"52511910B46327040282414","shapeGroup":"TWN","shapeType":"ADM2"}},
{"type":"Feature","geometry":{"type":"Polygon","coordinates":[[[120.6437919,24.1187893],[120.6529947,24.1244411],[120.6548452,24.1351761],[120.6538603,24.1557464],[120.62548,24.1543],[120.6046448,24.1655126],[120.5986285,24.1628289],[120.5837051,24.1680953],[120.57452,24.15572],[120.57472,24.14741],[120.58632,24.13789],[120.60001,24.12962],[120.6189,24.12392],[120.62248,24.1131],[120.63012,24.11111],[120.6437919,24.1187893]]]},"properties":{"shapeName":"Nantun District","shapeID":"52511910B88737921309662","shapeGroup":"TWN","shapeType":"ADM2"}},
{"type":"Feature","geometry":{"type":"Polygon","coordinates":[[[121.6268863,25.1396032],[121.6436056,25.1268486],[121.6507741,25.0987655],[121.658742,25.0913903],[121.6868499,25.0728775],[121.6990491,25.0677159],[121.7121217,25.0678855],[121.7272291,25.0561259],[121.7237311,25.0764674],[121.7283649,25.093268],[121.7190071,25.0986154],[121.7284005,25.1118204],[121.7107311,25.1232462],[121.7001826,25.1339084],[121.681279,25.1459147],[121.6770012,25.1559627],[121.6583706,25.1523938],[121.6268863,25.1396032]]]},"properties":{"shapeName":"Qidu","shapeID":"52511910B49246730473855","shapeGroup":"TWN","shapeType":"ADM2"}},
{"type":"Feature","geometry":{"type":"Polygon","coordinates":[[[120.94275256520226,24.846994141006927],[120.93388194700003,24.843250417000036],[120.9282,24.8518474],[120.91141992635018,24.827103041479702],[120.9315448,24.825388],[120.9408423,24.8143433],[120.9433571,24.8043133],[120.9571177,24.7991118],[120.9510261,24.7924476],[120.9561046,24.7845234],[120.9588873,24.7962116],[120.9787469,24.8162731],[120.9906406,24.8241866],[120.9549916,24.8345085],[120.94275256520226,24.846994141006927]]]},"properties":{"shapeName":"北區","shapeID":"52511910B8569683364670","shapeGroup":"TWN","shapeType":"ADM2"}},
{"type":"Feature","geometry":{"type":"Polygon","coordinates":[[[120.9561046,24.7845234],[120.9611175,24.7782786],[120.9581343,24.757285],[120.9609369,24.7511796],[120.969726,24.7650482],[120.9866704,24.7684285],[120.9930822,24.7806072],[121.0135581,24.7709055],[121.0208333,24.7565449],[121.0263135,24.7576625],[121.0322849,24.761632],[121.0207093,24.793826],[121.0211853,24.8020575],[121.0003517,24.822079],[120.9906406,24.8241866],[120.9787469,24.8162731],[120.9588873,24.7962116],[120.9561046,24.7845234]]]},"properties":{"shapeName":"東區","shapeID":"52511910B28036042271757","shapeGroup":"TWN","shapeType":"ADM2"}},
{"type":"Feature","geometry":{"type":"Polygon","coordinates":[[[121.7423865,25.1385058],[121.7535872,25.1451222],[121.74801731200012,25.15639066500006],[121.7301494,25.1633672],[121.71013181548913,25.16424209290493],[121.7182045,25.1414364],[121.7314087,25.1376043],[121.73624,25.1292099],[121.7423865,25.1385058]]]},"properties":{"shapeName":"Zhongshan","shapeID":"52511910B84130893113897","shapeGroup":"TWN","shapeType":"ADM2"}},
{"type":"Feature","geometry":{"type":"Polygon","coordinates":[[[121.7946194,25.1263335],[121.7754609,25.1430122],[121.7676941,25.1360439],[121.7542789,25.1351586],[121.7462313,25.1294511],[121.7536185,25.128055],[121.7518827,25.1111648],[121.7688083,25.1140855],[121.7729847,25.1201312],[121.7902012,25.1126201],[121.7946194,25.1263335]]]},"properties":{"shapeName":"Xinyi","shapeID":"52511910B33100646615087","shapeGroup":"TWN","shapeType":"ADM2"}},
{"type":"Feature","geometry":{"type":"Polygon","coordinates":[[[120.4088143,23.506566],[120.3894433,23.498648],[120.3992692,23.4710252],[120.3941285,23.4625309],[120.4120582,23.4646195],[120.4292967,23.461018],[120.4301263,23.4525554],[120.4395269,23.4395803],[120.4496328,23.4434284],[120.4448283,23.4557576],[120.4517386,23.4625727],[120.4475767,23.486651],[120.4337812,23.5098514],[120.4088143,23.506566]]]},"properties":{"shapeName":"West District","shapeID":"52511910B30977236715140","shapeGroup":"TWN","shapeType":"ADM2"}},
{"type":"Feature","geometry":{"type":"Polygon","coordinates":[[[121.7518827,25.1111648],[121.7536185,25.128055],[121.7462313,25.1294511],[121.74305725339745,25.131193836601362],[121.7423865,25.1385058],[121.73624,25.1292099],[121.7324869,25.1136885],[121.7416992,25.1071158],[121.7498889,25.1094472],[121.7518827,25.1111648]]]},"properties":{"shapeName":"Ren'ai","shapeID":"52511910B30709967967550","shapeGroup":"TWN","shapeType":"ADM2"}},
{"type":"Feature","geometry":{"type":"Polygon","coordinates":[[[121.7757228,25.0700369],[121.7612489,25.0791247],[121.7575201,25.1066612],[121.7498889,25.1094472],[121.7416992,25.1071158],[121.7324869,25.1136885],[121.7284005,25.1118204],[121.7190071,25.0986154],[121.7283649,25.093268],[121.7237311,25.0764674],[121.7272291,25.0561259],[121.7298658,25.0531356],[121.7458075,25.0532048],[121.7637381,25.0574588],[121.7757228,25.0700369]]]},"properties":{"shapeName":"Nuannuan","shapeID":"52511910B3088598520620","shapeGroup":"TWN","shapeType":"ADM2"}},
{"type":"Feature","geometry":{"type":"Polygon","coordinates":[[[121.8035670575959,25.13563774160508],[121.80655118600009,25.148277025000027],[121.78571629900011,25.149101108000025],[121.7735907,25.1550892],[121.76159396884356,25.148794001238898],[121.74305725339745,25.131193836601362],[121.7462313,25.1294511],[121.7542789,25.1351586],[121.7676941,25.1360439],[121.7754609,25.1430122],[121.7946194,25.1263335],[121.8035670575959,25.13563774160508]]]},"properties":{"shapeName":"Zhongzheng","shapeID":"52511910B92065650444302","shapeGroup":"TWN","shapeType":"ADM2"}},
{"type":"Feature","geometry":{"type":"Polygon","coordinates":[[[120.4496328,23.4434284],[120.4686812,23.4615976],[120.4767874,23.4619766],[120.4952305,23.4528741],[120.5092703,23.474749],[120.5012961,23.4897801],[120.4893506,23.4913501],[120.4831595,23.5053705],[120.474755,23.506793],[120.4642388,23.4991362],[120.4479574,23.5180939],[120.4350192,23.5171424],[120.4337812,23.5098514],[120.4475767,23.486651],[120.4517386,23.4625727],[120.4448283,23.4557576],[120.4496328,23.4434284]]]},"properties":{"shapeName":"East District","shapeID":"52511910B45111644423638","shapeGroup":"TWN","shapeType":"ADM2"}},
{"type":"Feature","geometry":{"type":"Polygon","coordinates":[[[121.6770012,25.1559627],[121.681279,25.1459147],[121.7001826,25.1339084],[121.7107311,25.1232462],[121.7284005,25.1118204],[121.7324869,25.1136885],[121.73624,25.1292099],[121.7314087,25.1376043],[121.7182045,25.1414364],[121.71013181548913,25.16424209290493],[121.70406885058904,25.176422034467464],[121.6770012,25.1559627]]]},"properties":{"shapeName":"Anle","shapeID":"52511910B26024129556324","shapeGroup":"TWN","shapeType":"ADM2"}},
{"type":"Feature","geometry":{"type":"Polygon","coordinates":[[[120.91141992635018,24.827103041479702],[120.907094,24.8196603],[120.91525076800008,24.795344730000068],[120.91257387400003,24.76691255000003],[120.90361520300007,24.74864542800003],[120.87946280521263,24.73453744889271],[120.8910564,24.7317414],[120.9058545,24.7406905],[120.9162333,24.7216164],[120.93428,24.71317],[120.9353997,24.712573],[120.9437772,24.7435246],[120.9538644,24.7434365],[120.9609369,24.7511796],[120.9581343,24.757285],[120.9611175,24.7782786],[120.9561046,24.7845234],[120.9510261,24.7924476],[120.9571177,24.7991118],[120.9433571,24.8043133],[120.9408423,24.8143433],[120.9315448,24.825388],[120.91141992635018,24.827103041479702]]]},"properties":{"shapeName":"Xiangshan District","shapeID":"52511910B39021201460320","shapeGroup":"TWN","shapeType":"ADM2"}},
{"type":"Feature","geometry":{"type":"Polygon","coordinates":[[[120.54716,23.97547],[120.54706,23.96318],[120.56328,23.95734],[120.56152,23.93796],[120.57542,23.93324],[120.5812,23.92324],[120.59289,23.9332],[120.60184,23.93541],[120.6284919,23.9313711],[120.6352921,23.938747],[120.6296518,23.9561114],[120.61576,23.98401],[120.60881,23.99013],[120.57611,23.97567],[120.56287,23.97921],[120.54716,23.97547]]]},"properties":{"shapeName":"員林市","shapeID":"52511910B4946947315760","shapeGroup":"TWN","shapeType":"ADM2"}},
{"type":"Feature","geometry":{"type":"Polygon","coordinates":[[[121.1221961,22.9812903],[121.121166,22.9683861],[121.1275201,22.9523568],[121.1148305,22.9344526],[121.115933,22.9257828],[121.1094048,22.9115946],[121.0948344,22.9050327],[121.0914914,22.8933169],[121.1315097,22.8923491],[121.1406839,22.8886853],[121.14726,22.894505],[121.1427929,22.9102087],[121.1476203,22.9203062],[121.1624248,22.9332203],[121.1746697,22.9366203],[121.1826681,22.9319399],[121.1941539,22.9367594],[121.2111085,22.9616872],[121.2192563,22.9803057],[121.2158441,23.0094151],[121.2101029,23.0027212],[121.1990694,23.0018474],[121.180983,22.9867745],[121.1735231,22.9857474],[121.1568407,22.9969052],[121.1309252,22.9949884],[121.1221961,22.9812903]]]},"properties":{"shapeName":"Luye","shapeID":"52511910B14571669428725","shapeGroup":"TWN","shapeType":"ADM2"}},
{"type":"Feature","geometry":{"type":"Polygon","coordinates":[[[120.2062116,23.4529439],[120.2180325,23.4405712],[120.2184792,23.4234157],[120.2281612,23.4188236],[120.2357563,23.4075973],[120.246945,23.3977789],[120.2581421,23.394598],[120.2597436,23.4039121],[120.2768541,23.4184135],[120.2819895,23.4323927],[120.2696701,23.4310465],[120.2697213,23.4478406],[120.2912804,23.4456327],[120.289537,23.4524938],[120.2947195,23.4668465],[120.2902465,23.4782473],[120.2838592,23.4876788],[120.2738198,23.4912062],[120.2617134,23.4851314],[120.2506959,23.4704423],[120.2262715,23.4691329],[120.226418,23.4636114],[120.2062116,23.4529439]]]},"properties":{"shapeName":"Puzi City","shapeID":"52511910B67244265985329","shapeGroup":"TWN","shapeType":"ADM2"}},
{"type":"Feature","geometry":{"type":"Polygon","coordinates":[[[121.0462122,24.9423852],[121.0284549,24.9177594],[121.0147549,24.8854776],[120.9926945,24.8648508],[121.0136124,24.8507108],[121.0338218,24.854365],[121.0427561,24.8514249],[121.0534354,24.8591333],[121.0801472,24.8631197],[121.100674,24.8686248],[121.1220174,24.8802305],[121.108647,24.8859505],[121.1090459,24.8976868],[121.09399,24.89349],[121.0828344,24.8991209],[121.0709988,24.8995187],[121.0591235,24.907206],[121.0609304,24.9236827],[121.0583444,24.9366884],[121.0462122,24.9423852]]]},"properties":{"shapeName":"Hukou","shapeID":"52511910B77517078586613","shapeGroup":"TWN","shapeType":"ADM2"}},
{"type":"Feature","geometry":{"type":"Polygon","coordinates":[[[119.44296379808497,23.209214430733482],[119.4407450317764,23.221362405739914],[119.4157216,23.2167813],[119.41081116550274,23.21320933540604],[119.42907102200002,23.193465137000032],[119.44296379808497,23.209214430733482]]]},"properties":{"shapeName":"Qimei Town","shapeID":"52511910B27783301561641","shapeGroup":"TWN","shapeType":"ADM2"}},
{"type":"Feature","geometry":{"type":"Polygon","coordinates":[[[120.9609369,24.7511796],[120.9538644,24.7434365],[120.9437772,24.7435246],[120.9353997,24.712573],[120.9552195,24.7047059],[120.9639663,24.7115257],[120.973769,24.7118792],[120.9856184,24.7108018],[120.9926121,24.7170034],[121.002603,24.7145088],[121.0114938,24.7060465],[121.0181557,24.7110519],[121.0370395,24.7106619],[121.0476401,24.7165897],[121.0586766,24.7301784],[121.06959,24.7308695],[121.0628895,24.7456935],[121.0507194,24.7543255],[121.0345637,24.7482379],[121.0263135,24.7576625],[121.0208333,24.7565449],[121.0135581,24.7709055],[120.9930822,24.7806072],[120.9866704,24.7684285],[120.969726,24.7650482],[120.9609369,24.7511796]]]},"properties":{"shapeName":"Baoshan","shapeID":"52511910B70638918104863","shapeGroup":"TWN","shapeType":"ADM2"}},
{"type":"Feature","geometry":{"type":"Polygon","coordinates":[[[120.5937198,23.7911072],[120.5860334,23.7792668],[120.5709379,23.7682494],[120.5706873,23.7597831],[120.5744096,23.7436929],[120.6011671,23.7252444],[120.6325309,23.7139139],[120.6397459,23.7144147],[120.6396556,23.7263759],[120.6445169,23.7366362],[120.6558222,23.7350369],[120.6559608,23.7538774],[120.648667,23.7728406],[120.6403678,23.7860501],[120.6142021,23.791347],[120.5937198,23.7911072]]]},"properties":{"shapeName":"Linnei","shapeID":"52511910B99182661436347","shapeGroup":"TWN","shapeType":"ADM2"}},
{"type":"Feature","geometry":{"type":"Polygon","coordinates":[[[120.5816,24.10948],[120.57281,24.10825],[120.54963,24.11392],[120.54199,24.09503],[120.52549,24.08999],[120.49981,24.07628],[120.50665,24.06705],[120.50459,24.05712],[120.5174133,24.0521609],[120.54873,24.05472],[120.55809,24.04935],[120.57105,24.05628],[120.58478,24.05139],[120.59285,24.03774],[120.60737,24.0439],[120.62589,24.04665],[120.62546,24.06873],[120.61499,24.0851],[120.61252,24.10252],[120.5816,24.10948]]]},"properties":{"shapeName":"Changhua City","shapeID":"52511910B76643025216805","shapeGroup":"TWN","shapeType":"ADM2"}},
{"type":"Feature","geometry":{"type":"Polygon","coordinates":[[[120.7399965,22.5584509],[120.7395124,22.5514649],[120.7500391,22.5339625],[120.7534995,22.5113714],[120.7610765,22.5031512],[120.7707822,22.5022843],[120.7778209,22.4922776],[120.7945662,22.4939695],[120.8106611,22.4831101],[120.845996,22.4766434],[120.8575759,22.48093],[120.8657466,22.4921101],[120.8880163,22.4925637],[120.893026,22.4982745],[120.9163791,22.5087386],[120.9105702,22.5144931],[120.9328677,22.5281712],[120.9245091,22.5376036],[120.9186312,22.5563962],[120.9415751,22.5723353],[120.9616923,22.5671512],[120.9751522,22.5807798],[120.9728589,22.58817],[120.976638,22.6110817],[120.9762502,22.630268],[120.9944825,22.6296704],[121.0049231,22.6341922],[120.9963694,22.6457257],[120.9800403,22.6431787],[120.9717283,22.6538293],[120.9812102,22.6647538],[120.996075,22.6658057],[121.0017983,22.673775],[120.9922444,22.6920915],[120.990231,22.6822227],[120.958124,22.6726212],[120.9385802,22.6592112],[120.9153682,22.6511725],[120.8953957,22.6532311],[120.8854381,22.6487749],[120.856768,22.6647164],[120.8484411,22.6568239],[120.8338655,22.6547722],[120.7862737,22.6721472],[120.7857535,22.6612092],[120.7612557,22.6298567],[120.7529584,22.6115985],[120.7547863,22.6019179],[120.7464577,22.5907774],[120.7492889,22.577669],[120.7415802,22.5687335],[120.7399965,22.5584509]]]},"properties":{"shapeName":"Jinfeng","shapeID":"52511910B76622709081814","shapeGroup":"TWN","shapeType":"ADM2"}},
{"type":"Feature","geometry":{"type":"Polygon","coordinates":[[[119.60643,23.58544],[119.5984428,23.5826134],[119.5973189,23.568994],[119.5873532,23.5718926],[119.5813657,23.5896421],[119.5664003,23.5778102],[119.55973269800006,23.562097177000055],[119.57452001208816,23.567830118630713],[119.57563793602104,23.55496152586031],[119.5924312,23.5523877],[119.60304012300003,23.54029177500007],[119.59992033300011,23.531174156000077],[119.58038674659805,23.53202802640176],[119.57116,23.52553],[119.57175005800002,23.50887459200004],[119.5990825,23.5120029],[119.6104723,23.5192029],[119.6040424,23.5252229],[119.6117024,23.5361928],[119.6365736,23.5519663],[119.62036,23.55992],[119.60953,23.56055],[119.61184,23.5799],[119.60643,23.58544]]]},"properties":{"shapeName":"Magong City","shapeID":"52511910B17356876538254","shapeGroup":"TWN","shapeType":"ADM2"}},
{"type":"Feature","geometry":{"type":"Polygon","coordinates":[[[120.2902465,23.4782473],[120.3079204,23.4755857],[120.3208116,23.4934154],[120.3259258,23.5058037],[120.3053812,23.5132722],[120.3091094,23.5378953],[120.3057367,23.5629963],[120.2892565,23.5611583],[120.2908915,23.5507494],[120.2770491,23.5440552],[120.2725043,23.5313201],[120.2634215,23.5335496],[120.2561193,23.5460876],[120.2420989,23.5414964],[120.2470317,23.516215],[120.2415169,23.5089219],[120.2230379,23.5043079],[120.2016446,23.5111307],[120.2150295,23.5008475],[120.2214982,23.4884487],[120.2262715,23.4691329],[120.2506959,23.4704423],[120.2617134,23.4851314],[120.2738198,23.4912062],[120.2838592,23.4876788],[120.2902465,23.4782473]]]},"properties":{"shapeName":"Liujiao","shapeID":"52511910B86399036189677","shapeGroup":"TWN","shapeType":"ADM2"}},
{"type":"Feature","geometry":{"type":"Polygon","coordinates":[[[120.416789,23.6795478],[120.4293762,23.6708708],[120.4429964,23.6697883],[120.4512867,23.6740703],[120.4624813,23.6656457],[120.4745123,23.6623352],[120.4684024,23.6302905],[120.5059438,23.6338344],[120.5156217,23.6343862],[120.535002,23.642724],[120.5361796,23.6505816],[120.5096472,23.6642636],[120.5031437,23.6899298],[120.495335,23.7048244],[120.4997724,23.712416],[120.4982738,23.7246996],[120.4830308,23.7213433],[120.4827839,23.7085166],[120.4727114,23.7045539],[120.4477982,23.6863001],[120.4231307,23.690066],[120.416789,23.6795478]]]},"properties":{"shapeName":"Dounan","shapeID":"52511910B41918855057041","shapeGroup":"TWN","shapeType":"ADM2"}},
{"type":"Feature","geometry":{"type":"Polygon","coordinates":[[[120.8646566,22.8430915],[120.8616046,22.8265974],[120.8685624,22.8169145],[120.8909574,22.8116928],[120.9032499,22.8000135],[120.9034871,22.7774299],[120.9182401,22.7801666],[120.9420198,22.7922338],[120.9530875,22.7949017],[120.96856,22.805226],[120.9923984,22.8363637],[121.0132679,22.8336586],[121.0222012,22.8413524],[121.0438057,22.8459361],[121.0546377,22.856917],[121.0704828,22.8600359],[121.079264,22.8745833],[121.0868638,22.895304],[121.1071587,22.8859143],[121.1415329,22.8856163],[121.1512704,22.8818512],[121.1536342,22.8724433],[121.1654129,22.8678925],[121.1707934,22.8714585],[121.1888604,22.8953755],[121.1909139,22.9015728],[121.1840788,22.9164483],[121.1941539,22.9367594],[121.1826681,22.9319399],[121.1746697,22.9366203],[121.1624248,22.9332203],[121.1476203,22.9203062],[121.1427929,22.9102087],[121.14726,22.894505],[121.1406839,22.8886853],[121.1315097,22.8923491],[121.0914914,22.8933169],[121.0948344,22.9050327],[121.1094048,22.9115946],[121.115933,22.9257828],[121.1148305,22.9344526],[121.1275201,22.9523568],[121.121166,22.9683861],[121.1221961,22.9812903],[121.1052128,22.9905744],[121.0780534,22.9959534],[121.056645,22.9929316],[121.0460465,22.9879295],[121.0270286,22.9856693],[121.0167291,22.9888315],[120.9882244,22.9910156],[120.9736686,22.995358],[120.9653632,22.9869398],[120.9610514,22.9721416],[120.9485152,22.9613917],[120.940009,22.9614587],[120.9252105,22.948331],[120.9048661,22.9465982],[120.8881468,22.9591116],[120.8827187,22.9552018],[120.8607228,22.9552436],[120.8489717,22.9644674],[120.8302397,22.9702334],[120.8209473,22.9608361],[120.8246832,22.952071],[120.8218179,22.9352005],[120.8315934,22.9194593],[120.8331871,22.9002615],[120.840764,22.8817567],[120.8597118,22.8783585],[120.8649246,22.8724518],[120.8615532,22.8614834],[120.8690128,22.8582134],[120.8646566,22.8430915]]]},"properties":{"shapeName":"Yanping","shapeID":"52511910B70456030054544","shapeGroup":"TWN","shapeType":"ADM2"}},
{"type":"Feature","geometry":{"type":"Polygon","coordinates":[[[120.6284919,23.9313711],[120.6372585,23.9245636],[120.6321465,23.910684],[120.6340415,23.8919055],[120.6294156,23.889102],[120.6431174,23.8885949],[120.6616698,23.8821287],[120.6831479,23.8804114],[120.7133455,23.8910479],[120.7230606,23.8808789],[120.7242953,23.8904458],[120.7105542,23.8941475],[120.7174087,23.9079553],[120.7161146,23.9210007],[120.7264218,23.9305839],[120.73447,23.94926],[120.7106645,23.9548604],[120.7018215,23.9607601],[120.6859899,23.9613338],[120.6711388,23.9447897],[120.6645214,23.945974],[120.6468467,23.9633794],[120.6367394,23.9526971],[120.6296518,23.9561114],[120.6352921,23.938747],[120.6284919,23.9313711]]]},"properties":{"shapeName":"Nantou City","shapeID":"52511910B11437294536827","shapeGroup":"TWN","shapeType":"ADM2"}},
{"type":"Feature","geometry":{"type":"Polygon","coordinates":[[[120.5667074,22.8383239],[120.5554106,22.8069048],[120.544883,22.7979063],[120.5529594,22.7853557],[120.5454559,22.7706423],[120.5771847,22.7729725],[120.6126401,22.7548473],[120.6164244,22.7395792],[120.634593,22.7198338],[120.6393633,22.7355942],[120.6312929,22.7508521],[120.6349521,22.7612638],[120.6434346,22.768363],[120.6287513,22.7764202],[120.6302231,22.8010299],[120.6279162,22.8209441],[120.6312509,22.8410849],[120.647749,22.8731008],[120.6476993,22.8795118],[120.644953,22.885148],[120.620325,22.8756207],[120.6053688,22.8729841],[120.5952153,22.8635931],[120.5703362,22.8439628],[120.5667074,22.8383239]]]},"properties":{"shapeName":"Gaoshu","shapeID":"52511910B31003231188752","shapeGroup":"TWN","shapeType":"ADM2"}},
{"type":"Feature","geometry":{"type":"Polygon","coordinates":[[[121.1941539,22.9367594],[121.1840788,22.9164483],[121.1909139,22.9015728],[121.1888604,22.8953755],[121.1707934,22.8714585],[121.1654129,22.8678925],[121.1626297,22.8574123],[121.19197805875969,22.850385587805313],[121.20033465332502,22.858837853071513],[121.2258799,22.86825],[121.23156217003596,22.86496879761801],[121.23920398000007,22.879210184000044],[121.250914,22.88628999900004],[121.2636799,22.90959],[121.26782,22.9113101],[121.28142,22.9454301],[121.29934359259029,22.959705440327937],[121.31148868330317,22.97445122637681],[121.3005558,22.9784634],[121.304962,22.9872015],[121.3002149,22.996589],[121.3071138,23.0011364],[121.3029285,23.0196373],[121.3131912,23.0316439],[121.3099142,23.0437605],[121.3167353,23.0509397],[121.3139424,23.0822061],[121.3176398,23.0897141],[121.3158061,23.1097157],[121.2915103,23.109368],[121.2786446,23.1010724],[121.2642941,23.1039893],[121.2327554,23.0358032],[121.2258225,23.0266487],[121.2220076,23.0135135],[121.2158441,23.0094151],[121.2192563,22.9803057],[121.2111085,22.9616872],[121.1941539,22.9367594]]]},"properties":{"shapeName":"Donghe","shapeID":"52511910B95876228816034","shapeGroup":"TWN","shapeType":"ADM2"}},
{"type":"Feature","geometry":{"type":"Polygon","coordinates":[[[120.5706873,23.7597831],[120.5592214,23.7572759],[120.5518516,23.7503371],[120.5386383,23.7467233],[120.522433,23.7316168],[120.5029026,23.7287573],[120.4982738,23.7246996],[120.4997724,23.712416],[120.495335,23.7048244],[120.5031437,23.6899298],[120.5096472,23.6642636],[120.5361796,23.6505816],[120.5408664,23.6595148],[120.5386097,23.6744195],[120.556926,23.670808],[120.5640212,23.6828969],[120.5582735,23.6878637],[120.5787693,23.6950351],[120.616262,23.697252],[120.63292,23.675837],[120.6443629,23.668338],[120.6480219,23.6810324],[120.6397459,23.7144147],[120.6325309,23.7139139],[120.6011671,23.7252444],[120.5744096,23.7436929],[120.5706873,23.7597831]]]},"properties":{"shapeName":"Douliu","shapeID":"52511910B54544949915679","shapeGroup":"TWN","shapeType":"ADM2"}},
{"type":"Feature","geometry":{"type":"Polygon","coordinates":[[[120.7845467,22.0503608],[120.7933073,22.037492],[120.7852276,22.0253607],[120.7745051,22.0250167],[120.7855747,22.0007228],[120.7707488,21.9794041],[120.7931665,21.9821806],[120.8114998,21.9813426],[120.8185371,21.9739191],[120.8343553,21.9707808],[120.84398568874195,21.97885122391598],[120.85395298774493,21.989330670420586],[120.8743277,21.9992891],[120.876465,22.0102913],[120.8866842,22.0176169],[120.8871231,22.0245688],[120.8998252,22.034457],[120.8926255,22.0508006],[120.891057,22.0862378],[120.9003894,22.1041836],[120.8914711750001,22.108823159000053],[120.88411864000011,22.13167074300003],[120.89661883433227,22.14344461557797],[120.8842261,22.1385908],[120.8662014,22.1405197],[120.8517674,22.1453061],[120.8565464,22.1300465],[120.8488251,22.1161368],[120.8283713,22.1033091],[120.8221633,22.0765403],[120.8066919,22.0591642],[120.7945878,22.068015],[120.7845467,22.0503608]]]},"properties":{"shapeName":"Manzhou","shapeID":"52511910B96811995525646","shapeGroup":"TWN","shapeType":"ADM2"}},
{"type":"Feature","geometry":{"type":"Polygon","coordinates":[[[121.2347869,23.8179804],[121.2255085,23.7979787],[121.228378,23.7851938],[121.2046358,23.7723492],[121.2064885,23.7629751],[121.2215559,23.7526891],[121.2294271,23.7521569],[121.2331781,23.729949],[121.2412147,23.7087365],[121.2393815,23.6868379],[121.2324375,23.6774174],[121.2360236,23.6703692],[121.2301194,23.6478364],[121.2240317,23.6386949],[121.2236106,23.6230497],[121.2133492,23.6003771],[121.2208026,23.5994705],[121.2456288,23.6151906],[121.2441797,23.5921507],[121.2521545,23.5764461],[121.2498648,23.5500731],[121.2634381,23.5388041],[121.2839498,23.5431072],[121.3149443,23.5621533],[121.3223969,23.5615061],[121.3204489,23.5411495],[121.3219842,23.5162417],[121.3277382,23.5004022],[121.3371971,23.4903656],[121.3455033,23.4908307],[121.3488442,23.5257674],[121.3680298,23.5266718],[121.3750638,23.5381909],[121.3744581,23.5570266],[121.3640131,23.5700769],[121.3521876,23.5659163],[121.3515114,23.5766973],[121.3595902,23.5797715],[121.3522392,23.5984914],[121.357816,23.6056438],[121.3679603,23.6210453],[121.369016,23.635267],[121.3794013,23.6430979],[121.3786456,23.6610169],[121.3705461,23.676265],[121.3731805,23.6886091],[121.4037111,23.6889862],[121.4063346,23.6965958],[121.4349293,23.7333003],[121.4212126,23.7470523],[121.4223042,23.7616708],[121.430542,23.7687658],[121.4429278,23.7671845],[121.4530094,23.7610579],[121.4532017,23.7839164],[121.4434014,23.7952931],[121.4510446,23.8122381],[121.4410957,23.8188004],[121.42837,23.82911],[121.4221,23.84196],[121.40506,23.84512],[121.39942,23.83739],[121.38661,23.83945],[121.35972,23.86542],[121.36037,23.87711],[121.34584,23.89672],[121.337,23.89842],[121.32966,23.91576],[121.29529,23.92563],[121.27456,23.92651],[121.2750534,23.9077174],[121.2611381,23.9026686],[121.2683612,23.8834599],[121.2530824,23.8679817],[121.2488788,23.8521385],[121.2393726,23.8403266],[121.2347869,23.8179804]]]},"properties":{"shapeName":"Wanrong","shapeID":"52511910B67072521171420","shapeGroup":"TWN","shapeType":"ADM2"}},
{"type":"Feature","geometry":{"type":"Polygon","coordinates":[[[118.380628101815,24.463816051221478],[118.36684693279533,24.46090320661113],[118.3605871,24.4483858],[118.36033627264787,24.42698945508958],[118.38575123400005,24.43546821600006],[118.40247599000008,24.435211234000064],[118.4108127,24.4289192],[118.42721565900001,24.425187137000023],[118.43745138700001,24.41039831100005],[118.45559648200003,24.41820589200006],[118.45940302500003,24.43600166400006],[118.46546827100008,24.442440486000066],[118.46520898731896,24.453229856108276],[118.4551539,24.4466454],[118.4329668,24.4710028],[118.396044,24.4538268],[118.380628101815,24.463816051221478]]]},"properties":{"shapeName":"金湖鎮","shapeID":"52511910B57972476709593","shapeGroup":"TWN","shapeType":"ADM2"}},
{"type":"Feature","geometry":{"type":"Polygon","coordinates":[[[120.416789,23.6795478],[120.4058677,23.6676469],[120.387596,23.6514367],[120.3820762,23.6348992],[120.3664956,23.6078068],[120.3797517,23.6099207],[120.3865595,23.6209734],[120.4026522,23.6269405],[120.4138146,23.6224204],[120.4222568,23.6191069],[120.4410804,23.6259378],[120.4684024,23.6302905],[120.4745123,23.6623352],[120.4624813,23.6656457],[120.4512867,23.6740703],[120.4429964,23.6697883],[120.4293762,23.6708708],[120.416789,23.6795478]]]},"properties":{"shapeName":"大埤鄉 (Dapi)","shapeID":"52511910B61192023784720","shapeGroup":"TWN","shapeType":"ADM2"}},
{"type":"Feature","geometry":{"type":"Polygon","coordinates":[[[120.8227,24.38911],[120.8186,24.37589],[120.79532,24.35643],[120.77693,24.34839],[120.77599,24.33933],[120.83051,24.34302],[120.85137,24.35987],[120.85984,24.35489],[120.86843,24.36027],[120.88531,24.36383],[120.90643,24.36431],[120.91357,24.36705],[120.91443,24.38836],[120.91804,24.40289],[120.90724,24.4163],[120.9133,24.43643],[120.90411,24.44709],[120.8857,24.44625],[120.87416,24.45726],[120.86682,24.45561],[120.85555,24.44078],[120.845,24.43533],[120.84298,24.42276],[120.83611,24.41336],[120.8407,24.40624],[120.8227,24.38911]]]},"properties":{"shapeName":"大湖鄉","shapeID":"52511910B71032150875325","shapeGroup":"TWN","shapeType":"ADM2"}},
{"type":"Feature","geometry":{"type":"Polygon","coordinates":[[[120.44507,23.96015],[120.45563,23.94],[120.46674,23.93142],[120.47489,23.92196],[120.49028,23.9205],[120.49457,23.92507],[120.50817,23.93496],[120.51317,23.94498],[120.51528,23.96539],[120.51225,23.97755],[120.50446,23.97339],[120.48502,23.97322],[120.47221,23.98378],[120.46586,23.98049],[120.46494,23.96747],[120.44507,23.96015]]]},"properties":{"shapeName":"溪湖鎮","shapeID":"52511910B59824272814460","shapeGroup":"TWN","shapeType":"ADM2"}},
{"type":"Feature","geometry":{"type":"Polygon","coordinates":[[[120.6326714,22.4358082],[120.6234981,22.4214472],[120.6320806,22.4143998],[120.6249289,22.4073184],[120.6309053,22.3953201],[120.6187164,22.3913269],[120.6182142,22.3768659],[120.6218208,22.3617191],[120.6402379,22.3552287],[120.6413917,22.3518488],[120.6587668,22.34101],[120.6641945,22.3458058],[120.6839047,22.3436694],[120.7191823,22.3546935],[120.7333393,22.3665336],[120.7435078,22.3675257],[120.7486644,22.38049],[120.7564412,22.3886101],[120.7555175,22.4031723],[120.7646489,22.4087403],[120.7799487,22.4092472],[120.789544,22.4176187],[120.776508,22.4494461],[120.7581369,22.4585479],[120.7515118,22.4585067],[120.7352486,22.4460572],[120.729836,22.4459446],[120.7197796,22.4682833],[120.6987518,22.4682845],[120.6927327,22.4498679],[120.6592048,22.4400327],[120.6502298,22.4430882],[120.6415959,22.4327201],[120.6326714,22.4358082]]]},"properties":{"shapeName":"Chunri","shapeID":"52511910B70153095650041","shapeGroup":"TWN","shapeType":"ADM2"}},
{"type":"Feature","geometry":{"type":"Polygon","coordinates":[[[120.84375,24.58646],[120.82433,24.59721],[120.8071423,24.59899],[120.7989046,24.5882506],[120.78468,24.58781],[120.77839,24.56929],[120.7871,24.56382],[120.79217,24.54631],[120.78324,24.53378],[120.78755,24.5194],[120.79723,24.52558],[120.81281,24.52687],[120.82011,24.53792],[120.83513,24.54929],[120.8415,24.56049],[120.84506,24.57536],[120.84375,24.58646]]]},"properties":{"shapeName":"苗栗市","shapeID":"52511910B26440140856632","shapeGroup":"TWN","shapeType":"ADM2"}},
{"type":"Feature","geometry":{"type":"Polygon","coordinates":[[[120.6294156,23.889102],[120.6248191,23.8770713],[120.6200834,23.8656333],[120.6272044,23.8566571],[120.6155514,23.8406087],[120.6299235,23.8373572],[120.6400201,23.8202986],[120.6506957,23.8127184],[120.6788137,23.8162963],[120.6838217,23.8013399],[120.6968228,23.807294],[120.7098294,23.823243],[120.7279947,23.8340237],[120.7268955,23.8489919],[120.7365289,23.8555818],[120.7308165,23.8735953],[120.7230606,23.8808789],[120.7133455,23.8910479],[120.6831479,23.8804114],[120.6616698,23.8821287],[120.6431174,23.8885949],[120.6294156,23.889102]]]},"properties":{"shapeName":"Mingjian Town","shapeID":"52511910B95850947838113","shapeGroup":"TWN","shapeType":"ADM2"}},
{"type":"Feature","geometry":{"type":"Polygon","coordinates":[[[120.95707,24.12415],[120.9525531,24.1052464],[120.9439698,24.094388],[120.9470018,24.0867382],[120.9376903,24.0746863],[120.9454978,24.0669584],[120.9436518,24.0530453],[120.9592885,24.044653],[120.9715562,24.0308925],[120.9813585,24.0315125],[120.9911627,24.0200929],[121.0028611,24.0205336],[121.0032691,24.0071333],[121.0094066,24.0001545],[121.0262413,24.0039921],[121.0330607,23.999151],[121.0578167,23.9972816],[121.0694619,23.9831331],[121.0573695,23.9689086],[121.0461231,23.9434423],[121.0309086,23.9440771],[121.0277271,23.9553812],[121.0172005,23.9680544],[121.0021612,23.9668658],[121.0018493,23.9546305],[121.0082327,23.9463871],[120.9913934,23.9243852],[120.9823235,23.9184653],[120.9907899,23.8953298],[120.9804034,23.8834169],[120.9930597,23.8628112],[120.9957777,23.8462216],[120.9925698,23.8393519],[121.0033144,23.8277142],[121.015265,23.821509],[121.042227,23.8144996],[121.0695129,23.8098823],[121.0970703,23.815962],[121.1130741,23.8249877],[121.1176496,23.8353296],[121.1478674,23.8471573],[121.1592304,23.8653941],[121.1686702,23.8633777],[121.1779148,23.8536056],[121.196874,23.8509155],[121.2123808,23.8431954],[121.2214526,23.8344204],[121.2227245,23.8182533],[121.2347869,23.8179804],[121.2393726,23.8403266],[121.2488788,23.8521385],[121.2530824,23.8679817],[121.2683612,23.8834599],[121.2611381,23.9026686],[121.2750534,23.9077174],[121.27456,23.92651],[121.27374,23.97506],[121.26482,23.97534],[121.2602,23.99249],[121.27005,24.00676],[121.27651,24.02435],[121.2855,24.03924],[121.28312,24.05401],[121.32316,24.08493],[121.31891,24.09491],[121.32846,24.11433],[121.31616,24.11643],[121.29537,24.13261],[121.28142,24.13559],[121.28838,24.1581],[121.2876659,24.1732065],[121.29853,24.17996],[121.31595,24.18539],[121.3251746,24.1959263],[121.3494,24.20084],[121.34912,24.21091],[121.34275,24.22365],[121.32445,24.23301],[121.30389,24.23367],[121.2802,24.22977],[121.26542,24.24567],[121.25507,24.24322],[121.244,24.22239],[121.23795,24.2197],[121.21849,24.22863],[121.20797,24.22161],[121.19634,24.22301],[121.18216,24.21215],[121.1677,24.22539],[121.16098,24.21518],[121.14813,24.21307],[121.14137,24.19964],[121.13489,24.19625],[121.10757,24.19788],[121.09633,24.19207],[121.08451,24.17576],[121.07277,24.16999],[121.05266,24.15479],[121.04758,24.16003],[121.0155,24.15602],[121.00711,24.1449],[120.99956,24.12776],[120.99202,24.12106],[120.97647,24.11692],[120.95707,24.12415]]]},"properties":{"shapeName":"Ren'ai Township","shapeID":"52511910B4023851996912","shapeGroup":"TWN","shapeType":"ADM2"}},
{"type":"Feature","geometry":{"type":"Polygon","coordinates":[[[118.30942990688926,24.437453390831482],[118.3119558080001,24.42775504800005],[118.3003275,24.417487],[118.28050069500027,24.411138821377406],[118.2990762,24.3964824],[118.32022,24.38583],[118.32762968700001,24.387721079000073],[118.34268952862774,24.412718662360735],[118.3252697,24.4218338],[118.3303937,24.4324768],[118.3170016,24.4389774],[118.30942990688926,24.437453390831482]]]},"properties":{"shapeName":"Jincheng Township","shapeID":"52511910B21260910933226","shapeGroup":"TWN","shapeType":"ADM2"}},
{"type":"Feature","geometry":{"type":"Polygon","coordinates":[[[120.7639393,23.8169531],[120.7598414,23.7982759],[120.7532137,23.7904841],[120.7318578,23.7836174],[120.7138208,23.773246],[120.726734,23.7589987],[120.7398757,23.7541083],[120.739959,23.7460471],[120.7290883,23.741229],[120.7355677,23.7321382],[120.7315457,23.701475],[120.7392731,23.6911908],[120.7679147,23.6729632],[120.7706762,23.659612],[120.803941,23.6494868],[120.8081168,23.6538341],[120.8094391,23.6779051],[120.8074347,23.6894188],[120.8138688,23.7006167],[120.8401884,23.7111903],[120.8285529,23.7269523],[120.8313455,23.7648169],[120.8172449,23.7727889],[120.8103305,23.8005631],[120.8156113,23.8084487],[120.8116085,23.8177799],[120.7988757,23.8154644],[120.7833476,23.8177945],[120.7639393,23.8169531]]]},"properties":{"shapeName":"Lugu Town","shapeID":"52511910B8640641883305","shapeGroup":"TWN","shapeType":"ADM2"}},
{"type":"Feature","geometry":{"type":"Polygon","coordinates":[[[120.5397563,22.5643608],[120.5296462,22.5657063],[120.5086426,22.5466703],[120.523748,22.5436226],[120.5298976,22.5034024],[120.5429366,22.5109781],[120.5562924,22.5089437],[120.6016766,22.5211004],[120.6056736,22.5248714],[120.6053699,22.5402808],[120.5919654,22.5459238],[120.5849706,22.5611466],[120.563309,22.5573008],[120.548814,22.565806],[120.5397563,22.5643608]]]},"properties":{"shapeName":"Chaozhou","shapeID":"52511910B55551570232595","shapeGroup":"TWN","shapeType":"ADM2"}},
{"type":"Feature","geometry":{"type":"Polygon","coordinates":[[[119.9658937589323,26.202820877499615],[119.98371650000001,26.218418901000064],[120.0105225,26.2211703],[120.00004300100011,26.237982800000054],[119.9829552000001,26.224963500000058],[119.97144970000011,26.220943199000033],[119.9658937589323,26.202820877499615]]]},"properties":{"shapeName":"Beigan","shapeID":"52511910B38062779232785","shapeGroup":"TWN","shapeType":"ADM2"}},
{"type":"Feature","geometry":{"type":"Polygon","coordinates":[[[120.7230606,23.8808789],[120.7308165,23.8735953],[120.7365289,23.8555818],[120.7551379,23.8560765],[120.7650097,23.848106],[120.7787142,23.846041],[120.7845398,23.8514253],[120.803551,23.848691],[120.8311392,23.8560849],[120.8421237,23.8556088],[120.8500533,23.8585628],[120.8466896,23.8788563],[120.8530093,23.8926298],[120.8477259,23.9042293],[120.8410996,23.932621],[120.8287138,23.9380178],[120.8296207,23.9529935],[120.8347664,23.970478],[120.8084989,23.9706754],[120.8028406,23.9630225],[120.7872959,23.9565275],[120.7752741,23.9574246],[120.7638238,23.9678547],[120.73447,23.94926],[120.7264218,23.9305839],[120.7161146,23.9210007],[120.7174087,23.9079553],[120.7105542,23.8941475],[120.7242953,23.8904458],[120.7230606,23.8808789]]]},"properties":{"shapeName":"Zhongliao Township","shapeID":"52511910B28710323112279","shapeGroup":"TWN","shapeType":"ADM2"}},
{"type":"Feature","geometry":{"type":"Polygon","coordinates":[[[121.2158441,23.0094151],[121.2220076,23.0135135],[121.2258225,23.0266487],[121.1902062,23.0299841],[121.1810279,23.03865],[121.1994417,23.0594665],[121.2004869,23.0732143],[121.1869535,23.1120965],[121.1752501,23.1226477],[121.1761214,23.0950052],[121.1708902,23.0844674],[121.1633196,23.0815239],[121.1632799,23.0676708],[121.1573464,23.0531097],[121.1339549,23.0269092],[121.1451841,23.0182012],[121.1309252,22.9949884],[121.1568407,22.9969052],[121.1735231,22.9857474],[121.180983,22.9867745],[121.1990694,23.0018474],[121.2101029,23.0027212],[121.2158441,23.0094151]]]},"properties":{"shapeName":"Guanshan","shapeID":"52511910B59360103371589","shapeGroup":"TWN","shapeType":"ADM2"}},
{"type":"Feature","geometry":{"type":"Polygon","coordinates":[[[120.6326714,22.4358082],[120.6091064,22.4451792],[120.59623,22.4480855],[120.5765834,22.4577309],[120.5669141,22.4294852],[120.5760978,22.4147082],[120.54653737042061,22.397376684384746],[120.57746,22.37751],[120.5927248,22.3645242],[120.6063853,22.3405719],[120.6181824,22.3505528],[120.6402379,22.3552287],[120.6218208,22.3617191],[120.6182142,22.3768659],[120.6187164,22.3913269],[120.6309053,22.3953201],[120.6249289,22.4073184],[120.6320806,22.4143998],[120.6234981,22.4214472],[120.6326714,22.4358082]]]},"properties":{"shapeName":"Fangliao","shapeID":"52511910B31717620625581","shapeGroup":"TWN","shapeType":"ADM2"}},
{"type":"Feature","geometry":{"type":"Polygon","coordinates":[[[120.44507,23.96015],[120.42947,23.97107],[120.41262,23.99637],[120.40883,23.99871],[120.40185,23.98311],[120.40277,23.9709],[120.39675,23.95084],[120.38683,23.94526],[120.3816,23.92657],[120.36868,23.92269],[120.36057,23.90623],[120.34941,23.89623],[120.34379,23.87831],[120.34186,23.87067],[120.34941,23.85969],[120.36557,23.85319],[120.37119,23.86312],[120.39973,23.8643],[120.40767,23.88681],[120.42095,23.88578],[120.44226,23.87454],[120.44762,23.87608],[120.44687,23.89166],[120.4411,23.89466],[120.44754,23.91563],[120.44588,23.9303],[120.45974,23.92726],[120.46674,23.93142],[120.45563,23.94],[120.44507,23.96015]]]},"properties":{"shapeName":"二林鎮","shapeID":"52511910B45758904415578","shapeGroup":"TWN","shapeType":"ADM2"}},
{"type":"Feature","geometry":{"type":"Polygon","coordinates":[[[120.9163791,22.5087386],[120.9414392,22.4883476],[120.9415557,22.4765951],[120.9251663,22.4628484],[120.94595181967809,22.45751342152129],[120.95879823300004,22.505093902000056],[120.96817896100004,22.52692249200004],[120.9816399,22.56437],[121.00831819391769,22.589350633068513],[121.0122006,22.6192364],[121.0167803,22.6357383],[121.0266218,22.6577319],[121.0401199,22.67099],[121.06543827331758,22.684763727913186],[121.055053,22.695255],[121.0396387,22.7014571],[121.0230648,22.6946225],[120.9922444,22.6920915],[121.0017983,22.673775],[120.996075,22.6658057],[120.9812102,22.6647538],[120.9717283,22.6538293],[120.9800403,22.6431787],[120.9963694,22.6457257],[121.0049231,22.6341922],[120.9944825,22.6296704],[120.9762502,22.630268],[120.976638,22.6110817],[120.9728589,22.58817],[120.9751522,22.5807798],[120.9616923,22.5671512],[120.9415751,22.5723353],[120.9186312,22.5563962],[120.9245091,22.5376036],[120.9328677,22.5281712],[120.9105702,22.5144931],[120.9163791,22.5087386]]]},"properties":{"shapeName":"Taimali","shapeID":"52511910B85663060935330","shapeGroup":"TWN","shapeType":"ADM2"}},
{"type":"Feature","geometry":{"type":"Polygon","coordinates":[[[121.0370395,24.7106619],[121.0406656,24.7043694],[121.0368092,24.6736714],[121.0464607,24.6670515],[121.0389502,24.6488398],[121.0489642,24.6409007],[121.0431361,24.6272877],[121.0531815,24.6154653],[121.0613197,24.6217428],[121.071539,24.6139761],[121.0736338,24.620897],[121.0966826,24.6413224],[121.0858831,24.6651777],[121.0849407,24.6759503],[121.0940508,24.6871877],[121.0846626,24.709641],[121.0728495,24.7146915],[121.06959,24.7308695],[121.0586766,24.7301784],[121.0476401,24.7165897],[121.0370395,24.7106619]]]},"properties":{"shapeName":"Beipu","shapeID":"52511910B96314718972571","shapeGroup":"TWN","shapeType":"ADM2"}},
{"type":"Feature","geometry":{"type":"Polygon","coordinates":[[[120.4337812,23.5098514],[120.4350192,23.5171424],[120.4479574,23.5180939],[120.4642388,23.4991362],[120.474755,23.506793],[120.4831595,23.5053705],[120.4961093,23.5212275],[120.4984854,23.5351106],[120.5069697,23.5473402],[120.5146724,23.5430401],[120.5163585,23.5515671],[120.4995354,23.557347],[120.4902492,23.5681969],[120.483786,23.5662478],[120.4698575,23.5808511],[120.4560748,23.582473],[120.4456566,23.5849241],[120.4398347,23.5793032],[120.4262272,23.5796896],[120.4064697,23.5702498],[120.3993237,23.5623359],[120.3875443,23.5654768],[120.3787472,23.5556418],[120.375867,23.5342674],[120.3999814,23.5296576],[120.3987663,23.5144175],[120.3888029,23.5160439],[120.3930903,23.5066437],[120.4088143,23.506566],[120.4337812,23.5098514]]]},"properties":{"shapeName":"Minxiong","shapeID":"52511910B34768840903386","shapeGroup":"TWN","shapeType":"ADM2"}},
{"type":"Feature","geometry":{"type":"Polygon","coordinates":[[[120.89661883433227,22.14344461557797],[120.8910895,22.1634435],[120.89298,22.1779801],[120.88982934700005,22.19420297700003],[120.89574207174914,22.2048726623308],[120.89320342200006,22.219670824000048],[120.8987902609274,22.234033974380676],[120.8955201,22.2462225],[120.8665514,22.2297764],[120.8681794,22.2216019],[120.8630605,22.2097323],[120.8356714,22.2140485],[120.8240254,22.2069914],[120.7800111,22.1943742],[120.7555254,22.1765539],[120.7326384,22.1745498],[120.7381809,22.1479962],[120.7349145,22.1295169],[120.7360584,22.1182829],[120.7394049,22.099561],[120.74699,22.0985398],[120.7600471,22.1120443],[120.7927801,22.1000676],[120.7945878,22.068015],[120.8066919,22.0591642],[120.8221633,22.0765403],[120.8283713,22.1033091],[120.8488251,22.1161368],[120.8565464,22.1300465],[120.8517674,22.1453061],[120.8662014,22.1405197],[120.8842261,22.1385908],[120.89661883433227,22.14344461557797]]]},"properties":{"shapeName":"Mudan","shapeID":"52511910B86664130512952","shapeGroup":"TWN","shapeType":"ADM2"}},
{"type":"Feature","geometry":{"type":"Polygon","coordinates":[[[120.7612557,22.6298567],[120.7467901,22.655554],[120.7353459,22.6508945],[120.7243025,22.657192],[120.6932449,22.6542935],[120.6870369,22.6459218],[120.6691717,22.6494511],[120.6587347,22.6418252],[120.6504614,22.6450977],[120.6315845,22.6246129],[120.6281457,22.6119509],[120.6317353,22.6010127],[120.6319113,22.5731766],[120.6267778,22.5426932],[120.6444076,22.5398355],[120.6459392,22.5621223],[120.6522444,22.5657355],[120.6797589,22.5633115],[120.6936019,22.5574432],[120.6991024,22.5620203],[120.7294037,22.5623981],[120.7399965,22.5584509],[120.7415802,22.5687335],[120.7492889,22.577669],[120.7464577,22.5907774],[120.7547863,22.6019179],[120.7529584,22.6115985],[120.7612557,22.6298567]]]},"properties":{"shapeName":"Taiwu","shapeID":"52511910B3118715998086","shapeGroup":"TWN","shapeType":"ADM2"}},
{"type":"Feature","geometry":{"type":"Polygon","coordinates":[[[120.51225,23.97755],[120.50878,23.98257],[120.50573,23.99077],[120.49461,24.00581],[120.4864,24.01098],[120.46474,24.01309],[120.44711,24.02369],[120.43548,24.02283],[120.42786,24.01369],[120.42494,23.99365],[120.41262,23.99637],[120.42947,23.97107],[120.44507,23.96015],[120.46494,23.96747],[120.46586,23.98049],[120.47221,23.98378],[120.48502,23.97322],[120.50446,23.97339],[120.51225,23.97755]]]},"properties":{"shapeName":"埔鹽鄉","shapeID":"52511910B7838707993704","shapeGroup":"TWN","shapeType":"ADM2"}},
{"type":"Feature","geometry":{"type":"Polygon","coordinates":[[[120.8293783,22.9751748],[120.8302397,22.9702334],[120.8489717,22.9644674],[120.8607228,22.9552436],[120.8827187,22.9552018],[120.8881468,22.9591116],[120.9048661,22.9465982],[120.9252105,22.948331],[120.940009,22.9614587],[120.9485152,22.9613917],[120.9610514,22.9721416],[120.9653632,22.9869398],[120.9736686,22.995358],[120.9882244,22.9910156],[121.0167291,22.9888315],[121.0270286,22.9856693],[121.0460465,22.9879295],[121.056645,22.9929316],[121.0780534,22.9959534],[121.1052128,22.9905744],[121.1221961,22.9812903],[121.1309252,22.9949884],[121.1451841,23.0182012],[121.1339549,23.0269092],[121.1573464,23.0531097],[121.1632799,23.0676708],[121.1633196,23.0815239],[121.1708902,23.0844674],[121.1761214,23.0950052],[121.1752501,23.1226477],[121.1803902,23.1378396],[121.1732271,23.1475954],[121.1780714,23.1542949],[121.1949745,23.1575235],[121.2119502,23.1442162],[121.2125335,23.1548195],[121.1991961,23.1751751],[121.1981025,23.1886623],[121.1893941,23.2037781],[121.1759281,23.2100887],[121.160977,23.2060067],[121.1560257,23.2001703],[121.139802,23.2015454],[121.1292585,23.2233248],[121.1085909,23.2234688],[121.0923466,23.2338652],[121.0835375,23.2329493],[121.0698149,23.2495102],[121.0558294,23.2906992],[121.0388976,23.3006266],[121.0283346,23.2971438],[121.0105981,23.2927437],[120.9860864,23.2803125],[120.9709576,23.2812249],[120.9580744,23.2651697],[120.9380088,23.2451906],[120.9262066,23.244451],[120.9158049,23.2379947],[120.9116969,23.2283632],[120.9117951,23.2103439],[120.9063784,23.1969281],[120.9124786,23.1866886],[120.8984192,23.1761055],[120.8949783,23.1606927],[120.8835424,23.1535196],[120.8879063,23.1366866],[120.8850235,23.1198788],[120.8893955,23.1100585],[120.8855643,23.0889149],[120.8691555,23.0596888],[120.8812761,23.0440753],[120.8795601,23.0346997],[120.8610605,23.0297325],[120.8606068,23.007963],[120.8419918,22.991035],[120.8416656,22.9848368],[120.8293783,22.9751748]]]},"properties":{"shapeName":"Haiduan","shapeID":"52511910B3988585053627","shapeGroup":"TWN","shapeType":"ADM2"}},
{"type":"Feature","geometry":{"type":"Polygon","coordinates":[[[120.7610765,22.5031512],[120.7638291,22.4911405],[120.757652,22.481976],[120.7515118,22.4585067],[120.7581369,22.4585479],[120.776508,22.4494461],[120.789544,22.4176187],[120.7799487,22.4092472],[120.7646489,22.4087403],[120.7555175,22.4031723],[120.7564412,22.3886101],[120.7486644,22.38049],[120.7435078,22.3675257],[120.7527741,22.3603397],[120.7630248,22.3591358],[120.7673551,22.3476449],[120.7850773,22.3455022],[120.7928359,22.3347805],[120.7963685,22.3167557],[120.7872753,22.3092385],[120.7781339,22.3085577],[120.7777605,22.2978773],[120.7898594,22.2933777],[120.7980082,22.2764536],[120.7996277,22.2571367],[120.8153892,22.2631773],[120.8394875,22.2435815],[120.8586725,22.2408018],[120.8665514,22.2297764],[120.8955201,22.2462225],[120.8912399,22.2754901],[120.89115765892343,22.29169938994565],[120.8862001,22.29956],[120.8585671,22.316216],[120.8661555,22.3346609],[120.8603368,22.3406243],[120.871456,22.3571587],[120.8792824,22.3618792],[120.8782946,22.3759326],[120.886871,22.3809798],[120.8861911,22.395338],[120.873639,22.405243],[120.8872322,22.409894],[120.8881141,22.4232609],[120.8941189,22.430507],[120.9066816,22.4340337],[120.9083958,22.44559],[120.9191658,22.4622806],[120.9251663,22.4628484],[120.9415557,22.4765951],[120.9414392,22.4883476],[120.9163791,22.5087386],[120.893026,22.4982745],[120.8880163,22.4925637],[120.8657466,22.4921101],[120.8575759,22.48093],[120.845996,22.4766434],[120.8106611,22.4831101],[120.7945662,22.4939695],[120.7778209,22.4922776],[120.7707822,22.5022843],[120.7610765,22.5031512]]]},"properties":{"shapeName":"Daren","shapeID":"52511910B9049907467318","shapeGroup":"TWN","shapeType":"ADM2"}},
{"type":"Feature","geometry":{"type":"Polygon","coordinates":[[[120.90411,24.44709],[120.91113,24.45288],[120.92194,24.48093],[120.92119,24.49548],[120.93874,24.499],[120.9493,24.50642],[120.96565,24.50653],[120.95443,24.51698],[120.94904,24.52844],[120.9555,24.53985],[120.95632,24.55135],[120.9700727,24.5690583],[120.9745827,24.5833283],[120.9667027,24.5868083],[120.95559,24.5997],[120.94904,24.60118],[120.93686,24.58955],[120.91907,24.55788],[120.91033,24.55732],[120.90349,24.54202],[120.90694,24.53365],[120.89714,24.51747],[120.88326,24.50917],[120.873,24.49069],[120.86587,24.46956],[120.87416,24.45726],[120.8857,24.44625],[120.90411,24.44709]]]},"properties":{"shapeName":"獅潭鄉","shapeID":"52511910B1345857498627","shapeGroup":"TWN","shapeType":"ADM2"}},
{"type":"Feature","geometry":{"type":"Polygon","coordinates":[[[120.4360832,22.6516525],[120.4353031,22.6287783],[120.4580724,22.6301596],[120.4809288,22.6211835],[120.5013113,22.6188124],[120.5063178,22.6248697],[120.5122007,22.6455579],[120.5225669,22.6595866],[120.5127506,22.6627477],[120.5117611,22.6909653],[120.5229462,22.6931983],[120.5284893,22.7003972],[120.5215642,22.70733],[120.5048,22.7137861],[120.4715146,22.7028555],[120.4617174,22.688835],[120.4480754,22.6893939],[120.4396241,22.6783118],[120.4360832,22.6516525]]]},"properties":{"shapeName":"Pingtung City","shapeID":"52511910B78362812420952","shapeGroup":"TWN","shapeType":"ADM2"}},
{"type":"Feature","geometry":{"type":"Polygon","coordinates":[[[120.9436518,24.0530453],[120.9394653,24.046226],[120.9178305,24.0481074],[120.9028929,24.0396533],[120.9020139,24.0297441],[120.8886564,24.0189474],[120.9021087,24.0099809],[120.9054824,23.9757242],[120.8857971,23.9655132],[120.8792272,23.9532256],[120.8797564,23.925069],[120.893258,23.9330363],[120.9094602,23.922756],[120.9168677,23.9279311],[120.9286556,23.9234033],[120.9433358,23.9330476],[120.9646148,23.928049],[120.9713362,23.9175297],[120.9859937,23.9047816],[120.9907899,23.8953298],[120.9823235,23.9184653],[120.9913934,23.9243852],[121.0082327,23.9463871],[121.0018493,23.9546305],[121.0021612,23.9668658],[121.0172005,23.9680544],[121.0277271,23.9553812],[121.0309086,23.9440771],[121.0461231,23.9434423],[121.0573695,23.9689086],[121.0694619,23.9831331],[121.0578167,23.9972816],[121.0330607,23.999151],[121.0262413,24.0039921],[121.0094066,24.0001545],[121.0032691,24.0071333],[121.0028611,24.0205336],[120.9911627,24.0200929],[120.9813585,24.0315125],[120.9715562,24.0308925],[120.9592885,24.044653],[120.9436518,24.0530453]]]},"properties":{"shapeName":"Puli Town","shapeID":"52511910B90712224530022","shapeGroup":"TWN","shapeType":"ADM2"}},
{"type":"Feature","geometry":{"type":"Polygon","coordinates":[[[120.8401884,23.7111903],[120.8456607,23.7167045],[120.8801465,23.7190692],[120.8893158,23.7275366],[120.883687,23.7358117],[120.8796544,23.7524354],[120.8836864,23.7593443],[120.8735915,23.7786487],[120.8754132,23.7831477],[120.9084654,23.7870964],[120.9194222,23.793409],[120.9349733,23.7891523],[120.9333138,23.829479],[120.9162598,23.8277857],[120.9045685,23.8138073],[120.8920329,23.8098586],[120.8738509,23.8131041],[120.8672856,23.8219136],[120.8821193,23.841699],[120.8802965,23.855603],[120.8710775,23.8636642],[120.8767603,23.8758167],[120.8655862,23.9076777],[120.8623676,23.8976048],[120.8530093,23.8926298],[120.8466896,23.8788563],[120.8500533,23.8585628],[120.8421237,23.8556088],[120.8412758,23.8442015],[120.833657,23.8362683],[120.8289531,23.8221079],[120.8116085,23.8177799],[120.8156113,23.8084487],[120.8103305,23.8005631],[120.8172449,23.7727889],[120.8313455,23.7648169],[120.8285529,23.7269523],[120.8401884,23.7111903]]]},"properties":{"shapeName":"Shueli Town","shapeID":"52511910B97596648855860","shapeGroup":"TWN","shapeType":"ADM2"}},
{"type":"Feature","geometry":{"type":"Polygon","coordinates":[[[120.8415,24.56049],[120.84779,24.54646],[120.86705,24.53846],[120.88858,24.54386],[120.90349,24.54202],[120.91033,24.55732],[120.91907,24.55788],[120.93686,24.58955],[120.92096,24.59699],[120.90285,24.59974],[120.83976,24.60326],[120.8351,24.59901],[120.84375,24.58646],[120.84506,24.57536],[120.8415,24.56049]]]},"properties":{"shapeName":"頭屋鄉","shapeID":"52511910B1289591480139","shapeGroup":"TWN","shapeType":"ADM2"}},
{"type":"Feature","geometry":{"type":"Polygon","coordinates":[[[120.62589,24.04665],[120.60737,24.0439],[120.59285,24.03774],[120.59544,24.02448],[120.60514,24.00955],[120.60881,23.99013],[120.61576,23.98401],[120.6296518,23.9561114],[120.6367394,23.9526971],[120.6468467,23.9633794],[120.6500864,23.984923],[120.6375036,23.9937414],[120.6380886,24.0074071],[120.646016,24.0091579],[120.6725764,24.0058498],[120.67863,24.01403],[120.65572,24.03068],[120.64471,24.02583],[120.62849,24.02952],[120.62589,24.04665]]]},"properties":{"shapeName":"芬園鄉","shapeID":"52511910B4018321552262","shapeGroup":"TWN","shapeType":"ADM2"}},
{"type":"Feature","geometry":{"type":"MultiPolygon","coordinates":[[[[120.45056674108011,24.147727384895028],[120.4391659,24.1328738],[120.43907305537039,24.124730335882866],[120.45198,24.12656],[120.46329,24.11566],[120.46719,24.1063],[120.47743,24.10244],[120.48642,24.12323],[120.482,24.14016],[120.46565,24.14814],[120.45056674108011,24.147727384895028]]],[[[120.40232,24.12374],[120.41818615600071,24.123878922927407],[120.436283,24.1252395],[120.4378246,24.133657],[120.44934551145607,24.14863096604041],[120.43889,24.15836],[120.40905581900006,24.12517566100007],[120.40232,24.12374]]]]},"properties":{"shapeName":"線西鄉","shapeID":"52511910B4802898208422","shapeGroup":"TWN","shapeType":"ADM2"}},
{"type":"Feature","geometry":{"type":"Polygon","coordinates":[[[120.36557,23.85319],[120.37516,23.82857],[120.4095012,23.8262955],[120.4332763,23.8300972],[120.4472218,23.8207642],[120.45539,23.81664],[120.45887,23.83505],[120.44479,23.84995],[120.44736,23.85589],[120.44226,23.87454],[120.42095,23.88578],[120.40767,23.88681],[120.39973,23.8643],[120.37119,23.86312],[120.36557,23.85319]]]},"properties":{"shapeName":"竹塘鄉","shapeID":"52511910B69050472249631","shapeGroup":"TWN","shapeType":"ADM2"}},
{"type":"Feature","geometry":{"type":"Polygon","coordinates":[[[120.56152,23.93796],[120.5371,23.9294],[120.52875,23.93747],[120.50817,23.93496],[120.49457,23.92507],[120.51549,23.91331],[120.5241,23.91434],[120.53879,23.90734],[120.53794,23.90179],[120.56452,23.90331],[120.56617,23.91191],[120.57708,23.91449],[120.57124,23.92706],[120.57542,23.93324],[120.56152,23.93796]]]},"properties":{"shapeName":"永靖鄉","shapeID":"52511910B24462040337349","shapeGroup":"TWN","shapeType":"ADM2"}},
{"type":"Feature","geometry":{"type":"Polygon","coordinates":[[[120.60881,23.99013],[120.60514,24.00955],[120.59362,24.01101],[120.57888,24.00564],[120.55723,24.00257],[120.55206,24.00779],[120.53483,24.01283],[120.52665,24.00099],[120.50573,23.99077],[120.50878,23.98257],[120.51521,23.97813],[120.54716,23.97547],[120.56287,23.97921],[120.57611,23.97567],[120.60881,23.99013]]]},"properties":{"shapeName":"大村鄉","shapeID":"52511910B79023193352255","shapeGroup":"TWN","shapeType":"ADM2"}},
{"type":"Feature","geometry":{"type":"Polygon","coordinates":[[[120.34379,23.87831],[120.32151,23.88196],[120.31922,23.89398],[120.29695698661709,23.895546037251723],[120.28761800100006,23.874692999000047],[120.262284885892,23.858117581972138],[120.27460984700008,23.840156981000064],[120.2949304440001,23.832649781000043],[120.32422755800008,23.827593426000078],[120.3549305360001,23.830399208000074],[120.35875264977663,23.823075679171183],[120.37516,23.82857],[120.36557,23.85319],[120.34941,23.85969],[120.34186,23.87067],[120.34379,23.87831]]]},"properties":{"shapeName":"大城鄉","shapeID":"52511910B21046020325533","shapeGroup":"TWN","shapeType":"ADM2"}},
{"type":"Feature","geometry":{"type":"Polygon","coordinates":[[[120.5,23.8949],[120.49976,23.88228],[120.5074,23.871],[120.51403,23.86984],[120.52335,23.85808],[120.55987,23.84095],[120.56278,23.84325],[120.57199,23.85121],[120.55474,23.86494],[120.55502,23.86988],[120.54819,23.87063],[120.5448,23.88278],[120.52558,23.88245],[120.5086,23.89318],[120.5,23.8949]]]},"properties":{"shapeName":"北斗鎮","shapeID":"52511910B14295991899678","shapeGroup":"TWN","shapeType":"ADM2"}},
{"type":"Feature","geometry":{"type":"Polygon","coordinates":[[[120.87416,24.45726],[120.86587,24.46956],[120.873,24.49069],[120.88326,24.50917],[120.89714,24.51747],[120.90694,24.53365],[120.90349,24.54202],[120.88858,24.54386],[120.86705,24.53846],[120.84779,24.54646],[120.8415,24.56049],[120.83513,24.54929],[120.82011,24.53792],[120.81281,24.52687],[120.81109,24.50129],[120.81287,24.47434],[120.81618,24.46848],[120.83785,24.45497],[120.8447,24.44557],[120.845,24.43533],[120.85555,24.44078],[120.86682,24.45561],[120.87416,24.45726]]]},"properties":{"shapeName":"公館鄉","shapeID":"52511910B29818712056723","shapeGroup":"TWN","shapeType":"ADM2"}},
{"type":"Feature","geometry":{"type":"Polygon","coordinates":[[[120.87946280521263,24.73453744889271],[120.86562100307665,24.724115213281337],[120.8610304,24.7061672],[120.85479591500007,24.696665867000036],[120.83384635453582,24.679314449594486],[120.84417745700011,24.664583828000048],[120.85511820142897,24.66382021397522],[120.86755,24.66474],[120.86959,24.65248],[120.8769495,24.6478764],[120.8824757,24.6834943],[120.8920021,24.690713],[120.886588,24.702662],[120.92428,24.7046],[120.93428,24.71317],[120.9162333,24.7216164],[120.9058545,24.7406905],[120.8910564,24.7317414],[120.87946280521263,24.73453744889271]]]},"properties":{"shapeName":"Zhunan Town","shapeID":"52511910B68602378722707","shapeGroup":"TWN","shapeType":"ADM2"}},
{"type":"Feature","geometry":{"type":"Polygon","coordinates":[[[121.7719905,24.7715122],[121.7883623,24.7588453],[121.7774788,24.738335],[121.7733474,24.7192409],[121.7760703,24.7146867],[121.8121575,24.7118933],[121.82041788514871,24.714057367702665],[121.83081039146698,24.71614243235248],[121.83348161029703,24.71653248829095],[121.82356848600011,24.737588196000047],[121.81929116700007,24.754586114000062],[121.81754226300006,24.775418770000044],[121.82013429775367,24.807315284138728],[121.8166058,24.8076959],[121.803718,24.7935023],[121.794192,24.7957036],[121.7884388,24.7844278],[121.7809413,24.7845953],[121.7719905,24.7715122]]]},"properties":{"shapeName":"Zhuangwei","shapeID":"52511910B24217315836254","shapeGroup":"TWN","shapeType":"ADM2"}},
{"type":"Feature","geometry":{"type":"Polygon","coordinates":[[[120.387596,23.6514367],[120.3756632,23.6535175],[120.35533,23.6469768],[120.3421658,23.6472007],[120.3437613,23.6627362],[120.334899,23.6938166],[120.3138285,23.6911075],[120.3064394,23.6839173],[120.2776083,23.6717121],[120.2745881,23.6606824],[120.2817952,23.633873],[120.2981878,23.630077],[120.3013144,23.6125632],[120.3198905,23.6047872],[120.3361717,23.6014912],[120.3352727,23.5929805],[120.3602695,23.5961202],[120.3664956,23.6078068],[120.3820762,23.6348992],[120.387596,23.6514367]]]},"properties":{"shapeName":"Yuanchang","shapeID":"52511910B1376149917055","shapeGroup":"TWN","shapeType":"ADM2"}},
{"type":"Feature","geometry":{"type":"Polygon","coordinates":[[[120.2123374,23.2916683],[120.2208414,23.2959661],[120.2378608,23.3269061],[120.256388,23.3310848],[120.2761905,23.3482406],[120.2862306,23.3502898],[120.2846103,23.3634644],[120.26867,23.3754453],[120.2696067,23.3878792],[120.2581421,23.394598],[120.246945,23.3977789],[120.2357563,23.4075973],[120.2308285,23.4037341],[120.2271054,23.3815597],[120.2074226,23.3799401],[120.1966365,23.365239],[120.1893199,23.3614878],[120.1761116,23.3418481],[120.1797213,23.3214062],[120.1707705,23.3115281],[120.162645,23.3099779],[120.175675,23.2944225],[120.1840713,23.2902885],[120.1910247,23.3006697],[120.2042293,23.2919334],[120.2123374,23.2916683]]]},"properties":{"shapeName":"Yizhu","shapeID":"52511910B19586040436612","shapeGroup":"TWN","shapeType":"ADM2"}},
{"type":"Feature","geometry":{"type":"Polygon","coordinates":[[[120.5454559,22.7706423],[120.5240333,22.7698925],[120.5140182,22.7604086],[120.5104749,22.7495568],[120.5136494,22.7277341],[120.5226718,22.7317753],[120.5404075,22.7225793],[120.6097443,22.7132815],[120.6232038,22.7106664],[120.6291237,22.7136875],[120.634593,22.7198338],[120.6164244,22.7395792],[120.6126401,22.7548473],[120.5771847,22.7729725],[120.5454559,22.7706423]]]},"properties":{"shapeName":"Yanpu","shapeID":"52511910B65674101735888","shapeGroup":"TWN","shapeType":"ADM2"}},
{"type":"Feature","geometry":{"type":"Polygon","coordinates":[[[120.37516,23.82857],[120.35875264977663,23.823075679171183],[120.35066664043609,23.819592068548705],[120.3511956,23.7920433],[120.3605202,23.7899903],[120.3575759,23.7731436],[120.3896183,23.7627588],[120.3872453,23.7461733],[120.4171097,23.7439482],[120.4275269,23.7491381],[120.4254835,23.7604485],[120.4328396,23.7678754],[120.4221558,23.7782048],[120.4289669,23.7861115],[120.4304265,23.8144756],[120.4472218,23.8207642],[120.4332763,23.8300972],[120.4095012,23.8262955],[120.37516,23.82857]]]},"properties":{"shapeName":"Erlun","shapeID":"52511910B3173449865557","shapeGroup":"TWN","shapeType":"ADM2"}},
{"type":"Feature","geometry":{"type":"Polygon","coordinates":[[[120.2262715,23.4691329],[120.2214982,23.4884487],[120.2150295,23.5008475],[120.2016446,23.5111307],[120.1826083,23.5098466],[120.166524,23.5172588],[120.15233821322131,23.518238874561817],[120.12582210778476,23.52023376507724],[120.1190361,23.5149159],[120.1194098,23.49621],[120.1332169,23.4881591],[120.1544530000001,23.494068001000073],[120.15572500200005,23.484048001000076],[120.14665029902335,23.474501571583517],[120.1446225,23.4596186],[120.1607845,23.4543883],[120.1464810010001,23.434528300000068],[120.15002491209526,23.403452946736486],[120.16495413883075,23.404327253619456],[120.1766607,23.4175319],[120.1880439,23.4232395],[120.1998008,23.4184167],[120.2071591,23.4244287],[120.2062116,23.4529439],[120.226418,23.4636114],[120.2262715,23.4691329]]]},"properties":{"shapeName":"Dongshi","shapeID":"52511910B91175598455743","shapeGroup":"TWN","shapeType":"ADM2"}},
{"type":"Feature","geometry":{"type":"Polygon","coordinates":[[[120.44629608504736,22.469718303479326],[120.43900187200006,22.463544083000045],[120.453648,22.446955],[120.48220605695242,22.43001013341687],[120.4960265,22.4360181],[120.5016656,22.4604487],[120.5013565,22.4737597],[120.4872692,22.4806039],[120.4931405,22.4919563],[120.4788473,22.5003016],[120.4685683,22.4893958],[120.4555945,22.4740227],[120.44629608504736,22.469718303479326]]]},"properties":{"shapeName":"Dongang","shapeID":"52511910B63745543652662","shapeGroup":"TWN","shapeType":"ADM2"}},
{"type":"Feature","geometry":{"type":"Polygon","coordinates":[[[120.5937198,23.7911072],[120.58364,23.79325],[120.5515001,23.8011182],[120.5133415,23.7999587],[120.5019213,23.7835266],[120.4848767,23.7840356],[120.4810554,23.7715221],[120.4806703,23.7445425],[120.4930312,23.7387085],[120.5029026,23.7287573],[120.522433,23.7316168],[120.5386383,23.7467233],[120.5518516,23.7503371],[120.5592214,23.7572759],[120.5706873,23.7597831],[120.5709379,23.7682494],[120.5860334,23.7792668],[120.5937198,23.7911072]]]},"properties":{"shapeName":"Citong","shapeID":"52511910B82181877276071","shapeGroup":"TWN","shapeType":"ADM2"}},
{"type":"Feature","geometry":{"type":"Polygon","coordinates":[[[120.3057367,23.5629963],[120.3064682,23.5720433],[120.3195593,23.5723518],[120.3325029,23.5782416],[120.3352727,23.5929805],[120.3361717,23.6014912],[120.3198905,23.6047872],[120.3013144,23.6125632],[120.2981878,23.630077],[120.2817952,23.633873],[120.2674152,23.6301357],[120.2642445,23.6176151],[120.2717071,23.6093031],[120.2706138,23.5917163],[120.2625655,23.5798406],[120.2777249,23.5701542],[120.2713708,23.5537612],[120.2770491,23.5440552],[120.2908915,23.5507494],[120.2892565,23.5611583],[120.3057367,23.5629963]]]},"properties":{"shapeName":"Beigang","shapeID":"52511910B94627775761425","shapeGroup":"TWN","shapeType":"ADM2"}},
{"type":"Feature","geometry":{"type":"Polygon","coordinates":[[[120.334899,23.6938166],[120.3368815,23.7108188],[120.3429388,23.7102538],[120.3467763,23.7309874],[120.3296079,23.7453677],[120.3204986,23.7466556],[120.2986474,23.7410408],[120.28973,23.7412893],[120.287113,23.719454],[120.280168,23.713826],[120.278989,23.703547],[120.269121,23.693051],[120.286748,23.691346],[120.3064394,23.6839173],[120.3138285,23.6911075],[120.334899,23.6938166]]]},"properties":{"shapeName":"Baozhong","shapeID":"52511910B17799667237096","shapeGroup":"TWN","shapeType":"ADM2"}},
{"type":"Feature","geometry":{"type":"Polygon","coordinates":[[[120.49981,24.07628],[120.49279,24.07722],[120.48174,24.06838],[120.47974,24.05401],[120.4829,24.04006],[120.49163,24.02914],[120.48228,24.02472],[120.49534,24.01588],[120.49461,24.00581],[120.50573,23.99077],[120.52665,24.00099],[120.53483,24.01283],[120.52644,24.0186],[120.5174133,24.0521609],[120.50459,24.05712],[120.50665,24.06705],[120.49981,24.07628]]]},"properties":{"shapeName":"Xiushui Township","shapeID":"52511910B61439489120441","shapeGroup":"TWN","shapeType":"ADM2"}},
{"type":"Feature","geometry":{"type":"Polygon","coordinates":[[[120.42563666878881,22.494789591456158],[120.42860085100006,22.47716312600005],[120.44629608504736,22.469718303479326],[120.4555945,22.4740227],[120.4685683,22.4893958],[120.4655254,22.5057787],[120.4717155,22.516771],[120.4844395,22.5267023],[120.473733,22.5342596],[120.479389,22.5485914],[120.4757294,22.5603969],[120.4407571,22.5575935],[120.4274952,22.5342756],[120.4228319,22.5186654],[120.42563666878881,22.494789591456158]]]},"properties":{"shapeName":"Xinyuan","shapeID":"52511910B1240337598967","shapeGroup":"TWN","shapeType":"ADM2"}},
{"type":"Feature","geometry":{"type":"Polygon","coordinates":[[[120.4472218,23.8207642],[120.4304265,23.8144756],[120.4289669,23.7861115],[120.4221558,23.7782048],[120.4328396,23.7678754],[120.4254835,23.7604485],[120.4275269,23.7491381],[120.4171097,23.7439482],[120.4254674,23.7397037],[120.4573699,23.7383619],[120.4566698,23.7431477],[120.4806703,23.7445425],[120.4810554,23.7715221],[120.4848767,23.7840356],[120.5019213,23.7835266],[120.5133415,23.7999587],[120.4834535,23.8065137],[120.45539,23.81664],[120.4472218,23.8207642]]]},"properties":{"shapeName":"Xiluo","shapeID":"52511910B93540688501820","shapeGroup":"TWN","shapeType":"ADM2"}},
{"type":"Feature","geometry":{"type":"Polygon","coordinates":[[[120.3528956,22.3266364],[120.35819556900003,22.32177818300005],[120.38689448600007,22.342079346000048],[120.38875367681456,22.349872776334024],[120.37831588896147,22.355620400494676],[120.3668263880661,22.351461786758975],[120.3632168,22.3399276],[120.3528956,22.3266364]]]},"properties":{"shapeName":"Xiaoliuqiu","shapeID":"52511910B90795941917739","shapeGroup":"TWN","shapeType":"ADM2"}},
{"type":"Feature","geometry":{"type":"Polygon","coordinates":[[[120.7741386,22.8379647],[120.7393325,22.821993],[120.7406635,22.8139575],[120.7259901,22.783847],[120.7109878,22.7721803],[120.7197691,22.7496481],[120.7017378,22.7457583],[120.7029327,22.7268747],[120.7149618,22.7161147],[120.7067197,22.6911414],[120.7204425,22.6901689],[120.7315186,22.6820479],[120.7442951,22.6812081],[120.7509217,22.6644721],[120.7467901,22.655554],[120.7612557,22.6298567],[120.7857535,22.6612092],[120.7862737,22.6721472],[120.7977599,22.6890686],[120.8080485,22.6891727],[120.8203095,22.695699],[120.8382938,22.6989978],[120.8485887,22.7169616],[120.883801,22.71729],[120.8947381,22.7376327],[120.8937767,22.7668436],[120.9034871,22.7774299],[120.9032499,22.8000135],[120.8909574,22.8116928],[120.8685624,22.8169145],[120.8616046,22.8265974],[120.8646566,22.8430915],[120.8529427,22.8575174],[120.8477883,22.8518051],[120.8321097,22.8662427],[120.8243126,22.8662917],[120.8010374,22.850992],[120.792967,22.8422895],[120.7788141,22.8351816],[120.7741386,22.8379647]]]},"properties":{"shapeName":"Wutai","shapeID":"52511910B41847670787440","shapeGroup":"TWN","shapeType":"ADM2"}},
{"type":"Feature","geometry":null,"properties":{"shapeName":"Wuqiu","shapeID":"52511910B62500214534323","shapeGroup":"TWN","shapeType":"ADM2"}},
{"type":"Feature","geometry":{"type":"Polygon","coordinates":[[[120.4058677,23.6676469],[120.4063466,23.6776288],[120.392866,23.6838792],[120.3996709,23.6963931],[120.384148,23.6972188],[120.3787587,23.7133682],[120.3697613,23.7138672],[120.3705466,23.7307147],[120.3826086,23.7337134],[120.375078,23.7464994],[120.3593647,23.7427026],[120.339251,23.7483598],[120.3296079,23.7453677],[120.3467763,23.7309874],[120.3429388,23.7102538],[120.3368815,23.7108188],[120.334899,23.6938166],[120.3437613,23.6627362],[120.3421658,23.6472007],[120.35533,23.6469768],[120.3756632,23.6535175],[120.387596,23.6514367],[120.4058677,23.6676469]]]},"properties":{"shapeName":"Tuku","shapeID":"52511910B60061263127196","shapeGroup":"TWN","shapeType":"ADM2"}},
{"type":"Feature","geometry":{"type":"Polygon","coordinates":[[[120.20024840398862,23.75675054485902],[120.18105550715472,23.755856054546314],[120.1736461,23.7365295],[120.1696621,23.7077887],[120.1862359,23.6988178],[120.17787,23.68442],[120.191313,23.669261],[120.204032,23.661232],[120.21842,23.657991],[120.228345,23.678836],[120.233419,23.696156],[120.227381,23.703591],[120.233359,23.717456],[120.242953,23.72533],[120.23745,23.737982],[120.2427164,23.7444112],[120.239061,23.751435],[120.224493,23.761468],[120.207815,23.761837],[120.20024840398862,23.75675054485902]]]},"properties":{"shapeName":"Taixi","shapeID":"52511910B40379944508344","shapeGroup":"TWN","shapeType":"ADM2"}},
{"type":"Feature","geometry":{"type":"Polygon","coordinates":[[[120.51268,24.17694],[120.51127506519754,24.18021074768827],[120.50123802370622,24.19216124783691],[120.49343284271791,24.194829001382054],[120.4845590000001,24.196300001000054],[120.47724,24.184431],[120.46222693986601,24.16827561254328],[120.4591294,24.159056],[120.43889,24.15836],[120.44934551145607,24.14863096604041],[120.45056674108011,24.147727384895028],[120.46565,24.14814],[120.482,24.14016],[120.50114,24.13203],[120.50931,24.15512],[120.51978,24.16147],[120.51268,24.17694]]]},"properties":{"shapeName":"Shengang Township","shapeID":"52511910B66525116512935","shapeGroup":"TWN","shapeType":"ADM2"}},
{"type":"Feature","geometry":{"type":"Polygon","coordinates":[[[121.50516929162768,22.085625050799496],[121.49966882400008,22.080824385000028],[121.5110985450001,22.066159859000038],[121.50816617085698,22.055741223366063],[121.5205658,22.0401535],[121.53761543900009,22.024463121000053],[121.55783150600007,22.023030692000077],[121.57047017426814,22.00323456317465],[121.59254218400008,22.00306474000007],[121.60055085081977,22.01963183704115],[121.5669349960001,22.04076608300005],[121.5637902,22.055009],[121.57005443700007,22.06047647400004],[121.56658349100007,22.084625137000046],[121.52937504006437,22.07954025826452],[121.51208550600006,22.08086527100005],[121.50516929162768,22.085625050799496]]]},"properties":{"shapeName":"Orchid Island","shapeID":"52511910B19407638162060","shapeGroup":"TWN","shapeType":"ADM2"}},
{"type":"Feature","geometry":{"type":"Polygon","coordinates":[[[120.5016656,22.4604487],[120.5289273,22.4610194],[120.542802,22.4678574],[120.5415139,22.4805481],[120.5464197,22.4869933],[120.5298747,22.50188],[120.5224593,22.496329],[120.5097787,22.4964861],[120.4931405,22.4919563],[120.4872692,22.4806039],[120.5013565,22.4737597],[120.5016656,22.4604487]]]},"properties":{"shapeName":"Nanzhou","shapeID":"52511910B82588790657213","shapeGroup":"TWN","shapeType":"ADM2"}},
{"type":"Feature","geometry":{"type":"Polygon","coordinates":[[[120.2986474,23.7410408],[120.2985872,23.7597595],[120.306857,23.763104],[120.305963,23.776456],[120.294707,23.780087],[120.293295,23.792695],[120.30199651001138,23.815578377015573],[120.28992039000002,23.824541272000033],[120.28111638400003,23.823648975000026],[120.2554024420001,23.829209478000053],[120.25035798400006,23.821214488000066],[120.22246901790386,23.83314244625902],[120.2237017,23.8185383],[120.2062582,23.8220121],[120.1727118,23.8005749],[120.18190479402553,23.79868370299641],[120.16310125884384,23.758687083557604],[120.1894279,23.7615158],[120.20024840398862,23.75675054485902],[120.207815,23.761837],[120.224493,23.761468],[120.239061,23.751435],[120.2427164,23.7444112],[120.251278,23.735885],[120.264477,23.733641],[120.28973,23.7412893],[120.2986474,23.7410408]]]},"properties":{"shapeName":"Mailiao","shapeID":"52511910B12217989868885","shapeGroup":"TWN","shapeType":"ADM2"}},
{"type":"Feature","geometry":{"type":"Polygon","coordinates":[[[120.35066664043609,23.819592068548705],[120.32242709900004,23.81350503500005],[120.30199651001138,23.815578377015573],[120.293295,23.792695],[120.294707,23.780087],[120.305963,23.776456],[120.306857,23.763104],[120.2985872,23.7597595],[120.2986474,23.7410408],[120.3204986,23.7466556],[120.3296079,23.7453677],[120.339251,23.7483598],[120.3593647,23.7427026],[120.375078,23.7464994],[120.3872453,23.7461733],[120.3896183,23.7627588],[120.3575759,23.7731436],[120.3605202,23.7899903],[120.3511956,23.7920433],[120.35066664043609,23.819592068548705]]]},"properties":{"shapeName":"Lunbei","shapeID":"52511910B99479800826846","shapeGroup":"TWN","shapeType":"ADM2"}},
{"type":"Feature","geometry":{"type":"Polygon","coordinates":[[[120.5063178,22.6248697],[120.5079613,22.6207179],[120.5258499,22.6279797],[120.536495,22.6399941],[120.5612266,22.6636586],[120.5450627,22.6704725],[120.5271717,22.6675759],[120.5225669,22.6595866],[120.5122007,22.6455579],[120.5063178,22.6248697]]]},"properties":{"shapeName":"Linluo","shapeID":"52511910B59245920767717","shapeGroup":"TWN","shapeType":"ADM2"}},
{"type":"Feature","geometry":{"type":"Polygon","coordinates":[[[120.48220605695242,22.43001013341687],[120.5120034,22.4158865],[120.51249944228482,22.416691875662007],[120.51345666416324,22.418246023821553],[120.52517,22.4308018],[120.5272527,22.4496195],[120.5330429,22.4496055],[120.5414893,22.463081],[120.542802,22.4678574],[120.5289273,22.4610194],[120.5016656,22.4604487],[120.4960265,22.4360181],[120.48220605695242,22.43001013341687]]]},"properties":{"shapeName":"Linbian","shapeID":"52511910B8694284014765","shapeGroup":"TWN","shapeType":"ADM2"}},
{"type":"Feature","geometry":{"type":"Polygon","coordinates":[[[120.1826083,23.5098466],[120.1909656,23.529088],[120.2005623,23.5302505],[120.1977529,23.5457157],[120.2081824,23.5786458],[120.2146258,23.5868365],[120.1994207,23.5941876],[120.2018456,23.6170566],[120.1776473,23.6219544],[120.1651555,23.6281004],[120.1554503,23.6279151],[120.13998465366633,23.621292824478715],[120.141535,23.612121999000067],[120.1407491,23.5732986],[120.14322300100002,23.568133001000035],[120.13947729527847,23.54950705562561],[120.15157200200008,23.535458],[120.145813,23.520878],[120.15233821322131,23.518238874561817],[120.166524,23.5172588],[120.1826083,23.5098466]]]},"properties":{"shapeName":"Kouhu","shapeID":"52511910B9027234137610","shapeGroup":"TWN","shapeType":"ADM2"}},
{"type":"Feature","geometry":{"type":"Polygon","coordinates":[[[120.5086426,22.5466703],[120.5042079,22.5427264],[120.4844395,22.5267023],[120.4717155,22.516771],[120.4655254,22.5057787],[120.4685683,22.4893958],[120.4788473,22.5003016],[120.4931405,22.4919563],[120.5097787,22.4964861],[120.5224593,22.496329],[120.5298747,22.50188],[120.5298976,22.5034024],[120.523748,22.5436226],[120.5086426,22.5466703]]]},"properties":{"shapeName":"Kanding","shapeID":"52511910B86635109020715","shapeGroup":"TWN","shapeType":"ADM2"}},
{"type":"Feature","geometry":{"type":"MultiPolygon","coordinates":[[[[119.96228516479952,25.951004248518622],[119.97382439800003,25.953260750000027],[119.98818959503683,25.967494449532175],[119.97166771038549,25.966935121892444],[119.96228516479952,25.951004248518622]]],[[[119.92600758597504,25.981171152954538],[119.93598861746287,25.968814913803353],[119.94387,25.98219],[119.92600758597504,25.981171152954538]]]]},"properties":{"shapeName":"Juguang","shapeID":"52511910B3516463668472","shapeGroup":"TWN","shapeType":"ADM2"}},
{"type":"Feature","geometry":{"type":"Polygon","coordinates":[[[118.36684693279533,24.46090320661113],[118.35079265700006,24.464206922000074],[118.3314226550001,24.475034661000052],[118.31389257100011,24.489423260000024],[118.30324983600008,24.485643486000072],[118.29036680801902,24.474895617261154],[118.29136764100008,24.468154448000064],[118.30297941100002,24.461813343000074],[118.30942990688926,24.437453390831482],[118.3170016,24.4389774],[118.3303937,24.4324768],[118.3252697,24.4218338],[118.34268952862774,24.412718662360735],[118.36033627264787,24.42698945508958],[118.3605871,24.4483858],[118.36684693279533,24.46090320661113]]]},"properties":{"shapeName":"Jinning Township","shapeID":"52511910B29261340686380","shapeGroup":"TWN","shapeType":"ADM2"}},
{"type":"Feature","geometry":{"type":"Polygon","coordinates":[[[120.7279947,23.8340237],[120.7639393,23.8169531],[120.7833476,23.8177945],[120.7988757,23.8154644],[120.8116085,23.8177799],[120.8289531,23.8221079],[120.833657,23.8362683],[120.8412758,23.8442015],[120.8421237,23.8556088],[120.8311392,23.8560849],[120.803551,23.848691],[120.7845398,23.8514253],[120.7787142,23.846041],[120.7650097,23.848106],[120.7551379,23.8560765],[120.7365289,23.8555818],[120.7268955,23.8489919],[120.7279947,23.8340237]]]},"properties":{"shapeName":"Jiji Town","shapeID":"52511910B59553354826271","shapeGroup":"TWN","shapeType":"ADM2"}},
{"type":"Feature","geometry":{"type":"Polygon","coordinates":[[[121.5139825,23.9481976],[121.537533,23.9277469],[121.5533906,23.9243974],[121.5694899,23.9158895],[121.5897135,23.9093076],[121.60123370804502,23.925510219064527],[121.60662911000009,23.944230951000065],[121.6085877,23.9630574],[121.5978886,23.9659535],[121.5927793,23.9769586],[121.597911,23.9870591],[121.5581266,23.9983501],[121.55037,23.99318],[121.52716,23.99195],[121.51984,23.97903],[121.5313,23.97146],[121.5139825,23.9481976]]]},"properties":{"shapeName":"Ji'an","shapeID":"52511910B33929030594907","shapeGroup":"TWN","shapeType":"ADM2"}},
{"type":"Feature","geometry":{"type":"Polygon","coordinates":[[[120.5765834,22.4577309],[120.5612402,22.4617458],[120.5414893,22.463081],[120.5330429,22.4496055],[120.5272527,22.4496195],[120.52517,22.4308018],[120.51345666416324,22.418246023821553],[120.5170001,22.4112014],[120.54653737042061,22.397376684384746],[120.5760978,22.4147082],[120.5669141,22.4294852],[120.5765834,22.4577309]]]},"properties":{"shapeName":"Jiadong","shapeID":"52511910B132067886793","shapeGroup":"TWN","shapeType":"ADM2"}},
{"type":"Feature","geometry":{"type":"Polygon","coordinates":[[[119.6365736,23.5519663],[119.64618677500005,23.56054339700006],[119.6719397600001,23.561429667000027],[119.6744366480001,23.554314722000072],[119.69406936921779,23.55528311367974],[119.68293608200008,23.565881758000046],[119.6817649552282,23.58427036583122],[119.67482,23.59489],[119.66224872200007,23.589708144000042],[119.65111566000007,23.609789249000073],[119.64099319400009,23.58773824700006],[119.62465775800001,23.592409606000047],[119.6167979,23.6008873],[119.6061605,23.6040267],[119.60643,23.58544],[119.61184,23.5799],[119.60953,23.56055],[119.62036,23.55992],[119.6365736,23.5519663]]]},"properties":{"shapeName":"Huxi Town","shapeID":"52511910B80624224978544","shapeGroup":"TWN","shapeType":"ADM2"}},
{"type":"Feature","geometry":{"type":"Polygon","coordinates":[[[120.4982738,23.7246996],[120.5029026,23.7287573],[120.4930312,23.7387085],[120.4806703,23.7445425],[120.4566698,23.7431477],[120.4573699,23.7383619],[120.4254674,23.7397037],[120.4171097,23.7439482],[120.3872453,23.7461733],[120.375078,23.7464994],[120.3826086,23.7337134],[120.3705466,23.7307147],[120.3697613,23.7138672],[120.3787587,23.7133682],[120.384148,23.6972188],[120.3996709,23.6963931],[120.392866,23.6838792],[120.4063466,23.6776288],[120.4058677,23.6676469],[120.416789,23.6795478],[120.4231307,23.690066],[120.4477982,23.6863001],[120.4727114,23.7045539],[120.4827839,23.7085166],[120.4830308,23.7213433],[120.4982738,23.7246996]]]},"properties":{"shapeName":"Huwei","shapeID":"52511910B66692058551395","shapeGroup":"TWN","shapeType":"ADM2"}},
{"type":"Feature","geometry":{"type":"Polygon","coordinates":[[[120.3064394,23.6839173],[120.286748,23.691346],[120.269121,23.693051],[120.278989,23.703547],[120.280168,23.713826],[120.287113,23.719454],[120.28973,23.7412893],[120.264477,23.733641],[120.251278,23.735885],[120.2427164,23.7444112],[120.23745,23.737982],[120.242953,23.72533],[120.233359,23.717456],[120.227381,23.703591],[120.233419,23.696156],[120.228345,23.678836],[120.21842,23.657991],[120.2373231,23.653741],[120.2562731,23.6566698],[120.2702542,23.671012],[120.2776083,23.6717121],[120.3064394,23.6839173]]]},"properties":{"shapeName":"Dongshi","shapeID":"52511910B55591891530874","shapeGroup":"TWN","shapeType":"ADM2"}},
{"type":"Feature","geometry":{"type":"Polygon","coordinates":[[[121.6798477,24.6375847],[121.6829578,24.6323948],[121.7154003,24.6168833],[121.7244002,24.6182643],[121.7337923,24.6213515],[121.7478152,24.6129305],[121.7567871,24.6188939],[121.7958336,24.6012837],[121.8084002,24.6085903],[121.8118138,24.6219817],[121.8231609,24.627048],[121.8253852,24.6377415],[121.8139843,24.6515453],[121.8109457,24.6725321],[121.802474,24.6703038],[121.7998137,24.6639861],[121.7805805,24.6654105],[121.7681898,24.6699444],[121.7548024,24.6668504],[121.7485826,24.6801741],[121.7511151,24.6938055],[121.7331948,24.6907595],[121.7245216,24.6847482],[121.7226055,24.6700137],[121.7329447,24.6695887],[121.7236816,24.6520598],[121.7060049,24.6499073],[121.6953887,24.642233],[121.6798477,24.6375847]]]},"properties":{"shapeName":"Dongshan","shapeID":"52511910B8555120582575","shapeGroup":"TWN","shapeType":"ADM2"}},
{"type":"Feature","geometry":{"type":"Polygon","coordinates":[[[120.5059438,23.6338344],[120.5063936,23.6261641],[120.5175903,23.6111094],[120.5333879,23.5968107],[120.5566344,23.5928427],[120.5813135,23.5821073],[120.6190006,23.5841848],[120.6257635,23.5906289],[120.6456177,23.5935783],[120.6508313,23.5724386],[120.6697957,23.5784398],[120.6762105,23.5705101],[120.6940167,23.5764869],[120.7090176,23.5756418],[120.7184258,23.5690645],[120.73615,23.5704293],[120.7339082,23.5846114],[120.7248504,23.6036106],[120.7308989,23.6107659],[120.730567,23.61845],[120.714211,23.621655],[120.705146,23.617121],[120.691473,23.620226],[120.6834949,23.610872],[120.6691345,23.6093456],[120.6513559,23.6162216],[120.652911,23.62959],[120.644998,23.631086],[120.6353765,23.6198801],[120.629098,23.635187],[120.6443629,23.668338],[120.63292,23.675837],[120.616262,23.697252],[120.5787693,23.6950351],[120.5582735,23.6878637],[120.5640212,23.6828969],[120.556926,23.670808],[120.5386097,23.6744195],[120.5408664,23.6595148],[120.5361796,23.6505816],[120.535002,23.642724],[120.5156217,23.6343862],[120.5059438,23.6338344]]]},"properties":{"shapeName":"Gukeng","shapeID":"52511910B61790844495814","shapeGroup":"TWN","shapeType":"ADM2"}},
{"type":"Feature","geometry":{"type":"Polygon","coordinates":[[[120.7845467,22.0503608],[120.7698203,22.0597133],[120.7533839,22.0627728],[120.7464436,22.0493347],[120.7387163,22.0476489],[120.7221023,22.0541537],[120.705859,22.0443439],[120.6908053,22.0257235],[120.69266291548756,22.009618028214486],[120.6997066,21.9980347],[120.706663,21.995607],[120.7158901,21.9726802],[120.71256482839995,21.965024430603812],[120.71124207800005,21.934424912000054],[120.7280991,21.9187607],[120.7393314,21.9200751],[120.7465129,21.9332886],[120.744724,21.94163],[120.75611908500002,21.957211596000036],[120.7661144,21.9592156],[120.78285700100002,21.944467001000078],[120.8058441,21.9406717],[120.81243,21.933674],[120.822144567,21.93503680400005],[120.83663463600777,21.916585078310035],[120.847112,21.913467],[120.8480879409977,21.902134005881447],[120.8631129,21.8979428],[120.8611894,21.9165985],[120.8483531,21.9321863],[120.8409479,21.949657],[120.84398568874195,21.97885122391598],[120.8343553,21.9707808],[120.8185371,21.9739191],[120.8114998,21.9813426],[120.7931665,21.9821806],[120.7707488,21.9794041],[120.7855747,22.0007228],[120.7745051,22.0250167],[120.7852276,22.0253607],[120.7933073,22.037492],[120.7845467,22.0503608]]]},"properties":{"shapeName":"Hengchun","shapeID":"52511910B47108576517123","shapeGroup":"TWN","shapeType":"ADM2"}},
{"type":"Feature","geometry":{"type":"Polygon","coordinates":[[[120.505284,22.8314323],[120.4762126,22.8381581],[120.4687719,22.8305121],[120.4640699,22.8002834],[120.4543137,22.7717394],[120.462218,22.7701721],[120.4669739,22.7569421],[120.4870588,22.7584907],[120.4982595,22.7648967],[120.5140182,22.7604086],[120.5240333,22.7698925],[120.5454559,22.7706423],[120.5529594,22.7853557],[120.544883,22.7979063],[120.5554106,22.8069048],[120.5667074,22.8383239],[120.5532393,22.8283788],[120.5234909,22.8328472],[120.505284,22.8314323]]]},"properties":{"shapeName":"Ligang","shapeID":"52511910B32855735947523","shapeGroup":"TWN","shapeType":"ADM2"}},
{"type":"Feature","geometry":{"type":"Polygon","coordinates":[[[120.495159,23.3932045],[120.4983712,23.3990845],[120.4790775,23.4214767],[120.4934367,23.4322569],[120.4860378,23.4388716],[120.473157,23.4421628],[120.4572288,23.4271408],[120.446665,23.4297598],[120.4395269,23.4395803],[120.4301263,23.4525554],[120.4292967,23.461018],[120.4120582,23.4646195],[120.3941285,23.4625309],[120.3790414,23.4646427],[120.3556178,23.4588435],[120.3517347,23.4439877],[120.3560413,23.434504],[120.3525298,23.4143501],[120.3558404,23.4016962],[120.386867,23.4047649],[120.4046803,23.4102563],[120.4235358,23.406426],[120.4414886,23.413159],[120.4733492,23.3981208],[120.479443,23.3875858],[120.495159,23.3932045]]]},"properties":{"shapeName":"Shuishang","shapeID":"52511910B78624558885304","shapeGroup":"TWN","shapeType":"ADM2"}},
{"type":"Feature","geometry":{"type":"Polygon","coordinates":[[[121.7511151,24.6938055],[121.7574311,24.7067951],[121.7407344,24.7095025],[121.7125905,24.7001509],[121.7018064,24.7019943],[121.67858,24.700565],[121.6629032,24.7039512],[121.6517598,24.6982066],[121.6376127,24.6833793],[121.6227921,24.6816083],[121.5943023,24.6655341],[121.5735962,24.6480327],[121.5781291,24.6370455],[121.5892822,24.6395035],[121.5961212,24.6318386],[121.6078013,24.6365209],[121.6238529,24.6252282],[121.6286632,24.6388235],[121.6473005,24.636081],[121.6798477,24.6375847],[121.6953887,24.642233],[121.7060049,24.6499073],[121.7236816,24.6520598],[121.7329447,24.6695887],[121.7226055,24.6700137],[121.7245216,24.6847482],[121.7331948,24.6907595],[121.7511151,24.6938055]]]},"properties":{"shapeName":"Sanxing","shapeID":"52511910B30774246387934","shapeGroup":"TWN","shapeType":"ADM2"}},
{"type":"Feature","geometry":{"type":"Polygon","coordinates":[[[121.34275,24.22365],[121.34912,24.21091],[121.3494,24.20084],[121.3251746,24.1959263],[121.31595,24.18539],[121.29853,24.17996],[121.2876659,24.1732065],[121.28838,24.1581],[121.28142,24.13559],[121.29537,24.13261],[121.31616,24.11643],[121.32846,24.11433],[121.31891,24.09491],[121.32316,24.08493],[121.28312,24.05401],[121.2855,24.03924],[121.27651,24.02435],[121.27005,24.00676],[121.2602,23.99249],[121.26482,23.97534],[121.27374,23.97506],[121.27456,23.92651],[121.29529,23.92563],[121.32966,23.91576],[121.337,23.89842],[121.34584,23.89672],[121.36037,23.87711],[121.35972,23.86542],[121.38661,23.83945],[121.39942,23.83739],[121.40506,23.84512],[121.4221,23.84196],[121.42837,23.82911],[121.4410957,23.8188004],[121.45171,23.82317],[121.45313,23.83113],[121.44772,23.84769],[121.4595,23.85329],[121.46594,23.86318],[121.4904,23.87954],[121.5037,23.89846],[121.50134,23.9188],[121.5092,23.94745],[121.5139825,23.9481976],[121.5313,23.97146],[121.51984,23.97903],[121.52716,23.99195],[121.55037,23.99318],[121.5581266,23.9983501],[121.56415,24.00783],[121.57342,24.0079],[121.5797794,24.0189415],[121.5885819,24.0296284],[121.59348,24.04566],[121.60715,24.06497],[121.61503,24.10448],[121.64037,24.12254],[121.6337344,24.1380377],[121.6559307,24.1245201],[121.65989591000005,24.13654943000006],[121.6508955380001,24.146630537000078],[121.6643617,24.1498601],[121.65853684500007,24.16658646600007],[121.65949814700002,24.18441576600003],[121.6735563,24.2075625],[121.70597716753733,24.226025098139054],[121.71826891400008,24.244240648000073],[121.72773754618497,24.246171396503065],[121.74336817781025,24.26046573382186],[121.74645,24.2752201],[121.76040179115984,24.314070820884016],[121.74452,24.32292],[121.71354,24.32688],[121.6838,24.34072],[121.67292,24.34379],[121.65378,24.3556],[121.64378,24.35358],[121.6305,24.37049],[121.62157,24.36641],[121.61814,24.34489],[121.60089,24.32388],[121.60692,24.31302],[121.58831,24.31556],[121.56022,24.32268],[121.54827,24.33643],[121.53336,24.33703],[121.52179,24.34304],[121.5043,24.34298],[121.49827,24.33924],[121.48574,24.34808],[121.46508,24.35551],[121.45096,24.36547],[121.44094,24.3595],[121.43472,24.34821],[121.43173,24.33053],[121.4342,24.3236],[121.42272,24.30912],[121.40429,24.30854],[121.40279,24.2974],[121.37998,24.28019],[121.3847,24.2556],[121.36637,24.25249],[121.34275,24.22365]]]},"properties":{"shapeName":"Xiulin","shapeID":"52511910B12239492719020","shapeGroup":"TWN","shapeType":"ADM2"}},
{"type":"Feature","geometry":{"type":"Polygon","coordinates":[[[121.0283346,23.2971438],[121.0388976,23.3006266],[121.0558294,23.2906992],[121.0698149,23.2495102],[121.0835375,23.2329493],[121.0923466,23.2338652],[121.1085909,23.2234688],[121.1292585,23.2233248],[121.139802,23.2015454],[121.1560257,23.2001703],[121.160977,23.2060067],[121.1759281,23.2100887],[121.1893941,23.2037781],[121.1981025,23.1886623],[121.1991961,23.1751751],[121.2125335,23.1548195],[121.2119502,23.1442162],[121.2206793,23.1505049],[121.2293824,23.1670804],[121.2405915,23.1769897],[121.2437622,23.1864662],[121.2672102,23.222025],[121.2671257,23.2304775],[121.2771737,23.2578497],[121.2808879,23.2614372],[121.2787155,23.2837619],[121.2726756,23.2968327],[121.2900108,23.304139],[121.2744477,23.3110952],[121.2682928,23.3269221],[121.2751426,23.3312247],[121.297277,23.3363571],[121.3009879,23.3424259],[121.3179779,23.3499685],[121.3002479,23.3729084],[121.3156806,23.3827105],[121.316836,23.3939892],[121.3271337,23.4109606],[121.3468118,23.4350666],[121.3503795,23.4430389],[121.3436963,23.457107],[121.3252246,23.4672533],[121.3371971,23.4903656],[121.3277382,23.5004022],[121.3219842,23.5162417],[121.3204489,23.5411495],[121.3223969,23.5615061],[121.3149443,23.5621533],[121.2839498,23.5431072],[121.2634381,23.5388041],[121.2498648,23.5500731],[121.2521545,23.5764461],[121.2441797,23.5921507],[121.2456288,23.6151906],[121.2208026,23.5994705],[121.2133492,23.6003771],[121.2067108,23.5959784],[121.1946767,23.6004225],[121.1795583,23.5895375],[121.1535121,23.5868301],[121.1518789,23.5741952],[121.1605397,23.5695625],[121.157431,23.5601059],[121.1462043,23.5546927],[121.151018,23.5453658],[121.1507928,23.5287093],[121.1356028,23.5152358],[121.1203595,23.5210258],[121.0920351,23.5146952],[121.0688079,23.5148965],[121.0620514,23.4993848],[121.0391219,23.474201],[121.0556687,23.4591064],[121.0514971,23.4507711],[121.0346328,23.4457233],[121.01514,23.4351969],[121.0291734,23.4227649],[121.0266453,23.4060231],[121.007645,23.386654],[120.9878944,23.3703821],[120.9871271,23.3587028],[120.9988377,23.3567343],[121.0104876,23.345778],[121.020033,23.3504614],[121.0246656,23.3399451],[121.0487954,23.3253062],[121.046438,23.3090641],[121.0323953,23.3038502],[121.0283346,23.2971438]]]},"properties":{"shapeName":"Zhuoxi","shapeID":"52511910B84254778922177","shapeGroup":"TWN","shapeType":"ADM2"}},
{"type":"Feature","geometry":{"type":"Polygon","coordinates":[[[120.7399965,22.5584509],[120.7294037,22.5623981],[120.6991024,22.5620203],[120.6936019,22.5574432],[120.6797589,22.5633115],[120.6522444,22.5657355],[120.6459392,22.5621223],[120.6444076,22.5398355],[120.6267778,22.5426932],[120.623003,22.5343602],[120.6335756,22.524759],[120.6210459,22.5067451],[120.6183005,22.4873941],[120.6243265,22.479632],[120.6163438,22.4739678],[120.6163968,22.4479375],[120.6091064,22.4451792],[120.6326714,22.4358082],[120.6415959,22.4327201],[120.6502298,22.4430882],[120.6592048,22.4400327],[120.6927327,22.4498679],[120.6987518,22.4682845],[120.7197796,22.4682833],[120.729836,22.4459446],[120.7352486,22.4460572],[120.7515118,22.4585067],[120.757652,22.481976],[120.7638291,22.4911405],[120.7610765,22.5031512],[120.7534995,22.5113714],[120.7500391,22.5339625],[120.7395124,22.5514649],[120.7399965,22.5584509]]]},"properties":{"shapeName":"Laiyi","shapeID":"52511910B76864499188928","shapeGroup":"TWN","shapeType":"ADM2"}},
{"type":"Feature","geometry":{"type":"Polygon","coordinates":[[[120.4480754,22.6893939],[120.4617174,22.688835],[120.4715146,22.7028555],[120.5048,22.7137861],[120.5215642,22.70733],[120.5237428,22.7183547],[120.5404075,22.7225793],[120.5226718,22.7317753],[120.5136494,22.7277341],[120.5104749,22.7495568],[120.5140182,22.7604086],[120.4982595,22.7648967],[120.4870588,22.7584907],[120.4669739,22.7569421],[120.462218,22.7701721],[120.4543137,22.7717394],[120.4553548,22.7161614],[120.4480754,22.6893939]]]},"properties":{"shapeName":"Jiuru","shapeID":"52511910B18270670997793","shapeGroup":"TWN","shapeType":"ADM2"}},
{"type":"Feature","geometry":{"type":"Polygon","coordinates":[[[121.7473489,24.8536995],[121.7577921,24.850581],[121.772688,24.8564742],[121.7787591,24.8448229],[121.8010668,24.8260006],[121.8133123,24.8302995],[121.8166058,24.8076959],[121.82013429775367,24.807315284138728],[121.82641884300006,24.840774950000025],[121.83565019900004,24.869744887000024],[121.8519125,24.8913212],[121.8578828,24.8932762],[121.88483451287519,24.91824882601499],[121.88823283700003,24.936215369000024],[121.9165678,24.9524129],[121.926466,24.9695099],[121.95669361900002,24.982916574000058],[121.9658843,24.9832638],[121.9598656,24.9884354],[121.9448495,24.9881547],[121.9375229,24.983027],[121.9104521,24.9748412],[121.8971422,24.9670286],[121.8716258,24.9607155],[121.8613023,24.9636937],[121.8469031,24.9602999],[121.8392347,24.9464264],[121.8536438,24.9251713],[121.8314493,24.9048453],[121.8104987,24.9036642],[121.7934173,24.899753],[121.7816514,24.8893738],[121.7833396,24.8741658],[121.7609986,24.8567164],[121.7473489,24.8536995]]]},"properties":{"shapeName":"Toucheng Township","shapeID":"52511910B1170609292065","shapeGroup":"TWN","shapeType":"ADM2"}},
{"type":"Feature","geometry":{"type":"Polygon","coordinates":[[[120.2770491,23.5440552],[120.2713708,23.5537612],[120.2777249,23.5701542],[120.2625655,23.5798406],[120.2706138,23.5917163],[120.2717071,23.6093031],[120.2642445,23.6176151],[120.2674152,23.6301357],[120.2535324,23.6330787],[120.2519638,23.6254992],[120.2266838,23.6037075],[120.2185291,23.6003015],[120.2146258,23.5868365],[120.2081824,23.5786458],[120.1977529,23.5457157],[120.2005623,23.5302505],[120.1909656,23.529088],[120.1826083,23.5098466],[120.2016446,23.5111307],[120.2230379,23.5043079],[120.2415169,23.5089219],[120.2470317,23.516215],[120.2420989,23.5414964],[120.2561193,23.5460876],[120.2634215,23.5335496],[120.2725043,23.5313201],[120.2770491,23.5440552]]]},"properties":{"shapeName":"Shuilin","shapeID":"52511910B61676244874246","shapeGroup":"TWN","shapeType":"ADM2"}},
{"type":"Feature","geometry":{"type":"Polygon","coordinates":[[[120.6491236,22.8769307],[120.6476993,22.8795118],[120.647749,22.8731008],[120.6312509,22.8410849],[120.6279162,22.8209441],[120.6302231,22.8010299],[120.6287513,22.7764202],[120.6434346,22.768363],[120.6349521,22.7612638],[120.6312929,22.7508521],[120.6393633,22.7355942],[120.634593,22.7198338],[120.6291237,22.7136875],[120.6493802,22.7106686],[120.6571054,22.7134223],[120.6825726,22.698847],[120.7067197,22.6911414],[120.7149618,22.7161147],[120.7029327,22.7268747],[120.7017378,22.7457583],[120.7197691,22.7496481],[120.7109878,22.7721803],[120.7259901,22.783847],[120.7406635,22.8139575],[120.7393325,22.821993],[120.7741386,22.8379647],[120.7551061,22.8646217],[120.7426673,22.8735663],[120.7250208,22.8807873],[120.7057706,22.8811698],[120.6907268,22.8651093],[120.6766996,22.8571837],[120.6605716,22.8599702],[120.6583178,22.8787457],[120.6491236,22.8769307]]]},"properties":{"shapeName":"Sandimen","shapeID":"52511910B78140930961679","shapeGroup":"TWN","shapeType":"ADM2"}},
{"type":"Feature","geometry":{"type":"Polygon","coordinates":[[[120.9922444,22.6920915],[121.0230648,22.6946225],[121.0396387,22.7014571],[121.0349597,22.7135078],[121.0519727,22.7364294],[121.0568842,22.7466196],[121.0494743,22.7598636],[121.0539341,22.7666829],[121.0780377,22.7749624],[121.0988369,22.774633],[121.109745,22.7798643],[121.1007385,22.7879779],[121.1086613,22.7948258],[121.1158602,22.8113422],[121.1331708,22.8082906],[121.1409127,22.7915702],[121.161332,22.7934054],[121.1830575,22.8062253],[121.1842377,22.8167385],[121.1924228,22.8192052],[121.1857834,22.8338498],[121.19197805875969,22.850385587805313],[121.1626297,22.8574123],[121.1654129,22.8678925],[121.1536342,22.8724433],[121.1512704,22.8818512],[121.1415329,22.8856163],[121.1071587,22.8859143],[121.0868638,22.895304],[121.079264,22.8745833],[121.0704828,22.8600359],[121.0546377,22.856917],[121.0438057,22.8459361],[121.0222012,22.8413524],[121.0132679,22.8336586],[120.9923984,22.8363637],[120.96856,22.805226],[120.9530875,22.7949017],[120.9420198,22.7922338],[120.9182401,22.7801666],[120.9034871,22.7774299],[120.8937767,22.7668436],[120.8947381,22.7376327],[120.883801,22.71729],[120.8485887,22.7169616],[120.8382938,22.6989978],[120.8203095,22.695699],[120.8080485,22.6891727],[120.7977599,22.6890686],[120.7862737,22.6721472],[120.8338655,22.6547722],[120.8484411,22.6568239],[120.856768,22.6647164],[120.8854381,22.6487749],[120.8953957,22.6532311],[120.9153682,22.6511725],[120.9385802,22.6592112],[120.958124,22.6726212],[120.990231,22.6822227],[120.9922444,22.6920915]]]},"properties":{"shapeName":"Beinan","shapeID":"52511910B49397347460294","shapeGroup":"TWN","shapeType":"ADM2"}},
{"type":"Feature","geometry":{"type":"Polygon","coordinates":[[[120.162645,23.3099779],[120.1707705,23.3115281],[120.1797213,23.3214062],[120.1761116,23.3418481],[120.1893199,23.3614878],[120.1966365,23.365239],[120.2074226,23.3799401],[120.2271054,23.3815597],[120.2308285,23.4037341],[120.2357563,23.4075973],[120.2281612,23.4188236],[120.2184792,23.4234157],[120.2180325,23.4405712],[120.2062116,23.4529439],[120.2071591,23.4244287],[120.1998008,23.4184167],[120.1880439,23.4232395],[120.1766607,23.4175319],[120.16495413883075,23.404327253619456],[120.15467321564495,23.374390044103524],[120.15506700700007,23.36297008200006],[120.13045386300007,23.36011472900003],[120.12172516952667,23.35036955246285],[120.12657552355019,23.333964454851966],[120.162645,23.3099779]]]},"properties":{"shapeName":"Budai","shapeID":"52511910B59176200579981","shapeGroup":"TWN","shapeType":"ADM2"}},
{"type":"Feature","geometry":{"type":"Polygon","coordinates":[[[120.67863,24.01403],[120.6725764,24.0058498],[120.646016,24.0091579],[120.6380886,24.0074071],[120.6375036,23.9937414],[120.6500864,23.984923],[120.6468467,23.9633794],[120.6645214,23.945974],[120.6711388,23.9447897],[120.6859899,23.9613338],[120.7018215,23.9607601],[120.7106645,23.9548604],[120.73447,23.94926],[120.7638238,23.9678547],[120.7752741,23.9574246],[120.7872959,23.9565275],[120.8028406,23.9630225],[120.8084989,23.9706754],[120.8347664,23.970478],[120.8355399,23.9829374],[120.8308665,23.99263],[120.8082505,24.0018655],[120.7986588,24.0153456],[120.77953,24.0201],[120.77056,24.00908],[120.74365,24.00217],[120.73172,24.00901],[120.71923,24.00965],[120.70638,24.00519],[120.67863,24.01403]]]},"properties":{"shapeName":"Caotun Town","shapeID":"52511910B24890266463781","shapeGroup":"TWN","shapeType":"ADM2"}},
{"type":"Feature","geometry":{"type":"Polygon","coordinates":[[[121.1068529,24.7321345],[121.1010745,24.7136605],[121.1001518,24.6983581],[121.1053123,24.6940204],[121.0995413,24.6747065],[121.1226737,24.6657182],[121.127082,24.6537371],[121.1354263,24.6639396],[121.1518545,24.6718738],[121.1641952,24.6854013],[121.1672422,24.6937261],[121.1889573,24.69821],[121.2037097,24.7253826],[121.196248,24.731583],[121.1967264,24.7434795],[121.1849583,24.7390689],[121.1698915,24.7519488],[121.1530138,24.7578901],[121.1508278,24.7462539],[121.1431567,24.7323033],[121.1297922,24.7303262],[121.1241847,24.7229409],[121.1068529,24.7321345]]]},"properties":{"shapeName":"Hengshan","shapeID":"52511910B22102802824180","shapeGroup":"TWN","shapeType":"ADM2"}},
{"type":"Feature","geometry":{"type":"Polygon","coordinates":[[[120.9575986,23.4694804],[120.9474263,23.4671232],[120.9174928,23.4756706],[120.8867387,23.4755819],[120.88074,23.4676324],[120.8634236,23.4735581],[120.839368,23.4711749],[120.8271201,23.4831163],[120.8231782,23.510871],[120.808612,23.5362128],[120.8082822,23.5435517],[120.8206459,23.5624444],[120.8196091,23.5750206],[120.8255126,23.5864052],[120.8137609,23.6009601],[120.8037591,23.5967888],[120.777552,23.602411],[120.7637657,23.6124734],[120.7547166,23.6144848],[120.7308989,23.6107659],[120.7248504,23.6036106],[120.7339082,23.5846114],[120.73615,23.5704293],[120.7426847,23.5587479],[120.7428076,23.5488217],[120.7317015,23.5439781],[120.7225833,23.5117642],[120.7161167,23.4985149],[120.7109288,23.4943324],[120.703821,23.4727541],[120.6898962,23.4667453],[120.6853568,23.4565105],[120.6741354,23.4499168],[120.6825749,23.438251],[120.6629481,23.4205249],[120.6536713,23.3994783],[120.6421348,23.387891],[120.6463298,23.3670358],[120.6569238,23.3569729],[120.6629306,23.3428764],[120.6564394,23.3352807],[120.6582721,23.3128724],[120.6519873,23.2911493],[120.6580302,23.2958911],[120.6714851,23.2899632],[120.6936673,23.2844704],[120.7034756,23.290083],[120.7037247,23.3003549],[120.7126519,23.3086251],[120.7302501,23.3110189],[120.7481672,23.322072],[120.7580149,23.3347968],[120.7582146,23.3442746],[120.7836907,23.3424519],[120.788545,23.352871],[120.8045855,23.370816],[120.8252182,23.3715654],[120.8293737,23.3834441],[120.8494064,23.412082],[120.8495405,23.4201284],[120.8865671,23.4347636],[120.8917309,23.4464764],[120.909911,23.4577655],[120.9269429,23.455872],[120.9366099,23.463725],[120.9575986,23.4694804]]]},"properties":{"shapeName":"Alishan","shapeID":"52511910B70473175587181","shapeGroup":"TWN","shapeType":"ADM2"}},
{"type":"Feature","geometry":{"type":"Polygon","coordinates":[[[120.9907899,23.8953298],[120.9859937,23.9047816],[120.9713362,23.9175297],[120.9646148,23.928049],[120.9433358,23.9330476],[120.9286556,23.9234033],[120.9168677,23.9279311],[120.9094602,23.922756],[120.893258,23.9330363],[120.8797564,23.925069],[120.8750166,23.9094278],[120.8655862,23.9076777],[120.8767603,23.8758167],[120.8710775,23.8636642],[120.8802965,23.855603],[120.8821193,23.841699],[120.8672856,23.8219136],[120.8738509,23.8131041],[120.8920329,23.8098586],[120.9045685,23.8138073],[120.9162598,23.8277857],[120.9333138,23.829479],[120.9393136,23.8435558],[120.9530165,23.8480701],[120.9753332,23.8380569],[120.9925698,23.8393519],[120.9957777,23.8462216],[120.9930597,23.8628112],[120.9804034,23.8834169],[120.9907899,23.8953298]]]},"properties":{"shapeName":"Yuchi Town","shapeID":"52511910B58943778362560","shapeGroup":"TWN","shapeType":"ADM2"}},
{"type":"Feature","geometry":{"type":"Polygon","coordinates":[[[121.4798532,24.6737758],[121.4596893,24.6732558],[121.4477302,24.6583419],[121.4513438,24.6509531],[121.4359053,24.6270879],[121.4278617,24.6062415],[121.4134155,24.6033955],[121.4030301,24.5917101],[121.4120773,24.5729936],[121.4038398,24.5689353],[121.3949542,24.5561904],[121.3987572,24.5481885],[121.3976947,24.5247943],[121.3905521,24.5229355],[121.38348,24.5101261],[121.373244,24.5095295],[121.3712491,24.4983144],[121.357198,24.4862699],[121.3427428,24.4821238],[121.3360567,24.4674111],[121.3239375,24.4569215],[121.3176616,24.4414915],[121.32696,24.43434],[121.32689,24.39864],[121.33758,24.39042],[121.35457,24.39345],[121.36401,24.3895],[121.3727,24.36871],[121.3812,24.36753],[121.38901,24.37557],[121.43731,24.38332],[121.4473933,24.4089266],[121.4581483,24.4145725],[121.4589079,24.4292533],[121.4684871,24.4365649],[121.4754346,24.4651651],[121.4822367,24.4750967],[121.4955604,24.4712958],[121.5158549,24.4785967],[121.5256467,24.4956941],[121.5468506,24.4960594],[121.5526797,24.5059732],[121.5635895,24.5093803],[121.5697554,24.5214925],[121.5809183,24.5200152],[121.5852207,24.5278593],[121.5992526,24.5376859],[121.6055957,24.5497827],[121.6159103,24.55595],[121.6311914,24.5539232],[121.6480366,24.5619866],[121.679661,24.5610384],[121.6886659,24.5731541],[121.7047279,24.5810529],[121.7188685,24.572174],[121.7357386,24.5661537],[121.7479169,24.5655165],[121.7524684,24.582082],[121.7343787,24.5918063],[121.7238785,24.6084634],[121.7244002,24.6182643],[121.7154003,24.6168833],[121.6829578,24.6323948],[121.6798477,24.6375847],[121.6473005,24.636081],[121.6286632,24.6388235],[121.6238529,24.6252282],[121.6078013,24.6365209],[121.5961212,24.6318386],[121.5892822,24.6395035],[121.5781291,24.6370455],[121.5735962,24.6480327],[121.5943023,24.6655341],[121.6227921,24.6816083],[121.626674,24.6871379],[121.595137,24.7088094],[121.5870141,24.720073],[121.5755477,24.7109347],[121.5619542,24.7126573],[121.5432514,24.7056662],[121.5362884,24.6882729],[121.5238298,24.6832836],[121.5116315,24.6842722],[121.492586,24.6731646],[121.4798532,24.6737758]]]},"properties":{"shapeName":"Datong","shapeID":"52511910B1281835166424","shapeGroup":"TWN","shapeType":"ADM2"}},
{"type":"Feature","geometry":{"type":"Polygon","coordinates":[[[120.7945878,22.068015],[120.7927801,22.1000676],[120.7600471,22.1120443],[120.74699,22.0985398],[120.7394049,22.099561],[120.7360584,22.1182829],[120.7240969,22.1158791],[120.700288,22.1425913],[120.6980215,22.1424372],[120.7160837,22.105293],[120.716033,22.090114],[120.70109868457094,22.083634834612543],[120.7068887,22.0609005],[120.695312435,22.048249775000045],[120.6973968,22.0412683],[120.6857952718468,22.027167953539898],[120.69266291548756,22.009618028214486],[120.6908053,22.0257235],[120.705859,22.0443439],[120.7221023,22.0541537],[120.7387163,22.0476489],[120.7464436,22.0493347],[120.7533839,22.0627728],[120.7698203,22.0597133],[120.7845467,22.0503608],[120.7945878,22.068015]]]},"properties":{"shapeName":"Checheng","shapeID":"52511910B47244734334087","shapeGroup":"TWN","shapeType":"ADM2"}},
{"type":"Feature","geometry":{"type":"Polygon","coordinates":[[[120.72434,24.35409],[120.7297,24.36446],[120.72917,24.37716],[120.74841,24.40465],[120.72865,24.40926],[120.70696,24.43649],[120.69464,24.43928],[120.68016,24.4516],[120.65229413053439,24.463378651230563],[120.62608940532783,24.439139777677536],[120.63962,24.42778],[120.64879,24.40948],[120.65834,24.40647],[120.69207,24.36806],[120.70728,24.35781],[120.71827,24.35583],[120.72434,24.35409]]]},"properties":{"shapeName":"苑裡鎮","shapeID":"52511910B80611967822771","shapeGroup":"TWN","shapeType":"ADM2"}},
{"type":"Feature","geometry":{"type":"Polygon","coordinates":[[[121.802474,24.6703038],[121.7990414,24.6762652],[121.785208,24.6787939],[121.770136,24.6901344],[121.7574311,24.7067951],[121.7511151,24.6938055],[121.7485826,24.6801741],[121.7548024,24.6668504],[121.7681898,24.6699444],[121.7805805,24.6654105],[121.7998137,24.6639861],[121.802474,24.6703038]]]},"properties":{"shapeName":"Luodong","shapeID":"52511910B2005519933546","shapeGroup":"TWN","shapeType":"ADM2"}},
{"type":"Feature","geometry":{"type":"Polygon","coordinates":[[[120.5146724,23.5430401],[120.5367477,23.5494311],[120.5669798,23.5433096],[120.5708813,23.5398162],[120.6064507,23.5531302],[120.634481,23.5305465],[120.6512752,23.5376313],[120.6607302,23.5237199],[120.6823823,23.5089742],[120.7088363,23.510254],[120.7161167,23.4985149],[120.7225833,23.5117642],[120.7317015,23.5439781],[120.7428076,23.5488217],[120.7426847,23.5587479],[120.73615,23.5704293],[120.7184258,23.5690645],[120.7090176,23.5756418],[120.6940167,23.5764869],[120.6762105,23.5705101],[120.6697957,23.5784398],[120.6508313,23.5724386],[120.6456177,23.5935783],[120.6257635,23.5906289],[120.6190006,23.5841848],[120.5813135,23.5821073],[120.5566344,23.5928427],[120.5333879,23.5968107],[120.5248097,23.5860037],[120.535842,23.5688554],[120.5187989,23.5569919],[120.5163585,23.5515671],[120.5146724,23.5430401]]]},"properties":{"shapeName":"Meishan","shapeID":"52511910B52477730632252","shapeGroup":"TWN","shapeType":"ADM2"}},
{"type":"Feature","geometry":{"type":"Polygon","coordinates":[[[120.6232038,22.7106664],[120.6223503,22.7063738],[120.5959494,22.6930149],[120.5612266,22.6636586],[120.536495,22.6399941],[120.5365271,22.6021784],[120.5526961,22.6064563],[120.5568559,22.5809046],[120.5653622,22.5795437],[120.5761575,22.6013021],[120.5876052,22.6152663],[120.6107643,22.6350198],[120.6223761,22.6494943],[120.6298219,22.6522819],[120.6380793,22.687833],[120.6340238,22.6916959],[120.6409332,22.6974369],[120.6493802,22.7106686],[120.6291237,22.7136875],[120.6232038,22.7106664]]]},"properties":{"shapeName":"Neipu","shapeID":"52511910B65196754917234","shapeGroup":"TWN","shapeType":"ADM2"}},
{"type":"Feature","geometry":{"type":"Polygon","coordinates":[[[121.4510446,23.8122381],[121.4601484,23.8081727],[121.4860901,23.8069418],[121.5081395,23.810302],[121.5188571,23.815456],[121.5197864,23.7866795],[121.4993767,23.777751],[121.5008892,23.7657839],[121.5164686,23.7572718],[121.5209661,23.7364727],[121.5266221,23.7312593],[121.5386021,23.7328638],[121.5583905,23.7483176],[121.5667276,23.7465041],[121.57167,23.7564999],[121.5695280860001,23.781683299000065],[121.5718827610001,23.801757224000028],[121.58730050042068,23.830232402106397],[121.59733500856329,23.858639586237597],[121.60340060600004,23.885748926000076],[121.6040099,23.90864],[121.60123370804502,23.925510219064527],[121.5897135,23.9093076],[121.5694899,23.9158895],[121.5533906,23.9243974],[121.537533,23.9277469],[121.5139825,23.9481976],[121.5092,23.94745],[121.50134,23.9188],[121.5037,23.89846],[121.4904,23.87954],[121.46594,23.86318],[121.4595,23.85329],[121.44772,23.84769],[121.45313,23.83113],[121.45171,23.82317],[121.4410957,23.8188004],[121.4510446,23.8122381]]]},"properties":{"shapeName":"Shoufeng","shapeID":"52511910B46580896438278","shapeGroup":"TWN","shapeType":"ADM2"}},
{"type":"Feature","geometry":{"type":"Polygon","coordinates":[[[120.5225669,22.6595866],[120.5271717,22.6675759],[120.5450627,22.6704725],[120.5612266,22.6636586],[120.5959494,22.6930149],[120.5880843,22.6996197],[120.6097443,22.7132815],[120.5404075,22.7225793],[120.5237428,22.7183547],[120.5215642,22.70733],[120.5284893,22.7003972],[120.5229462,22.6931983],[120.5117611,22.6909653],[120.5127506,22.6627477],[120.5225669,22.6595866]]]},"properties":{"shapeName":"Changzhi","shapeID":"52511910B94067910328765","shapeGroup":"TWN","shapeType":"ADM2"}},
{"type":"Feature","geometry":{"type":"Polygon","coordinates":[[[121.2642941,23.1039893],[121.2672982,23.1139773],[121.2491334,23.1315151],[121.2385186,23.1287245],[121.2304273,23.1394265],[121.2119502,23.1442162],[121.1949745,23.1575235],[121.1780714,23.1542949],[121.1732271,23.1475954],[121.1803902,23.1378396],[121.1752501,23.1226477],[121.1869535,23.1120965],[121.2004869,23.0732143],[121.1994417,23.0594665],[121.1810279,23.03865],[121.1902062,23.0299841],[121.2258225,23.0266487],[121.2327554,23.0358032],[121.2642941,23.1039893]]]},"properties":{"shapeName":"Chishang","shapeID":"52511910B55567443002533","shapeGroup":"TWN","shapeType":"ADM2"}},
{"type":"Feature","geometry":{"type":"Polygon","coordinates":[[[120.94904,24.60118],[120.93527,24.60798],[120.91857,24.60277],[120.91042,24.62845],[120.8966,24.62536],[120.87823,24.63435],[120.8769495,24.6478764],[120.86959,24.65248],[120.86755,24.66474],[120.85511820142897,24.66382021397522],[120.83907668251346,24.66323353809912],[120.8167303,24.6345448],[120.8206,24.62452],[120.82922,24.62532],[120.83976,24.60326],[120.90285,24.59974],[120.92096,24.59699],[120.93686,24.58955],[120.94904,24.60118]]]},"properties":{"shapeName":"造橋鄉","shapeID":"52511910B63672424305930","shapeGroup":"TWN","shapeType":"ADM2"}},
{"type":"Feature","geometry":{"type":"Polygon","coordinates":[[[121.25894,24.43804],[121.262639,24.4551181],[121.2581567,24.4632461],[121.2443809,24.4699647],[121.2427072,24.4781476],[121.228824,24.492403],[121.2186746,24.4983195],[121.2236527,24.5065397],[121.2031607,24.5125238],[121.1957448,24.5070401],[121.1772268,24.5072256],[121.1694344,24.5025569],[121.1371412,24.5066036],[121.1232452,24.510232],[121.0981973,24.4964682],[121.0863289,24.501044],[121.071862,24.4983678],[121.05114,24.49741],[121.03256,24.49183],[121.02039,24.50704],[121.01241,24.51078],[120.99835,24.50159],[120.97868,24.50189],[120.96565,24.50653],[120.9493,24.50642],[120.93874,24.499],[120.92119,24.49548],[120.92194,24.48093],[120.91113,24.45288],[120.90411,24.44709],[120.9133,24.43643],[120.90724,24.4163],[120.91804,24.40289],[120.91443,24.38836],[120.91357,24.36705],[120.90643,24.36431],[120.90963,24.35283],[120.90338,24.33459],[120.90993,24.32669],[120.91364,24.30146],[120.90982,24.29397],[120.9225,24.30395],[120.91701,24.33573],[120.93525,24.34287],[120.95679,24.33931],[120.97237,24.33352],[120.98198,24.3359],[120.99209,24.32961],[121.00471,24.33197],[121.01801,24.31129],[121.03528,24.29719],[121.05135,24.29783],[121.05528,24.31032],[121.07341,24.32231],[121.08661,24.31759],[121.12206,24.33635],[121.14085,24.35959],[121.16798,24.36072],[121.1733,24.37308],[121.19023,24.38162],[121.19718,24.39658],[121.21061,24.39572],[121.21349,24.38186],[121.23186,24.38385],[121.23475,24.39748],[121.24357,24.40572],[121.24389,24.42008],[121.25761,24.42505],[121.25894,24.43804]]]},"properties":{"shapeName":"泰安鄉","shapeID":"52511910B36549244443661","shapeGroup":"TWN","shapeType":"ADM2"}},
{"type":"Feature","geometry":{"type":"Polygon","coordinates":[[[120.4952305,23.4528741],[120.5171662,23.4494578],[120.5427593,23.4533316],[120.5662438,23.4504457],[120.5899703,23.4410591],[120.6011911,23.4246566],[120.6041799,23.4104886],[120.6028457,23.3887916],[120.5978402,23.3706527],[120.5871216,23.3618476],[120.5982714,23.3470075],[120.6320812,23.3411103],[120.6349801,23.3531424],[120.6463298,23.3670358],[120.6421348,23.387891],[120.6536713,23.3994783],[120.6629481,23.4205249],[120.6825749,23.438251],[120.6741354,23.4499168],[120.6541513,23.4528285],[120.6382367,23.4815176],[120.6399893,23.4948009],[120.6207874,23.4913206],[120.6123409,23.4781305],[120.6106867,23.4684102],[120.5833599,23.4612892],[120.5474823,23.4712179],[120.5456036,23.4811335],[120.5328715,23.4797211],[120.5080979,23.4826848],[120.5012961,23.4897801],[120.5092703,23.474749],[120.4952305,23.4528741]]]},"properties":{"shapeName":"Fanlu","shapeID":"52511910B82353065981408","shapeGroup":"TWN","shapeType":"ADM2"}},
{"type":"Feature","geometry":{"type":"Polygon","coordinates":[[[121.5266221,23.7312593],[121.5257844,23.7225961],[121.5173869,23.7121523],[121.5214055,23.7001455],[121.5167593,23.6945786],[121.5249416,23.6827835],[121.5144053,23.658164],[121.5037107,23.643944],[121.4914479,23.6478727],[121.4779359,23.6345784],[121.4655435,23.6133219],[121.4476037,23.6082049],[121.4438565,23.598204],[121.4308229,23.5960418],[121.4252795,23.5878511],[121.4231708,23.5674133],[121.430896,23.5481946],[121.4530926,23.5426144],[121.4924706,23.5420251],[121.4849616,23.5164848],[121.4894015,23.5048673],[121.4849015,23.4926999],[121.4726624,23.4864391],[121.4645327,23.4757562],[121.4630244,23.4552553],[121.4458033,23.4517639],[121.4469481,23.4437396],[121.4731992,23.4405905],[121.479743,23.4312557],[121.49573485412587,23.434713721131285],[121.50273935900009,23.467668084000024],[121.51342380115267,23.488999148936166],[121.50511900400011,23.497340509000026],[121.50238262300002,23.51973123700003],[121.5112223210001,23.553198357000042],[121.52596308200009,23.577825778000033],[121.529186062,23.599599829000056],[121.52971277300003,23.625472753000054],[121.5353582,23.6482584],[121.5409787,23.6600666],[121.55301277251584,23.698627839937625],[121.54931996800008,23.718106915000078],[121.5566299,23.72522],[121.5667276,23.7465041],[121.5583905,23.7483176],[121.5386021,23.7328638],[121.5266221,23.7312593]]]},"properties":{"shapeName":"Fengbin","shapeID":"52511910B98966812491458","shapeGroup":"TWN","shapeType":"ADM2"}},
{"type":"Feature","geometry":{"type":"Polygon","coordinates":[[[121.4037111,23.6889862],[121.4353865,23.6866046],[121.4658035,23.6754462],[121.4792053,23.6868954],[121.4859638,23.70094],[121.5056299,23.7100601],[121.5173869,23.7121523],[121.5257844,23.7225961],[121.5266221,23.7312593],[121.5209661,23.7364727],[121.5164686,23.7572718],[121.5008892,23.7657839],[121.4993767,23.777751],[121.5197864,23.7866795],[121.5188571,23.815456],[121.5081395,23.810302],[121.4860901,23.8069418],[121.4601484,23.8081727],[121.4510446,23.8122381],[121.4434014,23.7952931],[121.4532017,23.7839164],[121.4530094,23.7610579],[121.4429278,23.7671845],[121.430542,23.7687658],[121.4223042,23.7616708],[121.4212126,23.7470523],[121.4349293,23.7333003],[121.4063346,23.6965958],[121.4037111,23.6889862]]]},"properties":{"shapeName":"Fenglin","shapeID":"52511910B17390178466990","shapeGroup":"TWN","shapeType":"ADM2"}},
{"type":"Feature","geometry":{"type":"Polygon","coordinates":[[[121.6234768,24.7943555],[121.6489902,24.7949668],[121.6734935,24.7836725],[121.6854894,24.785073],[121.7133752,24.7803839],[121.7336989,24.7685322],[121.743307,24.7771728],[121.7609004,24.7828849],[121.7719905,24.7715122],[121.7809413,24.7845953],[121.7884388,24.7844278],[121.794192,24.7957036],[121.803718,24.7935023],[121.8166058,24.8076959],[121.8133123,24.8302995],[121.8010668,24.8260006],[121.7787591,24.8448229],[121.772688,24.8564742],[121.7577921,24.850581],[121.7473489,24.8536995],[121.7302054,24.8552043],[121.7074334,24.8388676],[121.6876263,24.8243993],[121.6893187,24.8172786],[121.6603573,24.811091],[121.6472922,24.8139337],[121.6304005,24.8090346],[121.6234768,24.7943555]]]},"properties":{"shapeName":"Jiaoxi Township","shapeID":"52511910B67044835484249","shapeGroup":"TWN","shapeType":"ADM2"}},
{"type":"Feature","geometry":{"type":"Polygon","coordinates":[[[121.7958336,24.6012837],[121.807261,24.5922279],[121.8149233,24.5803386],[121.8146925,24.5589873],[121.8232553,24.5513115],[121.8312996,24.5526486],[121.8489351,24.5370435],[121.8297285,24.5161531],[121.8293458,24.5074225],[121.8198724,24.4795814],[121.8145046,24.4716205],[121.7974146,24.4637286],[121.7869682,24.4719795],[121.7792224,24.4551704],[121.7872963,24.4418297],[121.7993433,24.4314169],[121.8215904339217,24.45634116352416],[121.8213854,24.4627558],[121.8493628550001,24.480056752000053],[121.84966932900011,24.493363173000034],[121.83851774700008,24.50059578300005],[121.84304900100005,24.521218001000022],[121.87206015827594,24.53137400619597],[121.87378908272835,24.545733980099236],[121.8692411,24.5704058],[121.87166030800006,24.578085310000063],[121.8653756760001,24.609438992000037],[121.8530062860001,24.625206253000044],[121.84486020900765,24.644682389414758],[121.8358465,24.6428002],[121.8224604,24.653925],[121.8139843,24.6515453],[121.8253852,24.6377415],[121.8231609,24.627048],[121.8118138,24.6219817],[121.8084002,24.6085903],[121.7958336,24.6012837]]]},"properties":{"shapeName":"Su'ao Township","shapeID":"52511910B76288634877329","shapeGroup":"TWN","shapeType":"ADM2"}},
{"type":"Feature","geometry":{"type":"Polygon","coordinates":[[[120.4088143,23.506566],[120.3930903,23.5066437],[120.3888029,23.5160439],[120.3802477,23.5147331],[120.371147,23.5020585],[120.3641769,23.5139769],[120.3510696,23.5050287],[120.3346997,23.508269],[120.3259258,23.5058037],[120.3208116,23.4934154],[120.3079204,23.4755857],[120.2902465,23.4782473],[120.2947195,23.4668465],[120.289537,23.4524938],[120.2912804,23.4456327],[120.2930171,23.4345403],[120.3202026,23.4372332],[120.3424162,23.4288799],[120.3560413,23.434504],[120.3517347,23.4439877],[120.3556178,23.4588435],[120.3790414,23.4646427],[120.3941285,23.4625309],[120.3992692,23.4710252],[120.3894433,23.498648],[120.4088143,23.506566]]]},"properties":{"shapeName":"Taibao","shapeID":"52511910B26426295483490","shapeGroup":"TWN","shapeType":"ADM2"}},
{"type":"Feature","geometry":{"type":"Polygon","coordinates":[[[121.06543827331758,22.684763727913186],[121.0819712,22.6992276],[121.1016398,22.7060706],[121.12293061484338,22.716672658834952],[121.1573401,22.7479534],[121.1731341,22.7568954],[121.16963195100004,22.773943661000033],[121.17923902500002,22.77186163300007],[121.1814132,22.7853299],[121.1999682,22.795417],[121.1924228,22.8192052],[121.1842377,22.8167385],[121.1830575,22.8062253],[121.161332,22.7934054],[121.1409127,22.7915702],[121.1331708,22.8082906],[121.1158602,22.8113422],[121.1086613,22.7948258],[121.1007385,22.7879779],[121.109745,22.7798643],[121.0988369,22.774633],[121.0780377,22.7749624],[121.0539341,22.7666829],[121.0494743,22.7598636],[121.0568842,22.7466196],[121.0519727,22.7364294],[121.0349597,22.7135078],[121.0396387,22.7014571],[121.055053,22.695255],[121.06543827331758,22.684763727913186]]]},"properties":{"shapeName":"Taitung City","shapeID":"52511910B26321075911025","shapeGroup":"TWN","shapeType":"ADM2"}},
{"type":"Feature","geometry":{"type":"Polygon","coordinates":[[[120.46674,23.93142],[120.45974,23.92726],[120.44588,23.9303],[120.44754,23.91563],[120.4411,23.89466],[120.44687,23.89166],[120.44762,23.87608],[120.44226,23.87454],[120.44736,23.85589],[120.44479,23.84995],[120.45887,23.83505],[120.46768,23.82887],[120.47569,23.84823],[120.48614,23.85643],[120.48631,23.86782],[120.5074,23.871],[120.49976,23.88228],[120.5,23.8949],[120.48247,23.90363],[120.47395,23.91318],[120.47489,23.92196],[120.46674,23.93142]]]},"properties":{"shapeName":"Pitou Township","shapeID":"52511910B86901151057582","shapeGroup":"TWN","shapeType":"ADM2"}},
{"type":"Feature","geometry":{"type":"Polygon","coordinates":[[[119.4880773507702,23.357487502607587],[119.50289137000004,23.35591816400006],[119.50770220400011,23.364756752000062],[119.50468,23.3924099],[119.49693,23.39044],[119.49191614627946,23.379619161613146],[119.49497272200006,23.365733143000057],[119.4880773507702,23.357487502607587]]]},"properties":{"shapeName":"Wang'an Town","shapeID":"52511910B25870488928169","shapeGroup":"TWN","shapeType":"ADM2"}},
{"type":"Feature","geometry":{"type":"Polygon","coordinates":[[[119.46822479286284,23.563404535625697],[119.48948772500012,23.562806495000075],[119.49691521300008,23.568361346000074],[119.51116342500006,23.56433411000006],[119.512301997,23.592194861000053],[119.5229120140001,23.601760889000047],[119.5194,23.6112801],[119.52198736917806,23.630876220504256],[119.53476713500004,23.638433173000067],[119.51206088600009,23.64793555400007],[119.50233008000009,23.63091527000006],[119.50033133300008,23.619479580000075],[119.50904589400011,23.612428996000062],[119.50269273300012,23.603263312000024],[119.50342424200005,23.579187542000057],[119.4929082000001,23.569507058000056],[119.48169924017482,23.57489846960754],[119.46822479286284,23.563404535625697]]]},"properties":{"shapeName":"Xiyu Town","shapeID":"52511910B49192689587509","shapeGroup":"TWN","shapeType":"ADM2"}},
{"type":"Feature","geometry":{"type":"Polygon","coordinates":[[[120.973769,24.7118792],[120.974035,24.6969398],[120.9654959,24.6846499],[120.9764068,24.6831406],[120.977,24.67364],[120.9961572,24.6553743],[121.0100038,24.6560965],[121.0082134,24.6443671],[121.0431361,24.6272877],[121.0489642,24.6409007],[121.0389502,24.6488398],[121.0464607,24.6670515],[121.0368092,24.6736714],[121.0406656,24.7043694],[121.0370395,24.7106619],[121.0181557,24.7110519],[121.0114938,24.7060465],[121.002603,24.7145088],[120.9926121,24.7170034],[120.9856184,24.7108018],[120.973769,24.7118792]]]},"properties":{"shapeName":"Emei","shapeID":"52511910B53218930904512","shapeGroup":"TWN","shapeType":"ADM2"}},
{"type":"Feature","geometry":{"type":"Polygon","coordinates":[[[118.46520898731896,24.453229856108276],[118.46112819400003,24.478787039000053],[118.45527828900003,24.48304508500007],[118.44858379639695,24.507351135516373],[118.43265020900003,24.50880156000005],[118.42731406100006,24.52167126300003],[118.41237901700003,24.524784073000035],[118.40065969500006,24.511158805000036],[118.3953101,24.51118],[118.39489410300007,24.490505083000073],[118.38408944600008,24.482778496000037],[118.38760787600006,24.473206480000044],[118.380628101815,24.463816051221478],[118.396044,24.4538268],[118.4329668,24.4710028],[118.4551539,24.4466454],[118.46520898731896,24.453229856108276]]]},"properties":{"shapeName":"金沙鎮","shapeID":"52511910B24095937104675","shapeGroup":"TWN","shapeType":"ADM2"}},
{"type":"Feature","geometry":{"type":"MultiPolygon","coordinates":[[[[120.40232,24.12374],[120.38825292439572,24.105963744179796],[120.41311880100011,24.104893],[120.41818615600071,24.123878922927407],[120.40232,24.12374]]],[[[120.37792883217917,24.05847364589616],[120.39989581226116,24.05871576149498],[120.41468681915762,24.075897789157356],[120.4191429,24.0860394],[120.3964649,24.0856734],[120.3774938,24.0764914],[120.37792883217917,24.05847364589616]]],[[[120.43907305537039,24.124730335882866],[120.4312518,24.0961296],[120.41071351356844,24.070880067665293],[120.40682180092716,24.058118416057862],[120.42166,24.05328],[120.46316,24.05223],[120.47893,24.04654],[120.47974,24.05401],[120.48174,24.06838],[120.49279,24.07722],[120.48601,24.09767],[120.47743,24.10244],[120.46719,24.1063],[120.46329,24.11566],[120.45198,24.12656],[120.43907305537039,24.124730335882866]]]]},"properties":{"shapeName":"鹿港鎮","shapeID":"52511910B67569609565838","shapeGroup":"TWN","shapeType":"ADM2"}},
{"type":"Feature","geometry":{"type":"Polygon","coordinates":[[[121.3371971,23.4903656],[121.3252246,23.4672533],[121.3436963,23.457107],[121.3503795,23.4430389],[121.3624881,23.4350652],[121.3720103,23.45495],[121.3875116,23.4739301],[121.4041955,23.4854762],[121.4111077,23.4957909],[121.4183607,23.4931349],[121.4145848,23.4806136],[121.4383175,23.4758305],[121.4458033,23.4517639],[121.4630244,23.4552553],[121.4645327,23.4757562],[121.4726624,23.4864391],[121.4849015,23.4926999],[121.4894015,23.5048673],[121.4849616,23.5164848],[121.4924706,23.5420251],[121.4530926,23.5426144],[121.430896,23.5481946],[121.4231708,23.5674133],[121.4252795,23.5878511],[121.4109414,23.5850474],[121.3745804,23.5890327],[121.357816,23.6056438],[121.3522392,23.5984914],[121.3595902,23.5797715],[121.3515114,23.5766973],[121.3521876,23.5659163],[121.3640131,23.5700769],[121.3744581,23.5570266],[121.3750638,23.5381909],[121.3680298,23.5266718],[121.3488442,23.5257674],[121.3455033,23.4908307],[121.3371971,23.4903656]]]},"properties":{"shapeName":"Ruisui","shapeID":"52511910B22417450396653","shapeGroup":"TWN","shapeType":"ADM2"}},
{"type":"Feature","geometry":{"type":"Polygon","coordinates":[[[120.74841,24.40465],[120.75129,24.42836],[120.75526,24.44484],[120.75127,24.4661],[120.76329,24.48722],[120.75586,24.49265],[120.75674,24.50455],[120.75015,24.50747],[120.73449,24.54603],[120.72449,24.55376],[120.727,24.56],[120.71951,24.57045],[120.71079041988742,24.573530869690497],[120.69537670400007,24.546573307000074],[120.68599382865447,24.52077988739907],[120.66612100100008,24.489889],[120.66639559100008,24.483574700000077],[120.65229413053439,24.463378651230563],[120.68016,24.4516],[120.69464,24.43928],[120.70696,24.43649],[120.72865,24.40926],[120.74841,24.40465]]]},"properties":{"shapeName":"通霄鎮","shapeID":"52511910B96063333949316","shapeGroup":"TWN","shapeType":"ADM2"}},
{"type":"Feature","geometry":{"type":"Polygon","coordinates":[[[120.845,24.43533],[120.8447,24.44557],[120.83785,24.45497],[120.81618,24.46848],[120.81287,24.47434],[120.81109,24.50129],[120.81281,24.52687],[120.79723,24.52558],[120.78755,24.5194],[120.77768,24.50256],[120.76329,24.48722],[120.75127,24.4661],[120.75526,24.44484],[120.75129,24.42836],[120.77374,24.43808],[120.7890117,24.4313576],[120.78612,24.4192],[120.80152,24.40909],[120.81328,24.38943],[120.8227,24.38911],[120.8407,24.40624],[120.83611,24.41336],[120.84298,24.42276],[120.845,24.43533]]]},"properties":{"shapeName":"銅鑼鄉","shapeID":"52511910B53728166380969","shapeGroup":"TWN","shapeType":"ADM2"}},
{"type":"Feature","geometry":{"type":"Polygon","coordinates":[[[120.93428,24.71317],[120.92428,24.7046],[120.886588,24.702662],[120.8920021,24.690713],[120.8824757,24.6834943],[120.8769495,24.6478764],[120.87823,24.63435],[120.8966,24.62536],[120.90873,24.63755],[120.9106085,24.6537109],[120.92892,24.66272],[120.93973,24.65748],[120.95059,24.67896],[120.977,24.67364],[120.9764068,24.6831406],[120.9654959,24.6846499],[120.974035,24.6969398],[120.973769,24.7118792],[120.9639663,24.7115257],[120.9552195,24.7047059],[120.9353997,24.712573],[120.93428,24.71317]]]},"properties":{"shapeName":"頭份市","shapeID":"52511910B27389223998758","shapeGroup":"TWN","shapeType":"ADM2"}},
{"type":"Feature","geometry":{"type":"Polygon","coordinates":[[[120.9858116,24.9396726],[120.9735764,24.9275455],[120.9514816,24.8813375],[120.9627776,24.8801848],[120.9744804,24.8733804],[120.9827898,24.8629349],[120.9926945,24.8648508],[121.0147549,24.8854776],[121.0284549,24.9177594],[121.0462122,24.9423852],[121.03854,24.94619],[121.0255578,24.9404764],[121.00707,24.946],[120.99039,24.9356],[120.9858116,24.9396726]]]},"properties":{"shapeName":"新豐鄉","shapeID":"52511910B50770239456778","shapeGroup":"TWN","shapeType":"ADM2"}},
{"type":"Feature","geometry":{"type":"Polygon","coordinates":[[[120.5012961,23.4897801],[120.5080979,23.4826848],[120.5328715,23.4797211],[120.5456036,23.4811335],[120.5474823,23.4712179],[120.5833599,23.4612892],[120.6106867,23.4684102],[120.6123409,23.4781305],[120.6207874,23.4913206],[120.6399893,23.4948009],[120.6382367,23.4815176],[120.6541513,23.4528285],[120.6741354,23.4499168],[120.6853568,23.4565105],[120.6898962,23.4667453],[120.703821,23.4727541],[120.7109288,23.4943324],[120.7161167,23.4985149],[120.7088363,23.510254],[120.6823823,23.5089742],[120.6607302,23.5237199],[120.6512752,23.5376313],[120.634481,23.5305465],[120.6064507,23.5531302],[120.5708813,23.5398162],[120.5669798,23.5433096],[120.5367477,23.5494311],[120.5146724,23.5430401],[120.5069697,23.5473402],[120.4984854,23.5351106],[120.4961093,23.5212275],[120.4831595,23.5053705],[120.4893506,23.4913501],[120.5012961,23.4897801]]]},"properties":{"shapeName":"Zhuqi","shapeID":"52511910B55503333028627","shapeGroup":"TWN","shapeType":"ADM2"}},
{"type":"Feature","geometry":{"type":"Polygon","coordinates":[[[120.7776468,24.3206422],[120.77599,24.33933],[120.77693,24.34839],[120.79532,24.35643],[120.8186,24.37589],[120.8227,24.38911],[120.81328,24.38943],[120.80152,24.40909],[120.78612,24.4192],[120.7890117,24.4313576],[120.77374,24.43808],[120.75129,24.42836],[120.74841,24.40465],[120.72917,24.37716],[120.7297,24.36446],[120.72434,24.35409],[120.76449,24.32573],[120.7776468,24.3206422]]]},"properties":{"shapeName":"三義鄉","shapeID":"52511910B13267113488931","shapeGroup":"TWN","shapeType":"ADM2"}},
{"type":"Feature","geometry":{"type":"Polygon","coordinates":[[[121.5797794,24.0189415],[121.5853726,24.014213],[121.6078678,24.0135721],[121.6108316,24.0026396],[121.63292503635692,24.026799843989192],[121.62363583400008,24.04133932900004],[121.61653552100006,24.060089481000034],[121.61768506500005,24.085173759000043],[121.62868055400008,24.10379542100003],[121.6559307,24.1245201],[121.6337344,24.1380377],[121.64037,24.12254],[121.61503,24.10448],[121.60715,24.06497],[121.59348,24.04566],[121.5885819,24.0296284],[121.5797794,24.0189415]]]},"properties":{"shapeName":"Xincheng","shapeID":"52511910B49284203349487","shapeGroup":"TWN","shapeType":"ADM2"}},
{"type":"Feature","geometry":{"type":"Polygon","coordinates":[[[120.5298976,22.5034024],[120.5298747,22.50188],[120.5464197,22.4869933],[120.5415139,22.4805481],[120.542802,22.4678574],[120.5414893,22.463081],[120.5612402,22.4617458],[120.5765834,22.4577309],[120.59623,22.4480855],[120.6091064,22.4451792],[120.6163968,22.4479375],[120.6163438,22.4739678],[120.6243265,22.479632],[120.6183005,22.4873941],[120.6210459,22.5067451],[120.6335756,22.524759],[120.6056736,22.5248714],[120.6016766,22.5211004],[120.5562924,22.5089437],[120.5429366,22.5109781],[120.5298976,22.5034024]]]},"properties":{"shapeName":"Xinpi","shapeID":"52511910B59671861776280","shapeGroup":"TWN","shapeType":"ADM2"}},
{"type":"Feature","geometry":{"type":"Polygon","coordinates":[[[120.3664956,23.6078068],[120.3602695,23.5961202],[120.3724257,23.5942122],[120.3695635,23.5813352],[120.3756461,23.5720964],[120.3875443,23.5654768],[120.3993237,23.5623359],[120.4064697,23.5702498],[120.4262272,23.5796896],[120.4398347,23.5793032],[120.4456566,23.5849241],[120.4560748,23.582473],[120.4450255,23.5943858],[120.4302844,23.5913142],[120.4274933,23.6048248],[120.4081152,23.6021993],[120.4071368,23.6113978],[120.4138146,23.6224204],[120.4026522,23.6269405],[120.3865595,23.6209734],[120.3797517,23.6099207],[120.3664956,23.6078068]]]},"properties":{"shapeName":"Xikou","shapeID":"52511910B40762326804108","shapeGroup":"TWN","shapeType":"ADM2"}},
{"type":"Feature","geometry":{"type":"Polygon","coordinates":[[[120.47489,23.92196],[120.47395,23.91318],[120.48247,23.90363],[120.5,23.8949],[120.5086,23.89318],[120.52558,23.88245],[120.5448,23.88278],[120.54819,23.87063],[120.55502,23.86988],[120.56004,23.88597],[120.56811,23.88868],[120.56452,23.90331],[120.53794,23.90179],[120.53879,23.90734],[120.5241,23.91434],[120.51549,23.91331],[120.49457,23.92507],[120.49028,23.9205],[120.47489,23.92196]]]},"properties":{"shapeName":"田尾鄉","shapeID":"52511910B93844416805291","shapeGroup":"TWN","shapeType":"ADM2"}},
{"type":"Feature","geometry":{"type":"Polygon","coordinates":[[[120.83772,24.11787],[120.82852,24.09448],[120.82944,24.07227],[120.8145,24.06991],[120.80699,24.06426],[120.79654,24.04032],[120.77953,24.0201],[120.7986588,24.0153456],[120.8082505,24.0018655],[120.8308665,23.99263],[120.8355399,23.9829374],[120.8347664,23.970478],[120.8296207,23.9529935],[120.8287138,23.9380178],[120.8410996,23.932621],[120.8477259,23.9042293],[120.8530093,23.8926298],[120.8623676,23.8976048],[120.8655862,23.9076777],[120.8750166,23.9094278],[120.8797564,23.925069],[120.8792272,23.9532256],[120.8857971,23.9655132],[120.9054824,23.9757242],[120.9021087,24.0099809],[120.8886564,24.0189474],[120.9020139,24.0297441],[120.9028929,24.0396533],[120.9178305,24.0481074],[120.9394653,24.046226],[120.9436518,24.0530453],[120.9454978,24.0669584],[120.9376903,24.0746863],[120.9470018,24.0867382],[120.9439698,24.094388],[120.9525531,24.1052464],[120.95707,24.12415],[120.95012,24.12786],[120.93186,24.11222],[120.91988,24.10744],[120.89615,24.11645],[120.89006,24.09664],[120.87686,24.09119],[120.88023,24.10536],[120.87244,24.11684],[120.8586,24.11621],[120.85386,24.12452],[120.83772,24.11787]]]},"properties":{"shapeName":"Guoxing Township","shapeID":"52511910B81868017791126","shapeGroup":"TWN","shapeType":"ADM2"}},
{"type":"Feature","geometry":{"type":"Polygon","coordinates":[[[120.6248191,23.8770713],[120.59276,23.88267],[120.57669,23.87664],[120.56811,23.88868],[120.56004,23.88597],[120.55502,23.86988],[120.55474,23.86494],[120.57199,23.85121],[120.56278,23.84325],[120.57229,23.83295],[120.59169,23.82016],[120.6028,23.81986],[120.60493,23.8352],[120.6155514,23.8406087],[120.6272044,23.8566571],[120.6200834,23.8656333],[120.6248191,23.8770713]]]},"properties":{"shapeName":"田中鎮","shapeID":"52511910B68305869820707","shapeGroup":"TWN","shapeType":"ADM2"}},
{"type":"Feature","geometry":{"type":"Polygon","coordinates":[[[121.7719905,24.7715122],[121.7609004,24.7828849],[121.743307,24.7771728],[121.7336989,24.7685322],[121.7270872,24.7550745],[121.7336478,24.7468602],[121.7378682,24.7265578],[121.7560566,24.7236432],[121.7608037,24.7165898],[121.7760703,24.7146867],[121.7733474,24.7192409],[121.7774788,24.738335],[121.7883623,24.7588453],[121.7719905,24.7715122]]]},"properties":{"shapeName":"Yilan City","shapeID":"52511910B14816404731270","shapeGroup":"TWN","shapeType":"ADM2"}},
{"type":"Feature","geometry":{"type":"Polygon","coordinates":[[[121.1581658,24.8753802],[121.1556748,24.880691],[121.1355691,24.8786563],[121.1220174,24.8802305],[121.100674,24.8686248],[121.0801472,24.8631197],[121.0534354,24.8591333],[121.0427561,24.8514249],[121.0338218,24.854365],[121.0136124,24.8507108],[121.0276521,24.8410812],[121.0276568,24.8318442],[121.0405506,24.8223389],[121.0586525,24.8147491],[121.0726974,24.8094609],[121.08453,24.7912519],[121.0961354,24.7949787],[121.1088501,24.7923648],[121.1133743,24.8047158],[121.1067034,24.8215688],[121.1088918,24.8327668],[121.1187325,24.8312947],[121.1281452,24.8372172],[121.150429,24.8372221],[121.1499347,24.8443265],[121.1614409,24.8595667],[121.1581658,24.8753802]]]},"properties":{"shapeName":"Xinpu","shapeID":"52511910B82760897224923","shapeGroup":"TWN","shapeType":"ADM2"}},
{"type":"Feature","geometry":{"type":"Polygon","coordinates":[[[121.1530138,24.7578901],[121.1431441,24.7652963],[121.118612,24.7666918],[121.1176675,24.7754975],[121.1088501,24.7923648],[121.0961354,24.7949787],[121.08453,24.7912519],[121.0726974,24.8094609],[121.0586525,24.8147491],[121.062039,24.8026244],[121.0614693,24.7864775],[121.0749091,24.7727545],[121.0857607,24.7541129],[121.1044917,24.7442983],[121.1068529,24.7321345],[121.1241847,24.7229409],[121.1297922,24.7303262],[121.1431567,24.7323033],[121.1508278,24.7462539],[121.1530138,24.7578901]]]},"properties":{"shapeName":"Qionglin","shapeID":"52511910B8433520860340","shapeGroup":"TWN","shapeType":"ADM2"}},
{"type":"Feature","geometry":{"type":"Polygon","coordinates":[[[120.3558404,23.4016962],[120.3525298,23.4143501],[120.3560413,23.434504],[120.3424162,23.4288799],[120.3202026,23.4372332],[120.2930171,23.4345403],[120.2912804,23.4456327],[120.2697213,23.4478406],[120.2696701,23.4310465],[120.2819895,23.4323927],[120.2768541,23.4184135],[120.2597436,23.4039121],[120.2581421,23.394598],[120.2696067,23.3878792],[120.26867,23.3754453],[120.2846103,23.3634644],[120.2928801,23.3753684],[120.3109652,23.3754442],[120.3110331,23.3856404],[120.3336532,23.3859548],[120.3430421,23.3982206],[120.3558404,23.4016962]]]},"properties":{"shapeName":"Lucao","shapeID":"52511910B1429973809191","shapeGroup":"TWN","shapeType":"ADM2"}},
{"type":"Feature","geometry":{"type":"Polygon","coordinates":[[[120.6413917,22.3518488],[120.6276367,22.3435067],[120.6447782,22.3050014],[120.6459323,22.2854087],[120.6533475,22.2658791],[120.6707759,22.2434007],[120.6790702,22.2189396],[120.700598,22.2000721],[120.692716,22.181469],[120.701058,22.1498789],[120.700288,22.1425913],[120.7240969,22.1158791],[120.7360584,22.1182829],[120.7349145,22.1295169],[120.7381809,22.1479962],[120.7326384,22.1745498],[120.7555254,22.1765539],[120.7800111,22.1943742],[120.8240254,22.2069914],[120.8356714,22.2140485],[120.8630605,22.2097323],[120.8681794,22.2216019],[120.8665514,22.2297764],[120.8586725,22.2408018],[120.8394875,22.2435815],[120.8153892,22.2631773],[120.7996277,22.2571367],[120.7980082,22.2764536],[120.7898594,22.2933777],[120.7777605,22.2978773],[120.7781339,22.3085577],[120.7872753,22.3092385],[120.7963685,22.3167557],[120.7928359,22.3347805],[120.7850773,22.3455022],[120.7673551,22.3476449],[120.7630248,22.3591358],[120.7527741,22.3603397],[120.7435078,22.3675257],[120.7333393,22.3665336],[120.7191823,22.3546935],[120.6839047,22.3436694],[120.6641945,22.3458058],[120.6587668,22.34101],[120.6413917,22.3518488]]]},"properties":{"shapeName":"Shizi","shapeID":"52511910B47928826922149","shapeGroup":"TWN","shapeType":"ADM2"}},
{"type":"Feature","geometry":{"type":"Polygon","coordinates":[[[120.4684024,23.6302905],[120.4410804,23.6259378],[120.4222568,23.6191069],[120.4138146,23.6224204],[120.4071368,23.6113978],[120.4081152,23.6021993],[120.4274933,23.6048248],[120.4302844,23.5913142],[120.4450255,23.5943858],[120.4560748,23.582473],[120.4698575,23.5808511],[120.483786,23.5662478],[120.4902492,23.5681969],[120.4995354,23.557347],[120.5163585,23.5515671],[120.5187989,23.5569919],[120.535842,23.5688554],[120.5248097,23.5860037],[120.5333879,23.5968107],[120.5175903,23.6111094],[120.5063936,23.6261641],[120.5059438,23.6338344],[120.4684024,23.6302905]]]},"properties":{"shapeName":"Dalin","shapeID":"52511910B15112316927565","shapeGroup":"TWN","shapeType":"ADM2"}},
{"type":"Feature","geometry":{"type":"Polygon","coordinates":[[[121.357816,23.6056438],[121.3745804,23.5890327],[121.4109414,23.5850474],[121.4252795,23.5878511],[121.4308229,23.5960418],[121.4438565,23.598204],[121.4476037,23.6082049],[121.4655435,23.6133219],[121.4779359,23.6345784],[121.4914479,23.6478727],[121.5037107,23.643944],[121.5144053,23.658164],[121.5249416,23.6827835],[121.5167593,23.6945786],[121.5214055,23.7001455],[121.5173869,23.7121523],[121.5056299,23.7100601],[121.4859638,23.70094],[121.4792053,23.6868954],[121.4658035,23.6754462],[121.4353865,23.6866046],[121.4037111,23.6889862],[121.3731805,23.6886091],[121.3705461,23.676265],[121.3786456,23.6610169],[121.3794013,23.6430979],[121.369016,23.635267],[121.3679603,23.6210453],[121.357816,23.6056438]]]},"properties":{"shapeName":"Guangfu","shapeID":"52511910B4969786063416","shapeGroup":"TWN","shapeType":"ADM2"}},
{"type":"Feature","geometry":{"type":"Polygon","coordinates":[[[121.2808879,23.2614372],[121.2996016,23.2776422],[121.3133804,23.2764148],[121.3250562,23.2928913],[121.3350596,23.2979042],[121.3477676,23.2789135],[121.3543025,23.2835626],[121.3772196,23.2835268],[121.377811,23.300708],[121.3878803,23.3106752],[121.3901589,23.3205223],[121.3999038,23.3231966],[121.4020975,23.3339482],[121.4226851,23.3600623],[121.4073948,23.3645976],[121.4000162,23.3853573],[121.4103767,23.3987263],[121.4195717,23.4193905],[121.4332645,23.4327898],[121.4408534,23.4338958],[121.4469481,23.4437396],[121.4458033,23.4517639],[121.4383175,23.4758305],[121.4145848,23.4806136],[121.4183607,23.4931349],[121.4111077,23.4957909],[121.4041955,23.4854762],[121.3875116,23.4739301],[121.3720103,23.45495],[121.3624881,23.4350652],[121.3503795,23.4430389],[121.3468118,23.4350666],[121.3271337,23.4109606],[121.316836,23.3939892],[121.3156806,23.3827105],[121.3002479,23.3729084],[121.3179779,23.3499685],[121.3009879,23.3424259],[121.297277,23.3363571],[121.2751426,23.3312247],[121.2682928,23.3269221],[121.2744477,23.3110952],[121.2900108,23.304139],[121.2726756,23.2968327],[121.2787155,23.2837619],[121.2808879,23.2614372]]]},"properties":{"shapeName":"Yuli","shapeID":"52511910B43880613502989","shapeGroup":"TWN","shapeType":"ADM2"}},
{"type":"Feature","geometry":{"type":"MultiPolygon","coordinates":[[[[120.7467901,22.655554],[120.7509217,22.6644721],[120.7442951,22.6812081],[120.7315186,22.6820479],[120.7204425,22.6901689],[120.7067197,22.6911414],[120.6825726,22.698847],[120.6571054,22.7134223],[120.6493802,22.7106686],[120.6409332,22.6974369],[120.6340238,22.6916959],[120.6380793,22.687833],[120.6298219,22.6522819],[120.6256638,22.6359582],[120.6315845,22.6246129],[120.6504614,22.6450977],[120.6587347,22.6418252],[120.6691717,22.6494511],[120.6870369,22.6459218],[120.6932449,22.6542935],[120.7243025,22.657192],[120.7353459,22.6508945],[120.7467901,22.655554]]],[[[120.6097443,22.7132815],[120.5880843,22.6996197],[120.5959494,22.6930149],[120.6223503,22.7063738],[120.6232038,22.7106664],[120.6097443,22.7132815]]]]},"properties":{"shapeName":"Majia","shapeID":"52511910B55440888068193","shapeGroup":"TWN","shapeType":"ADM2"}},
{"type":"Feature","geometry":{"type":"Polygon","coordinates":[[[120.6403678,23.7860501],[120.6666369,23.7935723],[120.6838217,23.8013399],[120.6788137,23.8162963],[120.6506957,23.8127184],[120.6400201,23.8202986],[120.6299235,23.8373572],[120.6155514,23.8406087],[120.60493,23.8352],[120.6028,23.81986],[120.58188,23.80259],[120.58364,23.79325],[120.5937198,23.7911072],[120.6142021,23.791347],[120.6403678,23.7860501]]]},"properties":{"shapeName":"二水鄉","shapeID":"52511910B53055897182204","shapeGroup":"TWN","shapeType":"ADM2"}},
{"type":"Feature","geometry":{"type":"Polygon","coordinates":[[[121.293074,24.7652882],[121.284285,24.7586254],[121.2654022,24.7579044],[121.2529568,24.7454721],[121.244481,24.7469532],[121.2161052,24.7369175],[121.2037097,24.7253826],[121.1889573,24.69821],[121.1672422,24.6937261],[121.1641952,24.6854013],[121.1518545,24.6718738],[121.1699436,24.6626256],[121.182065,24.6601738],[121.1890061,24.6432904],[121.185668,24.6340718],[121.2121511,24.6137592],[121.2204421,24.599662],[121.1974985,24.5794723],[121.1975468,24.5662562],[121.1930031,24.5564006],[121.2010712,24.544685],[121.2031607,24.5125238],[121.2236527,24.5065397],[121.2186746,24.4983195],[121.228824,24.492403],[121.2427072,24.4781476],[121.2443809,24.4699647],[121.2581567,24.4632461],[121.262639,24.4551181],[121.25894,24.43804],[121.26082,24.42864],[121.2699,24.42737],[121.30571,24.43265],[121.3176616,24.4414915],[121.3239375,24.4569215],[121.3360567,24.4674111],[121.3427428,24.4821238],[121.357198,24.4862699],[121.3712491,24.4983144],[121.373244,24.5095295],[121.38348,24.5101261],[121.3905521,24.5229355],[121.3976947,24.5247943],[121.3987572,24.5481885],[121.3949542,24.5561904],[121.4038398,24.5689353],[121.4120773,24.5729936],[121.4030301,24.5917101],[121.3913699,24.5864591],[121.372736,24.5937726],[121.363294,24.6031381],[121.358786,24.6167059],[121.3653757,24.6283245],[121.3524428,24.643373],[121.3537031,24.664919],[121.3403167,24.6663274],[121.33892,24.67906],[121.3296213,24.6911035],[121.3178188,24.698113],[121.2995652,24.6967772],[121.3075903,24.720286],[121.2980846,24.7333055],[121.3077225,24.7551566],[121.293074,24.7652882]]]},"properties":{"shapeName":"Jianshi","shapeID":"52511910B48822656668811","shapeGroup":"TWN","shapeType":"ADM2"}},
{"type":"Feature","geometry":{"type":"Polygon","coordinates":[[[120.6402379,22.3552287],[120.6181824,22.3505528],[120.6063853,22.3405719],[120.6304387,22.3192271],[120.64254700100003,22.302976],[120.64332682950575,22.290933396928132],[120.652184,22.267452001000038],[120.64942068078408,22.254857311206052],[120.6716728,22.2343844],[120.6862860010001,22.204376999000033],[120.68391334773565,22.198386266207855],[120.6934348,22.177561],[120.7004052,22.1483661],[120.6980215,22.1424372],[120.700288,22.1425913],[120.701058,22.1498789],[120.692716,22.181469],[120.700598,22.2000721],[120.6790702,22.2189396],[120.6707759,22.2434007],[120.6533475,22.2658791],[120.6459323,22.2854087],[120.6447782,22.3050014],[120.6276367,22.3435067],[120.6413917,22.3518488],[120.6402379,22.3552287]]]},"properties":{"shapeName":"Fangshan","shapeID":"52511910B32484376841800","shapeGroup":"TWN","shapeType":"ADM2"}},
{"type":"Feature","geometry":{"type":"Polygon","coordinates":[[[121.31148868330317,22.97445122637681],[121.32224,22.99374],[121.32143,23.003],[121.32753,23.01491],[121.33606194943344,23.02012960031031],[121.348227,23.06808699900006],[121.363375,23.09457099900004],[121.3862761,23.103401],[121.39625,23.1174],[121.4041058,23.1152114],[121.4118999,23.1233499],[121.40168,23.12917],[121.39900635200001,23.149346970000067],[121.40701062100004,23.16610718000004],[121.40161638200004,23.17346566300006],[121.39544882000007,23.197362589000022],[121.39704516400002,23.207346862000065],[121.40909479117207,23.214383551840253],[121.4036591,23.2213558],[121.3823217,23.2278356],[121.3685196,23.2268475],[121.3568563,23.2372045],[121.3564432,23.223199],[121.3466154,23.2162941],[121.3469236,23.2092624],[121.3346332,23.1778265],[121.3238058,23.1787085],[121.3174874,23.1643685],[121.3246007,23.1493397],[121.3203488,23.1377517],[121.3225888,23.1200311],[121.3158061,23.1097157],[121.3176398,23.0897141],[121.3139424,23.0822061],[121.3167353,23.0509397],[121.3099142,23.0437605],[121.3131912,23.0316439],[121.3029285,23.0196373],[121.3071138,23.0011364],[121.3002149,22.996589],[121.304962,22.9872015],[121.3005558,22.9784634],[121.31148868330317,22.97445122637681]]]},"properties":{"shapeName":"Chenggong","shapeID":"52511910B97060806511909","shapeGroup":"TWN","shapeType":"ADM2"}},
{"type":"Feature","geometry":{"type":"Polygon","coordinates":[[[119.56435699502475,23.671002985543147],[119.5508830660001,23.662772173000064],[119.5625487049991,23.65221825831521],[119.5714778,23.6623467],[119.597572,23.6412339],[119.61212145520162,23.65303378883633],[119.59678011000005,23.674485050000044],[119.58241282800009,23.67733614100007],[119.56435699502475,23.671002985543147]]]},"properties":{"shapeName":"Baisha Town","shapeID":"52511910B16548233454257","shapeGroup":"TWN","shapeType":"ADM2"}},
{"type":"Feature","geometry":{"type":"Polygon","coordinates":[[[120.6534926,23.2245341],[120.6495719,23.2283388],[120.6485501,23.2489421],[120.6384822,23.2688571],[120.6431833,23.2760099],[120.643394,23.2956003],[120.6519873,23.2911493],[120.6582721,23.3128724],[120.6564394,23.3352807],[120.6629306,23.3428764],[120.6569238,23.3569729],[120.6463298,23.3670358],[120.6349801,23.3531424],[120.6320812,23.3411103],[120.5982714,23.3470075],[120.5871216,23.3618476],[120.5770624,23.3617202],[120.5594496,23.3521307],[120.5471096,23.3397583],[120.5337213,23.3364743],[120.5399771,23.3279095],[120.5225243,23.3117578],[120.5260556,23.2924619],[120.5219698,23.2873328],[120.5204504,23.2717154],[120.5320386,23.255425],[120.5193499,23.2394367],[120.5263654,23.231062],[120.5415524,23.2277803],[120.5552548,23.2173874],[120.5650533,23.2209357],[120.5782434,23.2147759],[120.5901836,23.2339617],[120.6098313,23.222611],[120.6282859,23.2294311],[120.6534926,23.2245341]]]},"properties":{"shapeName":"Dapu","shapeID":"52511910B78382154896940","shapeGroup":"TWN","shapeType":"ADM2"}},
{"type":"Feature","geometry":{"type":"Polygon","coordinates":[[[120.2776083,23.6717121],[120.2702542,23.671012],[120.2562731,23.6566698],[120.2373231,23.653741],[120.21842,23.657991],[120.204032,23.661232],[120.191313,23.669261],[120.17787,23.68442],[120.1862359,23.6988178],[120.17743389983305,23.699580510150756],[120.16334188835897,23.683511799159803],[120.1439655,23.6492652],[120.13998465366633,23.621292824478715],[120.1554503,23.6279151],[120.1651555,23.6281004],[120.1776473,23.6219544],[120.2018456,23.6170566],[120.1994207,23.5941876],[120.2146258,23.5868365],[120.2185291,23.6003015],[120.2266838,23.6037075],[120.2519638,23.6254992],[120.2535324,23.6330787],[120.2674152,23.6301357],[120.2817952,23.633873],[120.2745881,23.6606824],[120.2776083,23.6717121]]]},"properties":{"shapeName":"Sihu","shapeID":"52511910B71690687423925","shapeGroup":"TWN","shapeType":"ADM2"}},
{"type":"Feature","geometry":{"type":"Polygon","coordinates":[[[120.3259258,23.5058037],[120.3346997,23.508269],[120.3510696,23.5050287],[120.3641769,23.5139769],[120.371147,23.5020585],[120.3802477,23.5147331],[120.3888029,23.5160439],[120.3987663,23.5144175],[120.3999814,23.5296576],[120.375867,23.5342674],[120.3787472,23.5556418],[120.3875443,23.5654768],[120.3756461,23.5720964],[120.3695635,23.5813352],[120.3724257,23.5942122],[120.3602695,23.5961202],[120.3352727,23.5929805],[120.3325029,23.5782416],[120.3195593,23.5723518],[120.3064682,23.5720433],[120.3057367,23.5629963],[120.3091094,23.5378953],[120.3053812,23.5132722],[120.3259258,23.5058037]]]},"properties":{"shapeName":"Xingang","shapeID":"52511910B52167757698823","shapeGroup":"TWN","shapeType":"ADM2"}},
{"type":"Feature","geometry":{"type":"Polygon","coordinates":[[[121.01514,23.4351969],[121.0346328,23.4457233],[121.0514971,23.4507711],[121.0556687,23.4591064],[121.0391219,23.474201],[121.0620514,23.4993848],[121.0688079,23.5148965],[121.0920351,23.5146952],[121.1203595,23.5210258],[121.1356028,23.5152358],[121.1507928,23.5287093],[121.151018,23.5453658],[121.1462043,23.5546927],[121.157431,23.5601059],[121.1605397,23.5695625],[121.1518789,23.5741952],[121.1535121,23.5868301],[121.1795583,23.5895375],[121.1946767,23.6004225],[121.2067108,23.5959784],[121.2133492,23.6003771],[121.2236106,23.6230497],[121.2240317,23.6386949],[121.2301194,23.6478364],[121.2360236,23.6703692],[121.2324375,23.6774174],[121.2393815,23.6868379],[121.2412147,23.7087365],[121.2331781,23.729949],[121.2294271,23.7521569],[121.2215559,23.7526891],[121.2064885,23.7629751],[121.2046358,23.7723492],[121.228378,23.7851938],[121.2255085,23.7979787],[121.2347869,23.8179804],[121.2227245,23.8182533],[121.2214526,23.8344204],[121.2123808,23.8431954],[121.196874,23.8509155],[121.1779148,23.8536056],[121.1686702,23.8633777],[121.1592304,23.8653941],[121.1478674,23.8471573],[121.1176496,23.8353296],[121.1130741,23.8249877],[121.0970703,23.815962],[121.0695129,23.8098823],[121.042227,23.8144996],[121.015265,23.821509],[121.0033144,23.8277142],[120.9925698,23.8393519],[120.9753332,23.8380569],[120.9530165,23.8480701],[120.9393136,23.8435558],[120.9333138,23.829479],[120.9349733,23.7891523],[120.9194222,23.793409],[120.9084654,23.7870964],[120.8754132,23.7831477],[120.8735915,23.7786487],[120.8836864,23.7593443],[120.8796544,23.7524354],[120.883687,23.7358117],[120.8893158,23.7275366],[120.8801465,23.7190692],[120.8456607,23.7167045],[120.8401884,23.7111903],[120.8138688,23.7006167],[120.8074347,23.6894188],[120.8094391,23.6779051],[120.8081168,23.6538341],[120.803941,23.6494868],[120.8137678,23.6383537],[120.8164885,23.6231289],[120.8251334,23.612514],[120.8137609,23.6009601],[120.8255126,23.5864052],[120.8196091,23.5750206],[120.8206459,23.5624444],[120.8082822,23.5435517],[120.808612,23.5362128],[120.8231782,23.510871],[120.8271201,23.4831163],[120.839368,23.4711749],[120.8634236,23.4735581],[120.88074,23.4676324],[120.8867387,23.4755819],[120.9174928,23.4756706],[120.9474263,23.4671232],[120.9575986,23.4694804],[120.9683457,23.4713045],[120.9991078,23.4621991],[121.0077124,23.4626755],[121.0158129,23.4517217],[121.010368,23.4458496],[121.01514,23.4351969]]]},"properties":{"shapeName":"Xinyi Township","shapeID":"52511910B65736953470193","shapeGroup":"TWN","shapeType":"ADM2"}},
{"type":"Feature","geometry":{"type":"Polygon","coordinates":[[[120.5337213,23.3364743],[120.5471096,23.3397583],[120.5594496,23.3521307],[120.5770624,23.3617202],[120.5871216,23.3618476],[120.5978402,23.3706527],[120.6028457,23.3887916],[120.6041799,23.4104886],[120.6011911,23.4246566],[120.5899703,23.4410591],[120.5662438,23.4504457],[120.5427593,23.4533316],[120.5171662,23.4494578],[120.4952305,23.4528741],[120.4767874,23.4619766],[120.4686812,23.4615976],[120.4496328,23.4434284],[120.4395269,23.4395803],[120.446665,23.4297598],[120.4572288,23.4271408],[120.473157,23.4421628],[120.4860378,23.4388716],[120.4934367,23.4322569],[120.4790775,23.4214767],[120.4983712,23.3990845],[120.495159,23.3932045],[120.4992213,23.3878753],[120.4845729,23.379657],[120.4915084,23.3724643],[120.5044852,23.3690453],[120.5124231,23.3598124],[120.5036568,23.3512788],[120.5337213,23.3364743]]]},"properties":{"shapeName":"Zhongpu","shapeID":"52511910B68145786967648","shapeGroup":"TWN","shapeType":"ADM2"}},
{"type":"Feature","geometry":{"type":"Polygon","coordinates":[[[120.90587,24.29262],[120.90982,24.29397],[120.91364,24.30146],[120.90993,24.32669],[120.90338,24.33459],[120.90963,24.35283],[120.90643,24.36431],[120.88531,24.36383],[120.86843,24.36027],[120.85984,24.35489],[120.85137,24.35987],[120.83051,24.34302],[120.77599,24.33933],[120.7776468,24.3206422],[120.80745,24.31515],[120.83356,24.29047],[120.85781,24.28927],[120.87491,24.29489],[120.90587,24.29262]]]},"properties":{"shapeName":"Zhuolan Township","shapeID":"52511910B14763561478876","shapeGroup":"TWN","shapeType":"ADM2"}},
{"type":"Feature","geometry":{"type":"Polygon","coordinates":[[[120.9745827,24.5833283],[120.98389,24.6062],[120.98005,24.61725],[120.96883,24.62313],[120.96091,24.61682],[120.95218,24.63918],[120.95503,24.64635],[120.9722,24.63935],[120.98747,24.63826],[121.0082134,24.6443671],[121.0100038,24.6560965],[120.9961572,24.6553743],[120.977,24.67364],[120.95059,24.67896],[120.93973,24.65748],[120.92892,24.66272],[120.9106085,24.6537109],[120.90873,24.63755],[120.8966,24.62536],[120.91042,24.62845],[120.91857,24.60277],[120.93527,24.60798],[120.94904,24.60118],[120.95559,24.5997],[120.9667027,24.5868083],[120.9745827,24.5833283]]]},"properties":{"shapeName":"三灣鄉","shapeID":"52511910B37723179298847","shapeGroup":"TWN","shapeType":"ADM2"}},
{"type":"Feature","geometry":{"type":"Polygon","coordinates":[[[120.5174133,24.0521609],[120.52644,24.0186],[120.53483,24.01283],[120.55206,24.00779],[120.55723,24.00257],[120.57888,24.00564],[120.59362,24.01101],[120.60514,24.00955],[120.59544,24.02448],[120.59285,24.03774],[120.58478,24.05139],[120.57105,24.05628],[120.55809,24.04935],[120.54873,24.05472],[120.5174133,24.0521609]]]},"properties":{"shapeName":"花壇鄉","shapeID":"52511910B80020209032330","shapeGroup":"TWN","shapeType":"ADM2"}},
{"type":"Feature","geometry":{"type":"Polygon","coordinates":[[[119.9089398,26.1452829],[119.9240789,26.1379295],[119.9363617,26.1460919],[119.94242229500503,26.143798702174927],[119.96228567803124,26.158365756913945],[119.9651222760001,26.166826628000024],[119.95204052904958,26.168227210568382],[119.94347259500012,26.158159725000075],[119.9177415,26.1579576],[119.9089398,26.1452829]]]},"properties":{"shapeName":"南竿鄉","shapeID":"52511910B78526013910080","shapeGroup":"TWN","shapeType":"ADM2"}},
{"type":"Feature","geometry":{"type":"Polygon","coordinates":[[[118.21202016518346,24.412297168111646],[118.2266476,24.4065787],[118.234029,24.4136886],[118.24614263223543,24.414234740691757],[118.25011095700006,24.423892874000046],[118.25846500700004,24.425156369000035],[118.26687663900009,24.437074374000076],[118.2645638030001,24.443443715000058],[118.25091878400008,24.452589887000045],[118.22981294648875,24.44680689143171],[118.2263069,24.4277901],[118.21989030100008,24.416263299000036],[118.21202016518346,24.412297168111646]]]},"properties":{"shapeName":"烈嶼鄉","shapeID":"52511910B30921209280056","shapeGroup":"TWN","shapeType":"ADM2"}},
{"type":"Feature","geometry":{"type":"Polygon","coordinates":[[[120.84375,24.58646],[120.8351,24.59901],[120.83976,24.60326],[120.82922,24.62532],[120.8206,24.62452],[120.8167303,24.6345448],[120.83907668251346,24.66323353809912],[120.8310428320001,24.66840286300004],[120.81387502100006,24.668331481000052],[120.78311247720296,24.662016205028603],[120.76137348625582,24.638907557241595],[120.75523592600007,24.62369882300004],[120.75617230600005,24.614041044000032],[120.7454468,24.6074103],[120.73705204800001,24.61169779100004],[120.72618611349463,24.60792479610379],[120.7111708,24.58561],[120.71079041988742,24.573530869690497],[120.71951,24.57045],[120.727,24.56],[120.73232,24.56824],[120.75275,24.58112],[120.7699967,24.5806085],[120.77839,24.56929],[120.78468,24.58781],[120.7989046,24.5882506],[120.8071423,24.59899],[120.82433,24.59721],[120.84375,24.58646]]]},"properties":{"shapeName":"後龍鎮","shapeID":"52511910B26517515062770","shapeGroup":"TWN","shapeType":"ADM2"}},
{"type":"Feature","geometry":{"type":"Polygon","coordinates":[[[121.45096,24.36547],[121.46508,24.35551],[121.48574,24.34808],[121.49827,24.33924],[121.5043,24.34298],[121.52179,24.34304],[121.53336,24.33703],[121.54827,24.33643],[121.56022,24.32268],[121.58831,24.31556],[121.60692,24.31302],[121.60089,24.32388],[121.61814,24.34489],[121.62157,24.36641],[121.6305,24.37049],[121.64378,24.35358],[121.65378,24.3556],[121.67292,24.34379],[121.6838,24.34072],[121.71354,24.32688],[121.74452,24.32292],[121.76040179115984,24.314070820884016],[121.7721085180001,24.321501273000024],[121.7715101,24.33912],[121.78719374435083,24.373983139307562],[121.7894499,24.40335],[121.7993433,24.4314169],[121.7872963,24.4418297],[121.7792224,24.4551704],[121.7869682,24.4719795],[121.7974146,24.4637286],[121.8145046,24.4716205],[121.8198724,24.4795814],[121.8293458,24.5074225],[121.8297285,24.5161531],[121.8489351,24.5370435],[121.8312996,24.5526486],[121.8232553,24.5513115],[121.8146925,24.5589873],[121.8149233,24.5803386],[121.807261,24.5922279],[121.7958336,24.6012837],[121.7567871,24.6188939],[121.7478152,24.6129305],[121.7337923,24.6213515],[121.7244002,24.6182643],[121.7238785,24.6084634],[121.7343787,24.5918063],[121.7524684,24.582082],[121.7479169,24.5655165],[121.7357386,24.5661537],[121.7188685,24.572174],[121.7047279,24.5810529],[121.6886659,24.5731541],[121.679661,24.5610384],[121.6480366,24.5619866],[121.6311914,24.5539232],[121.6159103,24.55595],[121.6055957,24.5497827],[121.5992526,24.5376859],[121.5852207,24.5278593],[121.5809183,24.5200152],[121.5697554,24.5214925],[121.5635895,24.5093803],[121.5526797,24.5059732],[121.5468506,24.4960594],[121.5256467,24.4956941],[121.5158549,24.4785967],[121.4955604,24.4712958],[121.4822367,24.4750967],[121.4754346,24.4651651],[121.4684871,24.4365649],[121.4589079,24.4292533],[121.4581483,24.4145725],[121.4473933,24.4089266],[121.43731,24.38332],[121.45096,24.36547]]]},"properties":{"shapeName":"Nan'ao","shapeID":"52511910B58011485138839","shapeGroup":"TWN","shapeType":"ADM2"}},
{"type":"Feature","geometry":{"type":"Polygon","coordinates":[[[120.9251663,22.4628484],[120.9191658,22.4622806],[120.9083958,22.44559],[120.9066816,22.4340337],[120.8941189,22.430507],[120.8881141,22.4232609],[120.8872322,22.409894],[120.873639,22.405243],[120.8861911,22.395338],[120.886871,22.3809798],[120.8782946,22.3759326],[120.8792824,22.3618792],[120.871456,22.3571587],[120.8603368,22.3406243],[120.8661555,22.3346609],[120.8585671,22.316216],[120.8862001,22.29956],[120.89115765892343,22.29169938994565],[120.8926701,22.3277501],[120.9024642,22.3529838],[120.908836,22.35953],[120.9148351020001,22.386948123000025],[120.92109342554843,22.396837827994844],[120.94595181967809,22.45751342152129],[120.9251663,22.4628484]]]},"properties":{"shapeName":"Dawu","shapeID":"52511910B16211515353621","shapeGroup":"TWN","shapeType":"ADM2"}},
{"type":"Feature","geometry":{"type":"Polygon","coordinates":[[[121.4469481,23.4437396],[121.4408534,23.4338958],[121.4332645,23.4327898],[121.4195717,23.4193905],[121.4103767,23.3987263],[121.4000162,23.3853573],[121.4073948,23.3645976],[121.4226851,23.3600623],[121.4020975,23.3339482],[121.3999038,23.3231966],[121.3901589,23.3205223],[121.3878803,23.3106752],[121.377811,23.300708],[121.3772196,23.2835268],[121.3778948,23.2695988],[121.363556,23.2575825],[121.3568563,23.2372045],[121.3685196,23.2268475],[121.3823217,23.2278356],[121.4036591,23.2213558],[121.40909479117207,23.214383551840253],[121.4186707880001,23.226361449000024],[121.41630887600002,23.237600387000043],[121.42709259300011,23.279003009000064],[121.43868056800011,23.299692422000078],[121.44744888200012,23.310221537000075],[121.46174095375333,23.314031689845315],[121.46742897800004,23.332094495000035],[121.4665171690001,23.342118688000028],[121.47253000566495,23.362068199402618],[121.47133795700006,23.371800085000075],[121.47729850700011,23.39562790800005],[121.49573485412587,23.434713721131285],[121.479743,23.4312557],[121.4731992,23.4405905],[121.4469481,23.4437396]]]},"properties":{"shapeName":"Changbin","shapeID":"52511910B28406755893597","shapeGroup":"TWN","shapeType":"ADM2"}},
{"type":"Feature","geometry":{"type":"Polygon","coordinates":[[[120.77839,24.56929],[120.7699967,24.5806085],[120.75275,24.58112],[120.73232,24.56824],[120.727,24.56],[120.72449,24.55376],[120.73449,24.54603],[120.75015,24.50747],[120.75674,24.50455],[120.75586,24.49265],[120.76329,24.48722],[120.77768,24.50256],[120.78755,24.5194],[120.78324,24.53378],[120.79217,24.54631],[120.7871,24.56382],[120.77839,24.56929]]]},"properties":{"shapeName":"西湖鄉","shapeID":"52511910B62200479590982","shapeGroup":"TWN","shapeType":"ADM2"}},
{"type":"Feature","geometry":{"type":"Polygon","coordinates":[[[120.48606454765441,26.370114174576695],[120.48866099996789,26.35749361040988],[120.5013166,26.36871],[120.48606454765441,26.370114174576695]]]},"properties":{"shapeName":"Dongyin Town","shapeID":"52511910B39055948947966","shapeGroup":"TWN","shapeType":"ADM2"}},
{"type":"Feature","geometry":{"type":"Polygon","coordinates":[[[121.5870141,24.720073],[121.595137,24.7088094],[121.626674,24.6871379],[121.6227921,24.6816083],[121.6376127,24.6833793],[121.6517598,24.6982066],[121.6629032,24.7039512],[121.67858,24.700565],[121.7018064,24.7019943],[121.7125905,24.7001509],[121.7407344,24.7095025],[121.7471481,24.7184561],[121.7608037,24.7165898],[121.7560566,24.7236432],[121.7378682,24.7265578],[121.7336478,24.7468602],[121.7270872,24.7550745],[121.7336989,24.7685322],[121.7133752,24.7803839],[121.6854894,24.785073],[121.6734935,24.7836725],[121.6489902,24.7949668],[121.6234768,24.7943555],[121.6094569,24.7936316],[121.5934713,24.7872636],[121.5975504,24.7725501],[121.5906587,24.7611474],[121.5960867,24.7481749],[121.5942613,24.729215],[121.5870141,24.720073]]]},"properties":{"shapeName":"Yuanshan","shapeID":"52511910B30880402907345","shapeGroup":"TWN","shapeType":"ADM2"}},
{"type":"Feature","geometry":{"type":"Polygon","coordinates":[[[120.6056736,22.5248714],[120.6335756,22.524759],[120.623003,22.5343602],[120.6267778,22.5426932],[120.6319113,22.5731766],[120.6317353,22.6010127],[120.6281457,22.6119509],[120.6315845,22.6246129],[120.6256638,22.6359582],[120.6298219,22.6522819],[120.6223761,22.6494943],[120.6107643,22.6350198],[120.5876052,22.6152663],[120.5761575,22.6013021],[120.5653622,22.5795437],[120.5568559,22.5809046],[120.554139,22.5736816],[120.5397563,22.5643608],[120.548814,22.565806],[120.563309,22.5573008],[120.5849706,22.5611466],[120.5919654,22.5459238],[120.6053699,22.5402808],[120.6056736,22.5248714]]]},"properties":{"shapeName":"Wanluan","shapeID":"52511910B95398494564210","shapeGroup":"TWN","shapeType":"ADM2"}},
{"type":"Feature","geometry":{"type":"Polygon","coordinates":[[[121.7760703,24.7146867],[121.7608037,24.7165898],[121.7471481,24.7184561],[121.7407344,24.7095025],[121.7574311,24.7067951],[121.770136,24.6901344],[121.785208,24.6787939],[121.7990414,24.6762652],[121.802474,24.6703038],[121.8109457,24.6725321],[121.8139843,24.6515453],[121.8224604,24.653925],[121.8358465,24.6428002],[121.84486020900765,24.644682389414758],[121.83749910000006,24.675694845000066],[121.83598219400005,24.70424243000008],[121.82041788514871,24.714057367702665],[121.8121575,24.7118933],[121.7760703,24.7146867]]]},"properties":{"shapeName":"Wujie","shapeID":"52511910B7774942695724","shapeGroup":"TWN","shapeType":"ADM2"}},
{"type":"Feature","geometry":{"type":"Polygon","coordinates":[[[121.3158061,23.1097157],[121.3225888,23.1200311],[121.3203488,23.1377517],[121.3246007,23.1493397],[121.3174874,23.1643685],[121.3238058,23.1787085],[121.3346332,23.1778265],[121.3469236,23.2092624],[121.3466154,23.2162941],[121.3564432,23.223199],[121.3568563,23.2372045],[121.363556,23.2575825],[121.3778948,23.2695988],[121.3772196,23.2835268],[121.3543025,23.2835626],[121.3477676,23.2789135],[121.3350596,23.2979042],[121.3250562,23.2928913],[121.3133804,23.2764148],[121.2996016,23.2776422],[121.2808879,23.2614372],[121.2771737,23.2578497],[121.2671257,23.2304775],[121.2672102,23.222025],[121.2437622,23.1864662],[121.2405915,23.1769897],[121.2293824,23.1670804],[121.2206793,23.1505049],[121.2119502,23.1442162],[121.2304273,23.1394265],[121.2385186,23.1287245],[121.2491334,23.1315151],[121.2672982,23.1139773],[121.2642941,23.1039893],[121.2786446,23.1010724],[121.2915103,23.109368],[121.3158061,23.1097157]]]},"properties":{"shapeName":"Fuli","shapeID":"52511910B38320737099141","shapeGroup":"TWN","shapeType":"ADM2"}},
{"type":"Feature","geometry":{"type":"Polygon","coordinates":[[[121.1499347,24.8443265],[121.150429,24.8372221],[121.1281452,24.8372172],[121.1187325,24.8312947],[121.1088918,24.8327668],[121.1067034,24.8215688],[121.1133743,24.8047158],[121.1088501,24.7923648],[121.1176675,24.7754975],[121.118612,24.7666918],[121.1431441,24.7652963],[121.1530138,24.7578901],[121.1698915,24.7519488],[121.1849583,24.7390689],[121.1967264,24.7434795],[121.196248,24.731583],[121.2037097,24.7253826],[121.2161052,24.7369175],[121.244481,24.7469532],[121.2529568,24.7454721],[121.2654022,24.7579044],[121.284285,24.7586254],[121.293074,24.7652882],[121.2772309,24.7709611],[121.2598423,24.7820792],[121.2612218,24.7902277],[121.2510421,24.7945162],[121.243299,24.8087328],[121.2431055,24.8087107],[121.2214739,24.7996064],[121.2196686,24.8116958],[121.2094501,24.8094388],[121.1755696,24.827591],[121.1761879,24.8321221],[121.1499347,24.8443265]]]},"properties":{"shapeName":"Guanxi","shapeID":"52511910B48556697809502","shapeGroup":"TWN","shapeType":"ADM2"}},
{"type":"Feature","geometry":{"type":"Polygon","coordinates":[[[121.6085877,23.9630574],[121.61663392700007,23.974762019000025],[121.63202190200002,23.985851258000025],[121.647080662,24.00878354300005],[121.64336870300008,24.018634511000073],[121.63292503635692,24.026799843989192],[121.6108316,24.0026396],[121.6078678,24.0135721],[121.5853726,24.014213],[121.5797794,24.0189415],[121.57342,24.0079],[121.56415,24.00783],[121.5581266,23.9983501],[121.597911,23.9870591],[121.5927793,23.9769586],[121.5978886,23.9659535],[121.6085877,23.9630574]]]},"properties":{"shapeName":"Hualien City","shapeID":"52511910B56958480946992","shapeGroup":"TWN","shapeType":"ADM2"}},
{"type":"Feature","geometry":{"type":"Polygon","coordinates":[[[120.5397563,22.5643608],[120.554139,22.5736816],[120.5568559,22.5809046],[120.5526961,22.6064563],[120.5365271,22.6021784],[120.536495,22.6399941],[120.5258499,22.6279797],[120.5079613,22.6207179],[120.5067856,22.6162942],[120.5231321,22.5956139],[120.5058861,22.5737795],[120.4872757,22.5649087],[120.4907479,22.5589123],[120.5041092,22.5540127],[120.5042079,22.5427264],[120.5086426,22.5466703],[120.5296462,22.5657063],[120.5397563,22.5643608]]]},"properties":{"shapeName":"Zhutian","shapeID":"52511910B50234287801955","shapeGroup":"TWN","shapeType":"ADM2"}},
{"type":"Feature","geometry":{"type":"Polygon","coordinates":[[[121.46483104183855,22.677284630918106],[121.4640563480001,22.67196173700006],[121.47470277900004,22.65671837600007],[121.4731338475562,22.64685650028702],[121.487598735,22.643191674000036],[121.49902791900001,22.645872387000054],[121.510526,22.6687446],[121.50937187569141,22.67811481719696],[121.4935818,22.6752657],[121.46483104183855,22.677284630918106]]]},"properties":{"shapeName":"Green Island","shapeID":"52511910B398222474379","shapeGroup":"TWN","shapeType":"ADM2"}},
{"type":"Feature","geometry":{"type":"Polygon","coordinates":[[[120.6397459,23.7144147],[120.6480219,23.6810324],[120.6443629,23.668338],[120.629098,23.635187],[120.6353765,23.6198801],[120.644998,23.631086],[120.652911,23.62959],[120.6513559,23.6162216],[120.6691345,23.6093456],[120.6834949,23.610872],[120.691473,23.620226],[120.705146,23.617121],[120.714211,23.621655],[120.730567,23.61845],[120.7308989,23.6107659],[120.7547166,23.6144848],[120.7637657,23.6124734],[120.777552,23.602411],[120.8037591,23.5967888],[120.8137609,23.6009601],[120.8251334,23.612514],[120.8164885,23.6231289],[120.8137678,23.6383537],[120.803941,23.6494868],[120.7706762,23.659612],[120.7679147,23.6729632],[120.7392731,23.6911908],[120.7315457,23.701475],[120.7355677,23.7321382],[120.7290883,23.741229],[120.739959,23.7460471],[120.7398757,23.7541083],[120.726734,23.7589987],[120.7138208,23.773246],[120.7318578,23.7836174],[120.7532137,23.7904841],[120.7598414,23.7982759],[120.7639393,23.8169531],[120.7279947,23.8340237],[120.7098294,23.823243],[120.6968228,23.807294],[120.6838217,23.8013399],[120.6666369,23.7935723],[120.6403678,23.7860501],[120.648667,23.7728406],[120.6559608,23.7538774],[120.6558222,23.7350369],[120.6445169,23.7366362],[120.6396556,23.7263759],[120.6397459,23.7144147]]]},"properties":{"shapeName":"Chushang","shapeID":"52511910B648094459248","shapeGroup":"TWN","shapeType":"ADM2"}},
{"type":"Feature","geometry":{"type":"Polygon","coordinates":[[[121.0263135,24.7576625],[121.0345637,24.7482379],[121.0507194,24.7543255],[121.0628895,24.7456935],[121.06959,24.7308695],[121.0728495,24.7146915],[121.0846626,24.709641],[121.0940508,24.6871877],[121.0849407,24.6759503],[121.0858831,24.6651777],[121.0966826,24.6413224],[121.1105596,24.6495442],[121.1217927,24.6452243],[121.127082,24.6537371],[121.1226737,24.6657182],[121.0995413,24.6747065],[121.1053123,24.6940204],[121.1001518,24.6983581],[121.1010745,24.7136605],[121.1068529,24.7321345],[121.1044917,24.7442983],[121.0857607,24.7541129],[121.0749091,24.7727545],[121.0614693,24.7864775],[121.0332785,24.8002881],[121.0211853,24.8020575],[121.0207093,24.793826],[121.0322849,24.761632],[121.0263135,24.7576625]]]},"properties":{"shapeName":"Zhudong","shapeID":"52511910B83254623159264","shapeGroup":"TWN","shapeType":"ADM2"}},
{"type":"Feature","geometry":{"type":"Polygon","coordinates":[[[121.071539,24.6139761],[121.0814702,24.6000575],[121.0831064,24.590039],[121.0752637,24.5807901],[121.0704707,24.5631765],[121.0625225,24.5558735],[121.0802439,24.5414754],[121.0780946,24.5285266],[121.0671725,24.5228327],[121.071862,24.4983678],[121.0863289,24.501044],[121.0981973,24.4964682],[121.1232452,24.510232],[121.1371412,24.5066036],[121.1694344,24.5025569],[121.1772268,24.5072256],[121.1957448,24.5070401],[121.2031607,24.5125238],[121.2010712,24.544685],[121.1930031,24.5564006],[121.1975468,24.5662562],[121.1974985,24.5794723],[121.2204421,24.599662],[121.2121511,24.6137592],[121.185668,24.6340718],[121.1890061,24.6432904],[121.182065,24.6601738],[121.1699436,24.6626256],[121.1518545,24.6718738],[121.1354263,24.6639396],[121.127082,24.6537371],[121.1217927,24.6452243],[121.1105596,24.6495442],[121.0966826,24.6413224],[121.0736338,24.620897],[121.071539,24.6139761]]]},"properties":{"shapeName":"Wufeng","shapeID":"52511910B21980317252116","shapeGroup":"TWN","shapeType":"ADM2"}},
{"type":"Feature","geometry":{"type":"Polygon","coordinates":[[[120.9906406,24.8241866],[121.0003517,24.822079],[121.0211853,24.8020575],[121.0332785,24.8002881],[121.0614693,24.7864775],[121.062039,24.8026244],[121.0586525,24.8147491],[121.0405506,24.8223389],[121.0276568,24.8318442],[121.0276521,24.8410812],[121.0136124,24.8507108],[120.9926945,24.8648508],[120.9827898,24.8629349],[120.9744804,24.8733804],[120.9627776,24.8801848],[120.9514816,24.8813375],[120.93438163400003,24.858248161000063],[120.94275256520226,24.846994141006927],[120.9549916,24.8345085],[120.9906406,24.8241866]]]},"properties":{"shapeName":"Zhubei City","shapeID":"52511910B954183777842","shapeGroup":"TWN","shapeType":"ADM2"}},
{"type":"Feature","geometry":{"type":"Polygon","coordinates":[[[120.4407571,22.5575935],[120.4757294,22.5603969],[120.479389,22.5485914],[120.473733,22.5342596],[120.4844395,22.5267023],[120.5042079,22.5427264],[120.5041092,22.5540127],[120.4907479,22.5589123],[120.4872757,22.5649087],[120.5058861,22.5737795],[120.5231321,22.5956139],[120.5067856,22.6162942],[120.5079613,22.6207179],[120.5063178,22.6248697],[120.5013113,22.6188124],[120.4809288,22.6211835],[120.4580724,22.6301596],[120.4353031,22.6287783],[120.4346363,22.6134158],[120.4459895,22.5982293],[120.4470382,22.5859968],[120.4407571,22.5575935]]]},"properties":{"shapeName":"Wandan","shapeID":"52511910B53659520741831","shapeGroup":"TWN","shapeType":"ADM2"}},
{"type":"Feature","geometry":{"type":"Polygon","coordinates":[[[120.40883,23.99871],[120.38973,24.0077],[120.38758,24.01605],[120.3745342,24.0390112],[120.3588911,24.0204891],[120.34445865009211,23.990217151572317],[120.33041456210982,23.989168969811736],[120.3212012,23.9656087],[120.3044541,23.940556],[120.31916300000012,23.935689],[120.29695698661709,23.895546037251723],[120.31922,23.89398],[120.32151,23.88196],[120.34379,23.87831],[120.34941,23.89623],[120.36057,23.90623],[120.36868,23.92269],[120.3816,23.92657],[120.38683,23.94526],[120.39675,23.95084],[120.40277,23.9709],[120.40185,23.98311],[120.40883,23.99871]]]},"properties":{"shapeName":"芳苑鄉","shapeID":"52511910B39925062868722","shapeGroup":"TWN","shapeType":"ADM2"}},
{"type":"Feature","geometry":{"type":"Polygon","coordinates":[[[121.0431361,24.6272877],[121.0082134,24.6443671],[120.98747,24.63826],[120.9722,24.63935],[120.95503,24.64635],[120.95218,24.63918],[120.96091,24.61682],[120.96883,24.62313],[120.98005,24.61725],[120.98389,24.6062],[120.9745827,24.5833283],[120.9700727,24.5690583],[120.95632,24.55135],[120.9555,24.53985],[120.94904,24.52844],[120.95443,24.51698],[120.96565,24.50653],[120.97868,24.50189],[120.99835,24.50159],[121.01241,24.51078],[121.02039,24.50704],[121.03256,24.49183],[121.05114,24.49741],[121.071862,24.4983678],[121.0671725,24.5228327],[121.0780946,24.5285266],[121.0802439,24.5414754],[121.0625225,24.5558735],[121.0704707,24.5631765],[121.0752637,24.5807901],[121.0831064,24.590039],[121.0814702,24.6000575],[121.071539,24.6139761],[121.0613197,24.6217428],[121.0531815,24.6154653],[121.0431361,24.6272877]]]},"properties":{"shapeName":"南庄鄉","shapeID":"52511910B42807411813200","shapeGroup":"TWN","shapeType":"ADM2"}},
{"type":"Feature","geometry":{"type":"Polygon","coordinates":[[[120.51978,24.16147],[120.50931,24.15512],[120.50114,24.13203],[120.482,24.14016],[120.48642,24.12323],[120.47743,24.10244],[120.48601,24.09767],[120.49279,24.07722],[120.49981,24.07628],[120.52549,24.08999],[120.54199,24.09503],[120.54963,24.11392],[120.53274,24.12628],[120.52365,24.13954],[120.52581,24.149],[120.51978,24.16147]]]},"properties":{"shapeName":"和美鎮","shapeID":"52511910B24911018318465","shapeGroup":"TWN","shapeType":"ADM2"}},
{"type":"Feature","geometry":{"type":"Polygon","coordinates":[[[120.57542,23.93324],[120.57124,23.92706],[120.57708,23.91449],[120.56617,23.91191],[120.56452,23.90331],[120.56811,23.88868],[120.57669,23.87664],[120.59276,23.88267],[120.6248191,23.8770713],[120.6294156,23.889102],[120.6340415,23.8919055],[120.6321465,23.910684],[120.6372585,23.9245636],[120.6284919,23.9313711],[120.60184,23.93541],[120.59289,23.9332],[120.5812,23.92324],[120.57542,23.93324]]]},"properties":{"shapeName":"社頭鄉","shapeID":"52511910B92709587856848","shapeGroup":"TWN","shapeType":"ADM2"}},
{"type":"Feature","geometry":{"type":"Polygon","coordinates":[[[120.41262,23.99637],[120.42494,23.99365],[120.42786,24.01369],[120.43548,24.02283],[120.44711,24.02369],[120.46474,24.01309],[120.4864,24.01098],[120.49461,24.00581],[120.49534,24.01588],[120.48228,24.02472],[120.49163,24.02914],[120.4829,24.04006],[120.47974,24.05401],[120.47893,24.04654],[120.46316,24.05223],[120.42166,24.05328],[120.40682180092716,24.058118416057862],[120.3745342,24.0390112],[120.38758,24.01605],[120.38973,24.0077],[120.40883,23.99871],[120.41262,23.99637]]]},"properties":{"shapeName":"福興鄉","shapeID":"52511910B35262105049161","shapeGroup":"TWN","shapeType":"ADM2"}},
{"type":"Feature","geometry":{"type":"Polygon","coordinates":[[[120.45539,23.81664],[120.4834535,23.8065137],[120.5133415,23.7999587],[120.5515001,23.8011182],[120.58364,23.79325],[120.58188,23.80259],[120.6028,23.81986],[120.59169,23.82016],[120.57229,23.83295],[120.56278,23.84325],[120.55987,23.84095],[120.52335,23.85808],[120.51403,23.86984],[120.5074,23.871],[120.48631,23.86782],[120.48614,23.85643],[120.47569,23.84823],[120.46768,23.82887],[120.45887,23.83505],[120.45539,23.81664]]]},"properties":{"shapeName":"溪州鄉","shapeID":"52511910B43288181316884","shapeGroup":"TWN","shapeType":"ADM2"}},
{"type":"Feature","geometry":{"type":"Polygon","coordinates":[[[120.54716,23.97547],[120.51521,23.97813],[120.50878,23.98257],[120.51225,23.97755],[120.51528,23.96539],[120.51317,23.94498],[120.50817,23.93496],[120.52875,23.93747],[120.5371,23.9294],[120.56152,23.93796],[120.56328,23.95734],[120.54706,23.96318],[120.54716,23.97547]]]},"properties":{"shapeName":"埔心鄉","shapeID":"52511910B52234359951443","shapeGroup":"TWN","shapeType":"ADM2"}}
]}