{"type":"FeatureCollection", "features": [
{"type":"Feature","geometry":{"type":"MultiPolygon","coordinates":[[[[173.9548619670201,-34.98614549987233],[173.95028823000007,-34.98626695499996],[173.9382022669667,-34.99292683323157],[173.93106596720517,-35.00098454956037],[173.94214951675062,-35.01110636667412],[173.95099413301926,-35.00012286610224],[173.94965973343068,-34.99055216646171],[173.9548619670201,-34.98614549987233]]],[[[174.31010218339628,-35.30189284973271],[174.3041687010001,-35.29208374099994],[174.29371643000002,-35.28419494599996],[174.2897205663156,-35.27509544974554],[174.2941109406027,-35.26939846399828],[174.2927514827615,-35.26473666658495],[174.2964809503294,-35.25721528315391],[174.29358058336118,-35.24920318350662],[174.3016224837393,-35.24774834971333],[174.29916381800012,-35.24041747899997],[174.29208374000007,-35.23749923699995],[174.29830006637127,-35.2255382992579],[174.31039428700012,-35.21335983199998],[174.30892994944236,-35.20744911676781],[174.3158831011895,-35.201352666567296],[174.3185487675228,-35.19489078341477],[174.32799096751495,-35.19754196632847],[174.33861811116398,-35.18883168944228],[174.3326313665411,-35.18180723342303],[174.3258361810001,-35.18708419699993],[174.32080078100012,-35.18455505399993],[174.30918884300002,-35.18380737299998],[174.3050231940001,-35.18794632],[174.3045806890001,-35.20338821299998],[174.29580688500005,-35.207138061999956],[174.29374694800003,-35.21419525099998],[174.28660583500005,-35.223751067999956],[174.2749481200001,-35.227973937999934],[174.2708129880001,-35.232887267999956],[174.26445596695544,-35.228316833200516],[174.26064683263314,-35.2320908333818],[174.25964355400004,-35.240028381999934],[174.24742333294748,-35.23881883340957],[174.24765904998316,-35.2447922499508],[174.2546529332547,-35.248965150357016],[174.26625061100003,-35.26083373899996],[174.252029922372,-35.26176186368677],[174.23916626000005,-35.25708389299996],[174.22918701100002,-35.262973785999975],[174.22331237800006,-35.251277923999965],[174.2191314690001,-35.24877929699994],[174.2117131003823,-35.25514041669251],[174.21149678318028,-35.26494216627643],[174.21721800035274,-35.26488371702775],[174.21664428700012,-35.272945403999984],[174.2100067140001,-35.277137755999945],[174.21374511700003,-35.28169632],[174.20663452200006,-35.28547286899993],[174.19833374200005,-35.27541732699996],[174.1908111570001,-35.27125167699995],[174.18666076600005,-35.27544403099995],[174.1758270260001,-35.28044509899996],[174.16580200200008,-35.277137755999945],[174.16000366200012,-35.26794433599997],[174.15246582200007,-35.26794433599997],[174.1458129890001,-35.26463699399994],[174.13122558600003,-35.260860442999956],[174.13169860900007,-35.25377655099993],[174.1224517820001,-35.250415801999964],[174.114749266644,-35.252449350053794],[174.1137784154882,-35.25736378516619],[174.12039885052627,-35.25981604964113],[174.12125223348164,-35.26726900010787],[174.12736358351526,-35.26607550010155],[174.13187116665802,-35.27580919935653],[174.13870575322989,-35.28087884614727],[174.14665110022725,-35.28186894989532],[174.14872741700003,-35.290859222999984],[174.13745117100007,-35.29380416899994],[174.1249694830001,-35.283779143999936],[174.12359468380512,-35.30825483290958],[174.135761183503,-35.30771008338871],[174.1392635998074,-35.30307008322649],[174.1503387005631,-35.30628488317227],[174.15181365034698,-35.302118383305064],[174.16194886715863,-35.30332454957393],[174.16215164922286,-35.297675466722794],[174.16827001707094,-35.29195430014369],[174.17588861614092,-35.30485468309389],[174.18799526657338,-35.30086946636073],[174.19369506800012,-35.30250167899993],[174.20964833908727,-35.29855477140995],[174.21418762200005,-35.30710983299997],[174.21314395016094,-35.311575382774244],[174.22250366200012,-35.31794357199993],[174.2168539663078,-35.321723666857956],[174.22088988352243,-35.32710403299783],[174.22963545001068,-35.32523538294532],[174.23080444300012,-35.33627700799997],[174.2257843010001,-35.342109680999954],[174.21664428700012,-35.343807218999984],[174.21223156706347,-35.33906531621207],[174.2125244140001,-35.32544326699997],[174.19169616700003,-35.32208251999998],[174.17953373358813,-35.3152839333563],[174.1699676510001,-35.317916869999976],[174.15415954600007,-35.31874847399996],[174.15641236642463,-35.329516333087305],[174.165775166289,-35.32602428338192],[174.17908084997936,-35.32938116683967],[174.1774749760001,-35.335445403999984],[174.1541900640001,-35.33627700799997],[174.14250183100012,-35.33294296299994],[174.13776551716055,-35.32899398269982],[174.13336181600005,-35.31877898999994],[174.12747511681596,-35.32628243275503],[174.120864868,-35.344581603999984],[174.10916137700008,-35.34291839599996],[174.09913635200007,-35.33794403099995],[174.10122199950098,-35.327677416869975],[174.1179102263571,-35.318734864005],[174.11788940400004,-35.314167020999946],[174.10079956000004,-35.30127716099997],[174.08749389700006,-35.30044555699993],[174.08833312900003,-35.297084807999966],[174.09945853329756,-35.29797131672707],[174.0995788580001,-35.28919601499996],[174.08250427300004,-35.27708434899995],[174.07247924800004,-35.27794265799997],[174.06455993600002,-35.28250121999997],[174.06591691617493,-35.26663556646601],[174.07811419987826,-35.270753099386454],[174.08288574200003,-35.26588821299998],[174.07833862300004,-35.25708389299996],[174.07221926654793,-35.251598482693566],[174.07909851748013,-35.24825286645335],[174.07417297400002,-35.23877716099997],[174.06086731000005,-35.23461150999998],[174.05793762200005,-35.23169326799996],[174.0581943166373,-35.22325919998783],[174.06381801660046,-35.21639605029922],[174.0541992190001,-35.21458434899995],[174.04753112800006,-35.207916259999934],[174.03829956100003,-35.21541595299993],[174.02915954600007,-35.210445403999984],[174.01369710757277,-35.212080449252106],[174.00920105000012,-35.214637756999934],[174.00253295900006,-35.21041488599997],[173.98538208000002,-35.217691059416175],[173.97664983393844,-35.209799382797414],[173.98410628335938,-35.206856583088566],[173.987016116838,-35.19830141691198],[173.99331193328692,-35.199740232966036],[174.00146634998535,-35.19726366643717],[174.0078793166672,-35.189122382885465],[174.02113051677196,-35.1901370833346],[174.0224933498284,-35.19400496690687],[174.03182978298267,-35.193752616637134],[174.03009678479177,-35.18365369282329],[174.02082824700005,-35.184581754999954],[174.01496887200005,-35.178779600999974],[174.00666809100005,-35.17541503899997],[174.0026777665901,-35.16143059238214],[173.99667358400006,-35.16377639799998],[173.98666381800012,-35.16125106699997],[173.98788452200006,-35.16999816799995],[173.98042297400002,-35.17333221299998],[173.98240588398656,-35.162916233439255],[173.9816010000009,-35.15478308334426],[173.98722016708842,-35.1464283827033],[174.00715388346134,-35.14025094995565],[174.01455956682247,-35.14156198289296],[174.01857208353445,-35.14703791659613],[174.02809459997653,-35.15408709986301],[174.02776845065162,-35.157577499734984],[174.03558903323287,-35.165510032770975],[174.0380240339963,-35.157379166611015],[174.04345881669792,-35.15430963339244],[174.04166413360724,-35.14848045020977],[174.0462290002222,-35.145886582326604],[174.0539679004172,-35.15478911670942],[174.04788208000002,-35.15755462599998],[174.05230590001344,-35.16524281544862],[174.05782490154164,-35.16826521564704],[174.06166703339954,-35.176466949045896],[174.05870198304785,-35.185358366153295],[174.06145866820458,-35.19012356670021],[174.06818586687754,-35.18975465013055],[174.07303986635304,-35.17977686602533],[174.08467671822402,-35.176072265895186],[174.09532795066673,-35.169142399467795],[174.10267960179388,-35.17252241752121],[174.11145293482016,-35.167073865129616],[174.12099269200704,-35.17155231676109],[174.1215584339521,-35.16416831641918],[174.1133575440001,-35.156276702999946],[174.1074676510001,-35.157112121999944],[174.0978851320001,-35.154193877999944],[174.0937194820001,-35.13999938799998],[174.08081054700006,-35.12127685399997],[174.0700531000001,-35.12208175599994],[174.05746460000012,-35.11960983199998],[174.05250549400012,-35.12458419699993],[174.03247070300006,-35.12130737299998],[174.02583313000002,-35.123748777999936],[174.02166748100012,-35.11958312999997],[174.0133361820001,-35.12625121899998],[174.00419616700003,-35.125473022999984],[173.99496460000012,-35.119556426999964],[173.98919677700007,-35.12125015199996],[173.9829101570001,-35.12752914299995],[173.97161865200007,-35.12127685399997],[173.96881103500004,-35.12588882299997],[173.95582580600012,-35.112110136999945],[173.95164489700005,-35.112110136999945],[173.93786621100003,-35.095027922999975],[173.93624357676376,-35.08556743818282],[173.93208313000002,-35.07919311399996],[173.92731748324655,-35.06635914945535],[173.92761209956763,-35.06011158287655],[173.93458557100007,-35.05333328099994],[173.92500305200008,-35.04624938999996],[173.91914367700008,-35.04627609299996],[173.91458129900002,-35.041694639999946],[173.91333007800006,-35.02964019799998],[173.9024658200001,-35.02544403],[173.89910888700012,-35.01544570999994],[173.88333129900002,-35.02544403],[173.87246704100005,-35.021278380999945],[173.86663818300008,-35.025417327999946],[173.8557739260001,-35.01794433599997],[173.84378329972594,-34.999840983029316],[173.8391723630001,-34.99711227299997],[173.83003234900002,-35.00544357299998],[173.82169899968144,-34.99853936613759],[173.8066406250001,-34.997943876999955],[173.80163574300002,-35.00541686899993],[173.79164123500004,-35.00541686899993],[173.77914428700012,-35.01208495999998],[173.77247619700006,-35.008777617999954],[173.76246643100012,-35.011249540999984],[173.758269917306,-35.015228849289464],[173.76614791479858,-35.01888636621092],[173.7727839184578,-35.018064416293775],[173.7776672169742,-35.03511349977263],[173.78324541827962,-35.03696333203829],[173.78002929800004,-35.044612884999935],[173.7725067140001,-35.03791808999995],[173.76661682100007,-35.03708267099995],[173.76753234900002,-35.04713821299998],[173.76249694900002,-35.05125045799997],[173.75638176616164,-35.046001932866986],[173.74627685500002,-35.050888061999956],[173.74499511700003,-35.06041717599993],[173.7479400630001,-35.06338882299997],[173.74454531313083,-35.07004408370308],[173.75078363265428,-35.07414164941429],[173.75166320800008,-35.081275939999955],[173.74539184600008,-35.08083343399994],[173.7412567140001,-35.08750152499994],[173.74285888700012,-35.09249877899998],[173.7366333010001,-35.09624862499993],[173.72869873100012,-35.09333419799998],[173.7304382330001,-35.08752822899993],[173.7202982002124,-35.084496866623745],[173.7195424829118,-35.07586862397035],[173.71413330001894,-35.07046523294729],[173.7133026140001,-35.06208419799998],[173.6970825190001,-35.068359373999954],[173.696701049,-35.062915801999964],[173.7082440152551,-35.05749073832404],[173.7030570665075,-35.0548110997417],[173.71679375048893,-35.041439899589804],[173.7200284004822,-35.046365166981495],[173.72893386730146,-35.041044699068856],[173.7400850006401,-35.03720648344817],[173.74510083254543,-35.02660223314487],[173.7399749760001,-35.01461029099994],[173.7324981690001,-35.01541519199998],[173.72618168410932,-35.006319049769616],[173.73116361697947,-35.001134899702805],[173.75368750078954,-35.004651566610804],[173.75625610300006,-34.999999998999954],[173.7466791877256,-34.99627685399997],[173.72207957529136,-34.99711227299997],[173.71746826200012,-34.99874877999997],[173.7096297334302,-34.99029701610842],[173.71542358500005,-34.982297399304],[173.70479104980996,-34.973536600108055],[173.70221460024024,-34.96269061657467],[173.703228666829,-34.957424983206685],[173.69419860800008,-34.95211029099994],[173.68417358400006,-34.94958495999998],[173.67581176800002,-34.96374893199993],[173.6625213630001,-34.96208190899995],[173.65669250500002,-34.96880722099996],[173.6483306890001,-34.96875],[173.64134450069795,-34.96435348315486],[173.63946243383688,-34.95911925006926],[173.63208770023013,-34.95448141675629],[173.62330627500012,-34.95544433599997],[173.61960153296906,-34.95047634949253],[173.62110143384962,-34.94166236677881],[173.6049749169318,-34.9397787667496],[173.600644786675,-34.93543192056649],[173.59336853000002,-34.937946317999945],[173.59246826200012,-34.94294357199993],[173.5841674820001,-34.94213867199994],[173.57743835500003,-34.947082518999935],[173.57207918295023,-34.94156098348778],[173.5741882330001,-34.93210983299997],[173.568283349356,-34.92784028335425],[173.55923003992265,-34.916014930847005],[173.5507812500001,-34.93461227399996],[173.5391387950001,-34.937946317999945],[173.52793884300002,-34.946693420999964],[173.53056397023397,-34.96441398283133],[173.5387772999303,-34.96875869987253],[173.5390944163356,-34.97688064990205],[173.54687081735193,-34.974925250138654],[173.5560463004666,-34.98372214937765],[173.5622009505157,-34.98617746705778],[173.5587463380001,-34.99419403099995],[173.56121826100002,-35.00336074899997],[173.56102359996473,-35.012492283402885],[173.5509999837885,-35.017289749430304],[173.54493713400007,-35.016304014999946],[173.53247070300006,-34.990444183999955],[173.52757880022625,-34.988379266052654],[173.51167297400002,-34.992084502999944],[173.50505065900006,-34.989582061999954],[173.48913574200003,-34.99294280999993],[173.47917175300006,-34.98961257999997],[173.47253418000003,-34.995471952999935],[173.4649658200001,-34.99630737299998],[173.45808770697204,-34.988212724774584],[173.45243835400004,-34.989582061999954],[173.44670105000012,-34.98541641099996],[173.43913269000006,-34.98797225799996],[173.4320526130001,-34.98666763399996],[173.40684305121965,-34.969619149824865],[173.3875980329553,-34.950893748471266],[173.37775031768365,-34.93377058319217],[173.37154348343878,-34.91501539951091],[173.3704223630001,-34.904193877999944],[173.3730206502352,-34.881560816527475],[173.38053258405458,-34.875001750084266],[173.39094878323027,-34.87574991665895],[173.3999867334677,-34.878768966975244],[173.41363694949686,-34.88078435005462],[173.4345986329855,-34.869073099340866],[173.43480836617292,-34.863133199913584],[173.45280645010376,-34.86248783335345],[173.46171366649506,-34.859279599950995],[173.45819211630848,-34.84551978576848],[173.44107075004186,-34.83595211652393],[173.4408789501706,-34.83199188281713],[173.4317666007881,-34.82723289777104],[173.4208679200001,-34.83541488499998],[173.41373651687772,-34.83452868321505],[173.406574350185,-34.82698244977461],[173.4133093162463,-34.82228168273934],[173.41499328700002,-34.81711196899994],[173.40899451056663,-34.811822429850224],[173.4069890628038,-34.804031953998944],[173.40994262700008,-34.79711150999998],[173.3962249760001,-34.78761399803252],[173.3979492190001,-34.80169296299994],[173.38651393847846,-34.8022454421102],[173.38952636800002,-34.810859678999975],[173.39514296724346,-34.81573798289662],[173.39703369100005,-34.82502746599994],[173.39369201600005,-34.83252716099997],[173.3749694820001,-34.84794616599993],[173.36416626000005,-34.85291671799996],[173.33335876500007,-34.85877609099998],[173.32000732500012,-34.86291503799998],[173.30169677700007,-34.86372375499997],[173.29119873100012,-34.86083221399997],[173.28941075070418,-34.875547516866966],[173.29663424974163,-34.8810898661086],[173.30042856659813,-34.8955058996091],[173.31155076654593,-34.899423266804405],[173.31785090033205,-34.90972030061443],[173.32353736749667,-34.91495741612628],[173.32611988411392,-34.92415034980169],[173.34124755900007,-34.95583343499993],[173.3395843510001,-34.96588897699996],[173.33122253400006,-34.97502899199998],[173.32374572700007,-34.99172210699993],[173.3203582760001,-35.00252914499998],[173.31497192400002,-34.997943876999955],[173.30738988342398,-34.99950722219033],[173.3111877440001,-35.00585937499994],[173.30667114200003,-35.01213836599993],[173.3000030510001,-35.01294326799996],[173.29835510200007,-35.021278380999945],[173.2849731440001,-35.022888181999974],[173.28585815500003,-35.01711273199993],[173.291982749785,-35.01027800007919],[173.28416442900004,-35.00624847299997],[173.27746582100008,-35.008777617999954],[173.26661682100007,-35.00875091399996],[173.25666809100005,-35.00624847299997],[173.25160006751165,-35.001828199796506],[173.23363591652918,-35.01336523269334],[173.2290793327033,-35.00327731613847],[173.2241973880001,-34.99791717599993],[173.22583007800006,-34.98708343499993],[173.21872769981178,-34.98315750022578],[173.2176748334225,-34.97183283329985],[173.2149633338284,-34.96690041707077],[173.21675541723803,-34.9567433670323],[173.22253273322707,-34.95234355035201],[173.22987568267502,-34.95369605050334],[173.2350373674916,-34.9453392161722],[173.2345864500145,-34.9354375832265],[173.25188584990462,-34.929351600107374],[173.2560875830246,-34.92396203338092],[173.2682621004448,-34.92141770018799],[173.27031694981252,-34.907725516635054],[173.2795439834114,-34.90585634994778],[173.2814574664685,-34.89505159264259],[173.27252197300004,-34.887111662999985],[173.26249694900002,-34.88375091599994],[173.23831176800002,-34.88294601299998],[173.2124786380001,-34.87791824399994],[173.19917297400002,-34.87125015299995],[173.1699676510001,-34.85458374099994],[173.1595611570001,-34.84419632],[173.14833069000008,-34.82377624399993],[173.1382974857108,-34.82869096759307],[173.1212463380001,-34.81835937499994],[173.11771988371194,-34.81169420045988],[173.11819468328474,-34.80372446654635],[173.105483583683,-34.79110356634946],[173.09869699158392,-34.776730181745506],[173.09098341770007,-34.766293766035126],[173.10655960160804,-34.76925188351878],[173.10874670147206,-34.77515718358629],[173.117188334064,-34.773304583453815],[173.1242376679045,-34.77636868360725],[173.1304723010452,-34.783630233010015],[173.12973107115744,-34.79118915661019],[173.13624572800006,-34.802528380999945],[173.1336434792008,-34.80785557251877],[173.13900391696725,-34.812514981784325],[173.14788090157197,-34.811130100446306],[173.1525270514668,-34.821165533631095],[173.15906240005265,-34.8243278170399],[173.1688587504721,-34.82498568294322],[173.17002768713354,-34.81813232700356],[173.16314371642005,-34.80845253191566],[173.171646118,-34.798805236999954],[173.16606746673304,-34.79068959995485],[173.15175156683938,-34.7882111322912],[173.1464360513366,-34.7788309664356],[173.14964223447674,-34.77179358261486],[173.14081401705397,-34.768416099564796],[173.12709045400004,-34.75836181599993],[173.1168631664389,-34.74352309996162],[173.11709795944847,-34.73920310765058],[173.10916137700008,-34.73291778599997],[173.10327148400006,-34.731250762999935],[173.09204865451312,-34.72375794722568],[173.08608461732337,-34.72344299973996],[173.0774702518497,-34.71820650016365],[173.06950797161073,-34.709436361488706],[173.06500244100005,-34.707916259999934],[173.0471038820001,-34.688362120999955],[173.0312194820001,-34.66583251999998],[173.01710510200007,-34.63836288299996],[173.00794982900004,-34.61336135899995],[172.9937286380001,-34.56083297599997],[172.99100909938988,-34.535339699803075],[172.9884614465773,-34.53103262105212],[172.96247863700012,-34.529609678999975],[172.9573221986933,-34.53381573044136],[172.9623592162537,-34.54907305060251],[172.97696430039275,-34.56355659957947],[172.98871938340423,-34.572061816177566],[172.99044799800004,-34.58835983299997],[172.98698276895058,-34.58963029794763],[172.98707580600012,-34.599166869999976],[172.97981865509058,-34.608955267315814],[172.97122192400002,-34.625026702999946],[172.9640805840405,-34.60952005064123],[172.9638953432625,-34.60444427165546],[172.9507505665027,-34.60034831662041],[172.95725798388312,-34.596125199580904],[172.95828247100008,-34.59041595499997],[172.9508361810001,-34.58544540299994],[172.9425354000001,-34.58794402899997],[172.94352894972116,-34.577916766675905],[172.94992019982155,-34.5776920331565],[172.97259137715153,-34.57307067770916],[172.96542358400006,-34.56666564899996],[172.9643949055252,-34.56156298532578],[172.94899084763293,-34.55377960199996],[172.9378814700001,-34.57666778599997],[172.9312286380001,-34.58169555699993],[172.9279174820001,-34.58833312899998],[172.92247009300002,-34.58961105199995],[172.90916442900004,-34.582973478999975],[172.91268308340636,-34.576593866232734],[172.93150765080864,-34.56863228318096],[172.92335510300006,-34.56213760399993],[172.92044067400002,-34.570835113999976],[172.91333007800006,-34.57380676199995],[172.90607456680624,-34.56082168291992],[172.92006592072315,-34.55648149999752],[172.9342754561293,-34.55456757424728],[172.93165280013656,-34.5459557163444],[172.94082641600005,-34.53294372399995],[172.9258270260001,-34.53461074699993],[172.91652798674795,-34.54403011328633],[172.92144328277104,-34.54898509985685],[172.9199981690001,-34.55377960199996],[172.9112854010001,-34.553390502999946],[172.9033660890001,-34.54630660899994],[172.89413452200006,-34.54627609299996],[172.88711547900004,-34.55335998399994],[172.87750244200004,-34.552944183999955],[172.86917114200003,-34.54877853399995],[172.87036743318313,-34.53829456717492],[172.88350761721583,-34.53862414969824],[172.8937835690001,-34.52916717399995],[172.86403885061364,-34.521761266194595],[172.87748938359107,-34.510662216383245],[172.88580322300004,-34.51374816799995],[172.90971395059063,-34.52866046645507],[172.90932491666663,-34.520416583631544],[172.9153149834249,-34.51629591618131],[172.91035461400008,-34.508335113999976],[172.90723266750072,-34.49843873318136],[172.91479336725573,-34.496246816547156],[172.91047255467825,-34.487588464810685],[172.90502929700006,-34.482944488999976],[172.89128112800006,-34.47999954199997],[172.89264518345024,-34.47165186644105],[172.90871116670456,-34.472562099840104],[172.927505493,-34.471248626999966],[172.93046569800003,-34.47419357299998],[172.92152250035,-34.486531749562104],[172.93740271677024,-34.482609716187554],[172.93661499000007,-34.49458312999997],[172.92838200119044,-34.497173469691894],[172.93204725076455,-34.50408283266774],[172.95050766637553,-34.50060924989719],[172.95597888322672,-34.49716561627865],[172.97230106668246,-34.49441749959967],[172.97625732400002,-34.50083160299994],[172.97418773317528,-34.51797401618221],[172.98704710002244,-34.51890956651193],[173.00438346647442,-34.51141296611566],[172.9998240171167,-34.494296566588176],[173.0036720500381,-34.48116713278676],[173.002063716675,-34.47425954953043],[173.0080019412108,-34.47012293273781],[173.00286865300006,-34.46586227399996],[173.00535583500005,-34.44005584699994],[173.01121521000005,-34.427528379999956],[173.02351183830388,-34.4211069005376],[173.02412736677286,-34.41667296689482],[173.0405623835655,-34.413643366485616],[173.03247070300006,-34.40130615099997],[173.02416992200006,-34.39708328099994],[173.00750732400002,-34.396278380999945],[173.00080871600005,-34.40508270199996],[172.99417114300002,-34.40458297699996],[172.99303813313944,-34.412235382949554],[172.98503112800006,-34.42127609099998],[172.96836853000002,-34.42961120599995],[172.95494079600007,-34.427139281999985],[172.94583129900002,-34.43044280999993],[172.93838501000005,-34.43044280999993],[172.9316406250001,-34.42291641099996],[172.91252136200012,-34.42375182999996],[172.9000244140001,-34.41791534499998],[172.89332580500002,-34.42130660999993],[172.88414001500007,-34.42127609099998],[172.87167358400006,-34.41711044199997],[172.86413574200003,-34.41711044199997],[172.85452270500002,-34.43252944799997],[172.8399963380001,-34.44461059399998],[172.82833862300004,-34.45044326799996],[172.80586242700008,-34.45708465499996],[172.78416442900004,-34.45711135899995],[172.77755737300004,-34.45124816799995],[172.77078247100008,-34.45124816799995],[172.76414489700005,-34.44544601299998],[172.75579834000007,-34.44630432099996],[172.75088501000005,-34.44208145199997],[172.7407989500001,-34.439582824999945],[172.71418762200005,-34.438777922999975],[172.70582580600012,-34.42961120599995],[172.68753051800002,-34.42877960199996],[172.67916870200008,-34.42544555699993],[172.67543838314526,-34.434875949552854],[172.67838335015412,-34.44526813338117],[172.67547607400002,-34.45830535899995],[172.67205810600012,-34.46419524999993],[172.66336059600008,-34.47211074699993],[172.6575317380001,-34.47041702299998],[172.65333557100007,-34.47544479299995],[172.6640341832723,-34.481739199721716],[172.6804874498011,-34.48801770018331],[172.68485526634504,-34.48730330010939],[172.69281880054046,-34.49261833326323],[172.70199894976008,-34.50369661639248],[172.70192460078633,-34.51874226659828],[172.70382968347946,-34.52345453272112],[172.7186983331274,-34.52934538298263],[172.72500003335404,-34.52650056679668],[172.73794885021894,-34.53347725011516],[172.75638441749518,-34.54738969848472],[172.78381815150965,-34.56962253391905],[172.803476749853,-34.58650418327294],[172.8107412002439,-34.59484981662649],[172.82306746737487,-34.60425943335226],[172.85095980681226,-34.629459976333884],[172.88565733512263,-34.6670273155535],[172.89856808369933,-34.68663636707576],[172.91274214981274,-34.70233939991962],[172.92970898318566,-34.71948109995942],[172.96057913304276,-34.75532381625492],[172.97429111667452,-34.77036740010625],[173.02564003350386,-34.8295993660937],[173.07837404992404,-34.89179471690706],[173.08725990032175,-34.901047500307605],[173.1126172167659,-34.93658714960585],[173.13076359982156,-34.96422068311383],[173.15124511700003,-34.999999998999954],[173.15878295900006,-35.011638639999944],[173.16546630900007,-35.02750015099997],[173.17456054700006,-35.052528380999945],[173.1778869630001,-35.07416534499998],[173.1778564450001,-35.106666564999955],[173.17457580500002,-35.125],[173.16961669900002,-35.14169311499995],[173.1562194820001,-35.16333389299996],[173.14166259800004,-35.177112577999935],[173.13252258300008,-35.18208312899998],[173.12333679200003,-35.18210983299997],[173.11797814011774,-35.17608956894924],[173.11003112800006,-35.17375183099995],[173.10166931100002,-35.177112577999935],[173.08914184600008,-35.170471189999944],[173.08003234900002,-35.17044448799993],[173.07247924800004,-35.16708373999995],[173.06375122100008,-35.175025939999955],[173.0637817390001,-35.17833328199998],[173.05541992200006,-35.193359373999954],[173.0662602499968,-35.199083083132805],[173.10101921746914,-35.229545683018806],[173.11714443329797,-35.24888219994594],[173.13264173309662,-35.26148874949639],[173.1413389998042,-35.27248906643857],[173.15015813331635,-35.2784660668027],[173.16308549996026,-35.29256195046038],[173.17226944737567,-35.29275765143022],[173.17849321345705,-35.2885544772932],[173.17895513285708,-35.28034033318898],[173.19340153399682,-35.27854899958757],[173.1935213833626,-35.26695253266933],[173.20121765200008,-35.27002716099997],[173.20486019955328,-35.275023883277214],[173.20460510300006,-35.284168241999964],[173.19830322200005,-35.28874969499998],[173.18586731000005,-35.29039001499996],[173.18795966678744,-35.29473145002935],[173.2022143831035,-35.29327050016603],[173.20164489700005,-35.29875182999996],[173.1933593750001,-35.30463790899995],[173.1870880130001,-35.29752731399998],[173.17669677700007,-35.299610137999935],[173.1716156000001,-35.30377960199996],[173.16160583500005,-35.29794311399996],[173.15957641600005,-35.30476466067502],[173.1682682184992,-35.31494844943954],[173.16898988427704,-35.31878868256361],[173.19041442900004,-35.335029600999974],[173.19041442900004,-35.34333419699993],[173.21065133398838,-35.36369163352098],[173.21543884300002,-35.37749862499993],[173.22249643452906,-35.37523653229025],[173.2258596180058,-35.36051083390978],[173.23283453312973,-35.355447982886446],[173.22908126673138,-35.351230233152165],[173.2226288339116,-35.33611293281383],[173.2288887660929,-35.330599766276706],[173.23751193271485,-35.33432228331649],[173.24723781693817,-35.331386116597244],[173.24346290012792,-35.32145553337271],[173.25570041682482,-35.31056253319856],[173.2587283494839,-35.30147161667031],[173.26858575025227,-35.30110864985507],[173.26937866693834,-35.30746491686774],[173.2609752167121,-35.30903691617773],[173.2492028164466,-35.326448099719066],[173.25308503302043,-35.334356582653385],[173.24486831714034,-35.337437432670484],[173.23177089977895,-35.33873970014427],[173.23899801650734,-35.347382882807324],[173.24442386589138,-35.34193631639171],[173.2535279667192,-35.34191910003295],[173.2613628500027,-35.3365138994641],[173.26180711703043,-35.3320280498244],[173.2752211327717,-35.337601066273244],[173.27024374987937,-35.34311751624462],[173.26253263306702,-35.34442009968365],[173.25345593393985,-35.35048981690414],[173.245936349757,-35.3498019837007],[173.24323238376155,-35.355710749765215],[173.23706054700006,-35.35919570899995],[173.22869873000002,-35.36838912999997],[173.22795105000012,-35.38166809099994],[173.2368119168667,-35.39156906670372],[173.24625786712636,-35.40474298316535],[173.25225326680328,-35.40743901603161],[173.26978458305578,-35.428404899866116],[173.2793860006236,-35.43711083279848],[173.34154848316604,-35.50722656630602],[173.35661301733077,-35.522817733418236],[173.36850085033103,-35.52268553386152],[173.37380794983804,-35.51506233319434],[173.37270379994675,-35.504064016464774],[173.36952818336167,-35.49704398325234],[173.37288918292242,-35.4933507163156],[173.38547538377549,-35.487551199773065],[173.37609244999464,-35.480809416458875],[173.37458206695763,-35.47368628277577],[173.38086308278474,-35.463326616129095],[173.37757624963643,-35.45734329957307],[173.38033348381322,-35.4516233828029],[173.38723211706414,-35.44816723344094],[173.3758755508053,-35.442232783364666],[173.3891995160612,-35.435910583163405],[173.37208557100007,-35.43249893099994],[173.3629150390001,-35.425025938999966],[173.3674926760001,-35.42127609299996],[173.37750244200004,-35.428749084999936],[173.38974798320612,-35.429789451796054],[173.39518255077454,-35.42733526635738],[173.4077647332749,-35.431539482769765],[173.40100834350326,-35.41838825042898],[173.39335632300003,-35.416248320999955],[173.38277719988483,-35.40830753378178],[173.3831067675354,-35.39633213830205],[173.391914683612,-35.398710133696206],[173.39500670965862,-35.407540356428896],[173.40451768319272,-35.40640604936929],[173.41297934953673,-35.38844478345601],[173.42030493356881,-35.38649056634543],[173.4278564450001,-35.39672088599997],[173.43644904941013,-35.39825441691538],[173.44298273320925,-35.39290743269596],[173.4465735163666,-35.39917846674952],[173.45538458340576,-35.40207193309829],[173.46499176685882,-35.39809711650969],[173.4692174999509,-35.393568550217005],[173.48093443403883,-35.40016549973082],[173.4808684327379,-35.384086049472465],[173.47092791619025,-35.37909599990062],[173.48310979981133,-35.3742839162849],[173.4884594670274,-35.38212284938844],[173.49323500051693,-35.376293966890266],[173.50911541704565,-35.372247083149794],[173.51899834977755,-35.38395789985436],[173.5308598832536,-35.384880249340824],[173.539348899478,-35.37294481676831],[173.54634723317614,-35.35969401715658],[173.5463228002216,-35.34812008337989],[173.54375451707892,-35.345464549555295],[173.5446880495873,-35.334638233491475],[173.5340173501764,-35.32478433330312],[173.52382358357968,-35.30609954946714],[173.53063621680252,-35.302584750090034],[173.52989788302318,-35.297212049358826],[173.52286638372397,-35.287154916068786],[173.5246000339794,-35.28109876651037],[173.520978967426,-35.275356516814554],[173.52512863335951,-35.267281533053364],[173.5350886004427,-35.26652511683768],[173.54307476748258,-35.260709716095526],[173.54690631611217,-35.26415369967549],[173.5261491336688,-35.27459073326315],[173.53388848407633,-35.29265268306906],[173.54244453340777,-35.29650203345011],[173.5369261166133,-35.301085899958714],[173.53327276626587,-35.30874094981332],[173.53883986661887,-35.32356481659976],[173.54945456671106,-35.330166799702354],[173.5537120831449,-35.3404212328826],[173.56434701666078,-35.341049532926675],[173.5642388172316,-35.33066856672261],[173.57202060063798,-35.32837488285586],[173.56993533370078,-35.33764471623384],[173.57673599963695,-35.34193168337672],[173.58359791651128,-35.339408149764004],[173.5932387493519,-35.339883716881765],[173.5886539830028,-35.33271296646853],[173.59370085079556,-35.32490273291861],[173.60551893326812,-35.32297888286713],[173.61258436610098,-35.31086916659452],[173.6199479674366,-35.310845499681356],[173.62200764946073,-35.32186273277816],[173.61359356656448,-35.32750029944561],[173.60898563408924,-35.33478278346487],[173.61499034991206,-35.340147216197636],[173.6122141670818,-35.34578954974951],[173.6028412336854,-35.34981468334895],[173.59544553342036,-35.35585468335684],[173.58471895026287,-35.36007051669849],[173.56830410021178,-35.35286239952669],[173.55713576611117,-35.35765803273943],[173.55946750005577,-35.375127883334635],[173.5505781840042,-35.38517863270302],[173.5394092165292,-35.37886601633678],[173.5310842158993,-35.387241366312416],[173.5308788665071,-35.40164424940676],[173.52476121751175,-35.40550455055486],[173.52664600049567,-35.411937550100355],[173.52338384989437,-35.41825413326244],[173.54570720068006,-35.42463681671012],[173.54033168325918,-35.43048451640751],[173.53323335006488,-35.430992932696576],[173.53169158283714,-35.42607365008448],[173.521926867186,-35.425822283125804],[173.51761106621205,-35.42254048301161],[173.51986731742855,-35.40879093343416],[173.50926398355284,-35.398800666771585],[173.50016511597929,-35.40123793336536],[173.50208238374242,-35.4145467499592],[173.49652721587034,-35.418014199395834],[173.49850413299717,-35.426155432630225],[173.5049889327397,-35.43386170008438],[173.507325616559,-35.443532816118335],[173.51846881687496,-35.44524799981437],[173.50702708397037,-35.45163559967272],[173.50365333351613,-35.441238932871805],[173.4963971338179,-35.43505819934424],[173.498596683305,-35.42918698304152],[173.49250078368394,-35.42427963281428],[173.48980318410312,-35.41665303304305],[173.47918701200012,-35.41044616599993],[173.47579956100003,-35.412109373999954],[173.4649658200001,-35.40791702299998],[173.45919799800004,-35.41463851999998],[173.43997192400002,-35.415473937999934],[173.4470825200001,-35.428390502999946],[173.44647719993233,-35.43151639954802],[173.459438732827,-35.44308818297656],[173.45469606625872,-35.44833366640476],[173.4408111570001,-35.437946317999945],[173.4326103338002,-35.43360098265176],[173.42628479000007,-35.44333267199994],[173.42877197200005,-35.45005416899994],[173.41622924800004,-35.455860136999945],[173.41792297400002,-35.46836090099998],[173.41273335013426,-35.479495566862596],[173.41377258300008,-35.48669433499998],[173.4079437260001,-35.49750137199993],[173.4016723630001,-35.50297164899996],[173.39122009300002,-35.507526396999936],[173.3887481690001,-35.52086257899998],[173.39041137700008,-35.53169632],[173.38664245600012,-35.53627777099996],[173.37408178319134,-35.53539631670794],[173.3645629880001,-35.54083251999998],[173.3671961988866,-35.5482430718688],[173.37294718297846,-35.5530643500758],[173.37933003011022,-35.56480824011014],[173.38969186694428,-35.57085778274916],[173.4254455560001,-35.604194639999946],[173.43521155080225,-35.625107716697265],[173.44067731640422,-35.628324849437654],[173.44118991480573,-35.63789445983916],[173.45524578328468,-35.647954449921095],[173.46244513785342,-35.65563564401496],[173.46919250500002,-35.659584043999985],[173.48537579930164,-35.67454486655989],[173.4786795501524,-35.66378911631308],[173.49100453356007,-35.65850374969033],[173.49488966642474,-35.64658623269254],[173.49988020033345,-35.64598744936772],[173.50688988258628,-35.636989149954005],[173.52826375039427,-35.63834551618626],[173.53233216670543,-35.6476195828038],[173.53941218307816,-35.65115004947157],[173.54841449974936,-35.65217796609392],[173.56372558407162,-35.65114293271991],[173.57021823351678,-35.65265201660004],[173.57510841698564,-35.646308999503105],[173.5851693824706,-35.645752116376755],[173.58989310057726,-35.65137913319232],[173.597816967215,-35.653498049885044],[173.59865345016883,-35.60357456658331],[173.664429717271,-35.603995366294136],[173.6643831500628,-35.599644782811154],[173.68892283380126,-35.60363068308968],[173.720635115958,-35.59925491684906],[173.72903708403345,-35.59698071619041],[173.73307743333893,-35.60307146645233],[173.74174391727266,-35.59598993266818],[173.76228339959206,-35.59815356647829],[173.76475865035235,-35.60640998320604],[173.7706563002745,-35.605037516553026],[173.77322708347108,-35.59492729947013],[173.7915371833956,-35.600352966393054],[173.8016131161574,-35.60794573321965],[173.8084290995436,-35.60962448287907],[173.8208131993354,-35.616110083306886],[173.82871156727032,-35.62322091616177],[173.84015516711358,-35.6243805495437],[173.84557473275459,-35.62013048323315],[173.84154726682723,-35.61488366605371],[173.9214679666612,-35.6156421994845],[173.91451478291282,-35.60638888325422],[173.92524533330823,-35.60301881603254],[173.93596941662432,-35.59339698267863],[173.93831701693716,-35.600298333224345],[173.94993940075392,-35.602596099996774],[173.95652344926305,-35.60144626649177],[173.96420628334891,-35.59423163318647],[173.97151484998847,-35.59320795005085],[173.98917034980585,-35.58420561711048],[174.01682276647435,-35.59070028380569],[174.05310156693812,-35.57573441725799],[174.04683833266023,-35.56157859984913],[174.09641906744426,-35.56195839957604],[174.09865555011567,-35.559242500181945],[174.11422674920635,-35.559361799366975],[174.1134620337519,-35.55316666657838],[174.12862718366603,-35.55150049975763],[174.12853781722293,-35.562679166566326],[174.14143245030576,-35.56165165025689],[174.15029611628486,-35.55555029975459],[174.15159750057222,-35.54126476690871],[174.15890279976009,-35.537898816924056],[174.16271035006213,-35.53235090029221],[174.16277228263877,-35.51689523281844],[174.18552571642678,-35.51696039987687],[174.20676640039252,-35.5195014672105],[174.21017743290264,-35.516652132874604],[174.21060266745386,-35.50836859936203],[174.20445911718508,-35.50052926690674],[174.21551011689454,-35.49803335019571],[174.2155549666708,-35.483473949748756],[174.2307102664474,-35.48357238347738],[174.2308436838415,-35.474446566441145],[174.2369272664776,-35.46782541623468],[174.24180753307255,-35.458102066043736],[174.24178779978303,-35.446635266424785],[174.24639356659756,-35.43587751628465],[174.26593575046314,-35.437314000556306],[174.26603456608873,-35.4279899333449],[174.25517343350927,-35.42241736736515],[174.25352106691543,-35.41267466657627],[174.26167236660413,-35.40459071685923],[174.2724654992423,-35.40154461609456],[174.27763093386196,-35.39784836674269],[174.2869116496841,-35.38672814978395],[174.2862645332489,-35.35361674987918],[174.28126163355486,-35.35422961643277],[174.27696309999934,-35.3475475503192],[174.2615137164455,-35.33607331609698],[174.26413334939014,-35.33151493280322],[174.2629194993756,-35.32034974958376],[174.25723903339986,-35.31950323311309],[174.25351556747458,-35.30647481642213],[174.2615723333127,-35.30500044992583],[174.28029350002353,-35.31344555002154],[174.28887601747752,-35.320035849733245],[174.30419726634756,-35.303386700063555],[174.31010218339628,-35.30189284973271]]],[[[173.54662646234675,-35.01148339879648],[173.55386243259713,-35.012517649938935],[173.5533320613016,-35.00304702828232],[173.54583740200007,-35.002082824999945],[173.54662646234675,-35.01148339879648]]],[[[174.32427702215932,-35.25089538690717],[174.30830383300008,-35.25038909799997],[174.3112026993528,-35.25585856653475],[174.31904396647155,-35.25490533327286],[174.32427702215932,-35.25089538690717]]]]},"properties":{"shapeName":"Far North District","shapeID":"76426892B75799514296056","shapeGroup":"NZL","shapeType":"ADM2"}},
{"type":"Feature","geometry":{"type":"MultiPolygon","coordinates":[[[[174.71316963399775,-35.9581758667336],[174.69741927400003,-35.95342955099994],[174.70090650100008,-35.96593158899998],[174.7066290240001,-35.969583461999946],[174.71720816300012,-35.96886814699997],[174.72643196800004,-35.971767056999965],[174.73516634600003,-35.96947051799998],[174.73832879300005,-35.96547980999998],[174.72947099133,-35.95832774642602],[174.71919250500002,-35.95624923699995],[174.71316963399775,-35.9581758667336]]],[[[173.76475865035235,-35.60640998320604],[173.75926888337275,-35.60945301686127],[173.75908346687262,-35.628178166325974],[173.75595138285945,-35.6355431163512],[173.76496014986705,-35.63416529937432],[173.76604039997068,-35.648786866353696],[173.77043441744343,-35.6512872328664],[173.76436274930893,-35.66249948346647],[173.7547749837054,-35.66529988337496],[173.75008796623823,-35.669941149477864],[173.76433641748872,-35.67321309936466],[173.76359150006473,-35.7326817330399],[173.77052831694218,-35.734016016161235],[173.78398433362662,-35.74065301627514],[173.78783111751383,-35.74457879960476],[173.79811315039396,-35.7444548661511],[173.80273711726466,-35.73455781653488],[173.81867409992705,-35.73623183273333],[173.8200428833977,-35.726653832856584],[173.8535987167697,-35.723710232659805],[173.86580990018652,-35.70707859959108],[173.8786424174313,-35.700951866498734],[173.88362098396445,-35.70911700009943],[173.88397306600035,-35.71469045018261],[173.88941641690548,-35.72844638336306],[173.89723591642056,-35.7349881997969],[173.90542168311075,-35.73104411671656],[173.90838470029792,-35.73509313265807],[173.92258806627353,-35.7252274166648],[173.9321137497169,-35.73438599988319],[173.9444241674864,-35.73388849962176],[173.9604693331333,-35.74342708288278],[173.96708620044708,-35.74298608274999],[173.97731159991952,-35.74793754958859],[173.98103701656026,-35.75210356612612],[173.97926448254668,-35.76770956654313],[174.0294742496679,-35.78636949942026],[174.04370839994058,-35.785149433350725],[174.05347516706877,-35.79307809954779],[174.05992428363933,-35.78893818310564],[174.07614440034328,-35.78731688307473],[174.08960070057861,-35.78921421619483],[174.089430083835,-35.81007199935996],[174.09734861651714,-35.81478213340966],[174.10369568401654,-35.82186671682492],[174.0842421666708,-35.82785678271457],[174.0931719501041,-35.83071021666272],[174.09716326747363,-35.83900916680854],[174.11440833329712,-35.84373353333341],[174.13527359968163,-35.85363944935152],[174.1351355838534,-35.87014508323331],[174.1509176006358,-35.87292178339682],[174.15236618399763,-35.901199382831834],[174.12480645008853,-35.91395491658399],[174.12063508254013,-35.91991201618356],[174.11163919924257,-35.917012966034505],[174.10582916717095,-35.92299585019918],[174.09776394920942,-35.9255682668816],[174.09505033338968,-35.932225183384475],[174.09747321644855,-35.938939450198745],[174.10626999981102,-35.93848074959985],[174.11265876704522,-35.946776566111346],[174.1089673005284,-35.95811470023006],[174.11858323360738,-35.96594751640769],[174.11553471700867,-35.97109888336375],[174.11770460073524,-35.979312116883214],[174.11487314978473,-35.987934566652896],[174.116963750268,-35.998291682668786],[174.1215132838448,-36.003139383195744],[174.1370139331484,-36.00309369980049],[174.14307266644445,-35.998421782994036],[174.14302033401611,-35.99265766656045],[174.15046958318388,-35.98515536630726],[174.15616331668204,-35.98343066603772],[174.16572935077488,-35.99225459961491],[174.17867910079516,-35.99708051614098],[174.1864789164207,-35.99184479947362],[174.1869622001043,-35.98581143276488],[174.19870943322877,-35.9846502164667],[174.20272628411442,-35.98839144975048],[174.29507325070816,-35.94041593271012],[174.3097412330312,-35.95314616666613],[174.32724024924934,-35.957585400228425],[174.32709991643137,-35.98169941654745],[174.31823764949945,-35.98492300010454],[174.31343109998875,-35.99074064933402],[174.3178401829043,-35.99649421660902],[174.31524694980024,-36.00071568284592],[174.32024054988426,-36.00667115005976],[174.32450378318086,-36.02683966687247],[174.34036296641025,-36.02202174989483],[174.34624903374706,-36.0299879000165],[174.34546211733232,-36.0355503993704],[174.3591108997685,-36.04346288270054],[174.35879146713665,-36.053638332926276],[174.3681602169218,-36.0536484334974],[174.37314741618582,-36.04857804990865],[174.37825933286632,-36.05205354945823],[174.38643430064405,-36.047282532650286],[174.390521282757,-36.055168832967574],[174.3905105164347,-36.06532031634605],[174.40145866665927,-36.07707569934226],[174.41709551729934,-36.07729874986248],[174.43252778347176,-36.08179198294045],[174.4433213661214,-36.08647434949747],[174.45048585002442,-36.08534096637751],[174.4721978668166,-36.07609571648391],[174.47286723305947,-36.07195788277322],[174.49384348365433,-36.07224759934116],[174.50195593329084,-36.07407543306268],[174.51015813350347,-36.07257068304411],[174.52351559923903,-36.063511183530906],[174.53037380071618,-36.06732049976616],[174.54222413374325,-36.069601733503],[174.55371190022422,-36.06678288292923],[174.56408861714434,-36.06656481694354],[174.5635163506219,-36.060199283092174],[174.57343484935816,-36.060885216789686],[174.58040501655134,-36.05316084989672],[174.5830328662221,-36.04342053262699],[174.57230102159767,-36.044582366999975],[174.56966918395943,-36.04861839939755],[174.5349731440001,-36.04794311399996],[174.5225067140001,-36.03627777099996],[174.50997924800004,-36.031276702999946],[174.4971160890001,-36.02166747899997],[174.47667546199654,-35.979188641269374],[174.47153685000768,-35.971414166860676],[174.46404473364,-35.949606849646464],[174.4597869674603,-35.92084435008723],[174.45992066644726,-35.91410159950527],[174.4685012164892,-35.879359216566755],[174.47612959989107,-35.86430109938839],[174.48838626720976,-35.85237476683341],[174.49744148342072,-35.8456892828192],[174.49836731000005,-35.837970731999974],[174.48039245600012,-35.83919525099998],[174.47348099985763,-35.83723474966647],[174.46859838303607,-35.830901683268905],[174.46093463326474,-35.82657821660441],[174.45619209474177,-35.82001362472764],[174.44836425800008,-35.82711029099994],[174.43830871600005,-35.82961273199993],[174.43756103500004,-35.83375167699995],[174.42521463315055,-35.83389779968998],[174.4257812510001,-35.82794570899995],[174.41163635300006,-35.83044433599997],[174.40916442800005,-35.832916258999944],[174.39167253320994,-35.8248620496421],[174.38285827700008,-35.81833267099995],[174.37875366200012,-35.825862883999946],[174.37122253382822,-35.82910223284903],[174.36917114300002,-35.80961227399996],[174.3612518320001,-35.81166839499997],[174.35786437900003,-35.815834043999985],[174.36119079600007,-35.823360443999945],[174.35711669900002,-35.825832366999975],[174.36041259800004,-35.834194181999976],[174.35000610300006,-35.83294296299994],[174.3450317380001,-35.84463882399996],[174.3399658200001,-35.851276396999936],[174.33480973354133,-35.84851651689096],[174.33585096733736,-35.840586849632885],[174.32919311500007,-35.84130477799994],[174.31912979999657,-35.83656499958939],[174.3283889497314,-35.831912599456786],[174.33129409965642,-35.82596723300723],[174.33081054600007,-35.81872177099996],[174.32263099997576,-35.81010954976175],[174.32745661751514,-35.80725299990539],[174.33488201655533,-35.80982054945221],[174.33327999957513,-35.796373482636405],[174.3363011830552,-35.79237628335705],[174.32729513329147,-35.78163476686823],[174.31658786791306,-35.77896376217008],[174.31423503351866,-35.77000554993142],[174.32346198379923,-35.76160666707367],[174.33419799900003,-35.758777616999964],[174.3441619880001,-35.74794387899993],[174.34820373304927,-35.74611736693421],[174.34811528726348,-35.738272819932995],[174.35827636700003,-35.73708343399994],[174.36210632300003,-35.742500304999965],[174.3546142570001,-35.74919509799997],[174.36457824700005,-35.75669479399994],[174.35923087389858,-35.76226472500839],[174.35624694800003,-35.77301997909612],[174.36365145046096,-35.775567099997446],[174.37263473281274,-35.76852076632856],[174.37095733404516,-35.76105911610246],[174.37784366674975,-35.757009083418346],[174.3866882320001,-35.759639739999955],[174.4066314700001,-35.77877807699997],[174.41668701200012,-35.78041839599996],[174.43618358348562,-35.79551385048711],[174.44226178355086,-35.79094518319809],[174.429793699792,-35.78260764999931],[174.4379224164815,-35.77768916640933],[174.4464989493282,-35.779939933082744],[174.45523041644503,-35.7701943993628],[174.461563527528,-35.77208699852435],[174.47796436103272,-35.771428686885784],[174.48211669900002,-35.77752685399997],[174.47749328600003,-35.78544616599993],[174.46546591637195,-35.78578515012204],[174.46983813369138,-35.79363453290805],[174.481369783742,-35.79298646679243],[174.48556345038364,-35.78637421636097],[174.4971160890001,-35.79499816899994],[174.50425241670195,-35.81361529951029],[174.49702453600003,-35.82166671799996],[174.4974864239757,-35.827977683313364],[174.52878551752897,-35.827688800517095],[174.53704834000007,-35.84333419699993],[174.53446933407375,-35.85525503328007],[174.55518850002608,-35.86089100005643],[174.56262861610807,-35.856782499815466],[174.57540813314876,-35.8594998167908],[174.58356453331433,-35.857180366961224],[174.58636674994827,-35.849792466647],[174.5796386073591,-35.839976060091665],[174.57044982900004,-35.83422088599997],[174.56155238377664,-35.82001434970252],[174.5542180335868,-35.8038009493891],[174.5493814673554,-35.786518466190955],[174.556637367579,-35.77685906613351],[174.5532435011843,-35.769503532768695],[174.55585396738195,-35.76303576524148],[174.5521015327972,-35.75515178192313],[174.5564094690128,-35.75072211258423],[174.5530852182357,-35.74453947079861],[174.56287278181904,-35.74231602104509],[174.5521077171625,-35.73453833302996],[174.53898600022848,-35.75159130017264],[174.53162626597853,-35.74666033314845],[174.53954718276728,-35.735669633257075],[174.53018180006558,-35.732111599767016],[174.52793884400012,-35.72249984599995],[174.52421569800003,-35.71794509899996],[174.5129241940001,-35.72505569499998],[174.50163269100005,-35.73461150999998],[174.49082946800002,-35.73461150999998],[174.5003093001506,-35.724815532626856],[174.5016336669391,-35.717216449378476],[174.50693321641265,-35.714944199995955],[174.5176266333043,-35.716110682844736],[174.5229492200001,-35.71169280899994],[174.51697694998032,-35.70270699965914],[174.51167275018116,-35.6889589997285],[174.50794831749835,-35.671238549857996],[174.5054168700001,-35.665889739999955],[174.51077717262257,-35.659484178573614],[174.50717316686303,-35.651763449861036],[174.49919128400006,-35.64291763299997],[174.4897166824305,-35.642130366955676],[174.47883763393844,-35.649940283164135],[174.47096119935122,-35.64557084169204],[174.46660601722138,-35.64820323298876],[174.4565123328275,-35.6436384506237],[174.4428845327871,-35.635080816366795],[174.46627807700008,-35.639194488999976],[174.47918701200012,-35.63624954199997],[174.49296038400385,-35.6376873497435],[174.49985483383472,-35.63555990065496],[174.50456001726175,-35.629666150061574],[174.5158538820001,-35.62710952799995],[174.53291320800008,-35.63999938799998],[174.54175125136973,-35.63534638221678],[174.53999618266133,-35.62064941686487],[174.5274908334898,-35.615212249350535],[174.5265625153694,-35.608920643760705],[174.5332407337768,-35.60805976676352],[174.5354772339899,-35.601895632812294],[174.54149388333568,-35.59854503264251],[174.53374990007228,-35.58331338350954],[174.52569651750014,-35.57776546682654],[174.52252426731556,-35.56999691689782],[174.51214605029884,-35.569150082679855],[174.5050354010001,-35.55877685399997],[174.49502563500005,-35.562915800999974],[174.47432664461869,-35.556272765259656],[174.46545743389234,-35.54217471601953],[174.46347523331144,-35.533476984186166],[174.459426300584,-35.530302849948896],[174.46163940400004,-35.51963805999998],[174.44636341676087,-35.520035332910666],[174.44329834000007,-35.51708221399997],[174.42991543264296,-35.5172670668021],[174.43017066651623,-35.51372366684085],[174.43944980039396,-35.51107463332052],[174.45261553272115,-35.5152069328283],[174.47012446747468,-35.50610911640929],[174.4672005498399,-35.50083573303603],[174.4689285831804,-35.494427466771754],[174.45750427300004,-35.49294280899994],[174.45002386836674,-35.4806944327885],[174.44830322300004,-35.469612119999965],[174.4368058413221,-35.46397668647811],[174.42804420055054,-35.45581520023508],[174.42632578412045,-35.443100799934804],[174.43154938364972,-35.42916531809609],[174.42008148323768,-35.42842319974931],[174.42375183100012,-35.43669509899996],[174.41160583500005,-35.444637298999965],[174.40083313000002,-35.444557189999955],[174.39430691683123,-35.440986616997],[174.39186239961043,-35.43530366731379],[174.3803135347033,-35.43599096932337],[174.37503051700003,-35.44041824399994],[174.36747741700003,-35.44041824399994],[174.36090686861533,-35.43102736719311],[174.36404125044749,-35.42254589957415],[174.37554528087705,-35.42077961633283],[174.37080383300008,-35.41541671699997],[174.3591918950001,-35.41791534299995],[174.3520202640001,-35.40583419699993],[174.3513188004451,-35.398298600027196],[174.34541320800008,-35.39419555499995],[174.3433380140001,-35.38127899099993],[174.33965530012722,-35.37687990040234],[174.33918762300004,-35.36624908299996],[174.33278873410933,-35.359597266877635],[174.32374572800006,-35.36419296099996],[174.31708002045164,-35.357442414638875],[174.32122903322932,-35.352475333333494],[174.32002258300008,-35.346248626999966],[174.30251746657157,-35.32933599915665],[174.3183288580001,-35.333778381999934],[174.32706371623595,-35.34195279960926],[174.33021918358148,-35.33320756556388],[174.33795166000004,-35.33919524999993],[174.33847173402762,-35.349855016254054],[174.34605391790177,-35.34684588320717],[174.3557027661141,-35.34874908295458],[174.36207580600012,-35.35919570899995],[174.35963669235028,-35.362735287206455],[174.3598853344271,-35.375006233015455],[174.3718315824783,-35.37336026563407],[174.37502806694636,-35.36577238381257],[174.381046009248,-35.36042967232986],[174.37531639246177,-35.35112272814208],[174.36331176700003,-35.35124969499998],[174.35417175300006,-35.34711074699993],[174.34998833461785,-35.339125749359866],[174.35327148400006,-35.32877731299993],[174.3441314700001,-35.326221465999936],[174.33752441500008,-35.32791519099993],[174.3283538820001,-35.32210922099995],[174.31830920073313,-35.31012973268307],[174.31039428700012,-35.30836105199995],[174.31010218339628,-35.30189284973271],[174.30419726634756,-35.303386700063555],[174.28887601747752,-35.320035849733245],[174.28029350002353,-35.31344555002154],[174.2615723333127,-35.30500044992583],[174.25351556747458,-35.30647481642213],[174.25723903339986,-35.31950323311309],[174.2629194993756,-35.32034974958376],[174.26413334939014,-35.33151493280322],[174.2615137164455,-35.33607331609698],[174.27696309999934,-35.3475475503192],[174.28126163355486,-35.35422961643277],[174.2862645332489,-35.35361674987918],[174.2869116496841,-35.38672814978395],[174.27763093386196,-35.39784836674269],[174.2724654992423,-35.40154461609456],[174.26167236660413,-35.40459071685923],[174.25352106691543,-35.41267466657627],[174.25517343350927,-35.42241736736515],[174.26603456608873,-35.4279899333449],[174.26593575046314,-35.437314000556306],[174.24639356659756,-35.43587751628465],[174.24178779978303,-35.446635266424785],[174.24180753307255,-35.458102066043736],[174.2369272664776,-35.46782541623468],[174.2308436838415,-35.474446566441145],[174.2307102664474,-35.48357238347738],[174.2155549666708,-35.483473949748756],[174.21551011689454,-35.49803335019571],[174.20445911718508,-35.50052926690674],[174.21060266745386,-35.50836859936203],[174.21017743290264,-35.516652132874604],[174.20676640039252,-35.5195014672105],[174.18552571642678,-35.51696039987687],[174.16277228263877,-35.51689523281844],[174.16271035006213,-35.53235090029221],[174.15890279976009,-35.537898816924056],[174.15159750057222,-35.54126476690871],[174.15029611628486,-35.55555029975459],[174.14143245030576,-35.56165165025689],[174.12853781722293,-35.562679166566326],[174.12862718366603,-35.55150049975763],[174.1134620337519,-35.55316666657838],[174.11422674920635,-35.559361799366975],[174.09865555011567,-35.559242500181945],[174.09641906744426,-35.56195839957604],[174.04683833266023,-35.56157859984913],[174.05310156693812,-35.57573441725799],[174.01682276647435,-35.59070028380569],[173.98917034980585,-35.58420561711048],[173.97151484998847,-35.59320795005085],[173.96420628334891,-35.59423163318647],[173.95652344926305,-35.60144626649177],[173.94993940075392,-35.602596099996774],[173.93831701693716,-35.600298333224345],[173.93596941662432,-35.59339698267863],[173.92524533330823,-35.60301881603254],[173.91451478291282,-35.60638888325422],[173.9214679666612,-35.6156421994845],[173.84154726682723,-35.61488366605371],[173.84557473275459,-35.62013048323315],[173.84015516711358,-35.6243805495437],[173.82871156727032,-35.62322091616177],[173.8208131993354,-35.616110083306886],[173.8084290995436,-35.60962448287907],[173.8016131161574,-35.60794573321965],[173.7915371833956,-35.600352966393054],[173.77322708347108,-35.59492729947013],[173.7706563002745,-35.605037516553026],[173.76475865035235,-35.60640998320604]]]]},"properties":{"shapeName":"Whangarei District","shapeID":"76426892B88537535922351","shapeGroup":"NZL","shapeType":"ADM2"}},
{"type":"Feature","geometry":{"type":"Polygon","coordinates":[[[173.48537579930164,-35.67454486655989],[173.4924926760001,-35.68297195399998],[173.50961303700012,-35.700000761999945],[173.51039123500004,-35.70249938999996],[173.53704834000007,-35.729194640999935],[173.55541992200006,-35.752498625999976],[173.5624694830001,-35.76461028899996],[173.57318141678053,-35.770033166200946],[173.59351646760888,-35.79135508620632],[173.6245574950001,-35.822498321999944],[173.6287536630001,-35.82836150999998],[173.6870880140001,-35.886695860999964],[173.69372558600003,-35.895832061999954],[173.70378112800006,-35.90583419699993],[173.70706176700003,-35.91338729699993],[173.71665954600007,-35.920444488999976],[173.7499694820001,-35.95377731399998],[173.75131225600012,-35.95752716099997],[173.76121521100004,-35.96749877899998],[173.76786804200003,-35.97672271699997],[173.78378295900006,-35.992500303999975],[173.79788208000002,-36.01330566399997],[173.82122802700007,-36.03747177099996],[173.83125305200008,-36.051666258999944],[173.85455322200005,-36.076694488999976],[173.86705017100007,-36.09252929599995],[173.88455200200008,-36.11002731299993],[173.88958740400005,-36.11838912999997],[173.91455078100012,-36.14500045799997],[173.9212799070001,-36.156696317999945],[173.95039367700008,-36.188362121999944],[173.9836758838081,-36.2337049996773],[174.01124572900005,-36.27505493199993],[174.01631164600008,-36.28919601499996],[174.02455139200003,-36.30422210699993],[174.03378295900006,-36.32663726699997],[174.03704834000007,-36.34419632],[174.04045105000012,-36.35172271599998],[174.0428619380001,-36.368362426999965],[174.0471038820001,-36.384998321999944],[174.04789776965447,-36.39410926346351],[174.06427456669007,-36.39634276689557],[174.08674304989395,-36.39400613284626],[174.11060009980915,-36.395349350363034],[174.13746643000002,-36.39127731399998],[174.16081237800006,-36.37877654899995],[174.17663574200003,-36.36875152599998],[174.1816711601212,-36.362718954902924],[174.17751660069496,-36.34767736608937],[174.18126226707204,-36.34293667896571],[174.18083584945396,-36.33597580007996],[174.17657411717428,-36.32618733293426],[174.16912036690212,-36.314927983188184],[174.15974996699154,-36.30990441625166],[174.1582203666585,-36.30084103349429],[174.1478605835788,-36.299916900008334],[174.13318671677453,-36.30306989981538],[174.13993528306557,-36.294597283000975],[174.15499877900004,-36.291248320999955],[174.15536848307454,-36.27609723272556],[174.13590391661708,-36.26499161685959],[174.13134605906131,-36.26046784564193],[174.12183814928503,-36.258438199920406],[174.10963440000012,-36.259998321999944],[174.10251598330186,-36.26661023335033],[174.09849531721855,-36.26117765000214],[174.1082690708554,-36.25161959740478],[174.09597213385467,-36.2448879334642],[174.09610843349776,-36.23825400000197],[174.09191376656577,-36.235148999700584],[174.08082580600012,-36.237972259999935],[174.08590564949023,-36.22650959949254],[174.07503661593992,-36.215259867369305],[174.06860266666433,-36.21273476644617],[174.07202148400006,-36.20502853399995],[174.06616806601625,-36.203832466500366],[174.06001600460706,-36.19488860725638],[174.04858138357923,-36.19072828333376],[174.0390656833426,-36.190349683002275],[174.01814864960795,-36.161026683202905],[173.99976903307686,-36.142913082681154],[173.98539155045958,-36.132594733277465],[173.97122192400002,-36.11752700799997],[173.96208190900006,-36.103389739999955],[173.96624755800008,-36.07919311499995],[173.96455383300008,-36.065834045999964],[173.96119689900002,-36.05916595499997],[173.94827270500002,-36.04541778599997],[173.93830871600005,-36.040443420999964],[173.92121887200005,-36.026668548999965],[173.91294860800008,-36.017555236999954],[173.90957641600005,-36.01080703699995],[173.91702270600013,-36.008361814999944],[173.92500305200008,-36.02377700699998],[173.94169616700003,-36.032917020999946],[173.94836425800008,-36.03374862499993],[173.9512481690001,-36.040027616999964],[173.96621704100005,-36.054195403999984],[173.97125244200004,-36.067501068999945],[173.97380065900006,-36.095890044999976],[173.97038269000006,-36.10250091399996],[173.9762573260001,-36.11419296299994],[173.98750305200008,-36.12461090099998],[173.99003424994413,-36.12352388343291],[174.01167297400002,-36.13124847399996],[174.02426003334577,-36.140362716270545],[174.0458679200001,-36.16539001499996],[174.0658111570001,-36.160388944999966],[174.07330322200005,-36.165443418999985],[174.07916259800004,-36.159584044999974],[174.09080505400004,-36.15791702299998],[174.10808584978466,-36.16113158270355],[174.1126476340865,-36.16571119955284],[174.1207448170615,-36.167523066204716],[174.12877275047867,-36.17361239944875],[174.13564853257364,-36.190123532969224],[174.1482123999707,-36.201636166578844],[174.15416993309915,-36.21435496658125],[174.16819360013693,-36.214866683288236],[174.1712962998808,-36.22235861654981],[174.18171073345528,-36.228002633848284],[174.18512968031712,-36.23463821399997],[174.19914245600012,-36.231250762999935],[174.20630865074128,-36.24145018332358],[174.20459381329738,-36.2472761476762],[174.21421813900008,-36.25791549699994],[174.22406568412643,-36.258602433251234],[174.23325513351625,-36.26349368325799],[174.25005091658107,-36.25901395031005],[174.24707725047477,-36.25463381648127],[174.25058928356106,-36.24502989962054],[174.25798025602697,-36.24576527122291],[174.27344285016642,-36.233952783245996],[174.29191850013095,-36.235243849629065],[174.28954404981187,-36.22393823304918],[174.28151909987906,-36.21653571607033],[174.26752533314203,-36.21892979948798],[174.26275036784074,-36.208413316490336],[174.25895151280778,-36.19369723503995],[174.25007103543277,-36.204256949388835],[174.24591899883276,-36.19844567771617],[174.23683853348882,-36.199638665805104],[174.2319194009007,-36.20869185008494],[174.21724643399352,-36.20342580010916],[174.22564586589326,-36.19790140007205],[174.22020079980737,-36.18658435006289],[174.21166992200006,-36.18627929699994],[174.20411682100007,-36.19208145199997],[174.19676604579942,-36.18980055623266],[174.204061132565,-36.18166676629089],[174.20503826807828,-36.17643801605274],[174.2243063340629,-36.17245519994248],[174.2191314690001,-36.168750762999935],[174.20877075200008,-36.16833495999998],[174.20750427200005,-36.16047286899993],[174.2004241940001,-36.16500091399996],[174.19796752900004,-36.17250060999993],[174.18787201625085,-36.17042749999312],[174.17727799976663,-36.1601853997333],[174.18789613336793,-36.15297128346708],[174.19634323360214,-36.15065251666994],[174.19791083359146,-36.14625408162429],[174.17710384988936,-36.1474085662318],[174.17307152288055,-36.14291763299997],[174.18913440219956,-36.14208221499996],[174.19451261675465,-36.13548341656886],[174.1943726561257,-36.126637744204125],[174.20087406732293,-36.12549256673328],[174.201420166124,-36.1352059998181],[174.20578360715956,-36.13711560173263],[174.214614868,-36.127498626999966],[174.21295166000004,-36.122528074999934],[174.2180394003492,-36.11522211624458],[174.22480643320858,-36.11694199953962],[174.2198074002427,-36.1248857334688],[174.22320368337557,-36.12979246644749],[174.2220611580001,-36.13833236599993],[174.21739394224758,-36.142268529233],[174.21724905045843,-36.14903347515706],[174.22471873272184,-36.15896951658469],[174.22983166596248,-36.14240448332898],[174.22931963395376,-36.13405128324108],[174.23793203266064,-36.12777676622378],[174.2512838331689,-36.121526182978435],[174.24833679200003,-36.13124847399996],[174.24044799800004,-36.139194488999976],[174.23625183100012,-36.14830398399994],[174.23538208000002,-36.156665801999964],[174.23872375500002,-36.15999984699994],[174.23795688745363,-36.17315043568439],[174.2430807082593,-36.17894224270177],[174.25579463381607,-36.181942800211075],[174.25531015182642,-36.17639562385716],[174.26273021697418,-36.170366949319984],[174.27333516670151,-36.174820033374964],[174.28794861000006,-36.17336273199993],[174.29577636700003,-36.18127822899993],[174.2718289670223,-36.18253541688907],[174.2787780760001,-36.19335937499994],[174.28958129900002,-36.20166778599997],[174.29624939000007,-36.21086120499996],[174.30791006740463,-36.20622099964012],[174.30705955055095,-36.201765682672054],[174.31591526610163,-36.196312683443004],[174.3207702630001,-36.19963836699998],[174.31954956000004,-36.208362577999935],[174.31123711333876,-36.21512997960357],[174.31294250500002,-36.22252654999994],[174.3208052340685,-36.22101138277172],[174.32362563293694,-36.21594263295123],[174.33436416715043,-36.21065483323105],[174.34664773295412,-36.20697916620043],[174.35748830051122,-36.20592409973959],[174.3642972318596,-36.19612698161203],[174.36418678335892,-36.18993704980608],[174.36841829977456,-36.17732693322447],[174.37013936733948,-36.164902066361854],[174.37738996747905,-36.1638839161427],[174.3851321337413,-36.1554040003863],[174.38480123381976,-36.14589529937842],[174.38199060008566,-36.1382897166471],[174.3734536497366,-36.13535021649204],[174.37520551716426,-36.130787216696866],[174.36939208314868,-36.1268726003739],[174.37385126671325,-36.122010483432256],[174.38008335072428,-36.13456108348862],[174.38866678355149,-36.144702832809706],[174.4043025666878,-36.146335016367686],[174.41584321663507,-36.13750846635882],[174.42653221736563,-36.149848099777564],[174.41747075034894,-36.148039333497586],[174.4009748171311,-36.150351799666424],[174.3880981007662,-36.14807816643202],[174.3930548332639,-36.15674234967467],[174.37972973332984,-36.16802671608687],[174.3725379668374,-36.168496416360654],[174.3727172165935,-36.176551966404084],[174.3915212497498,-36.1694106500758],[174.40161271751748,-36.16879440033219],[174.3987426750001,-36.180000304999965],[174.38586425800008,-36.17961120599995],[174.3746185320001,-36.18669509799997],[174.37709045400004,-36.19502639799998],[174.37208557100007,-36.19916534299995],[174.3800048820001,-36.20294570799996],[174.37444691622377,-36.20920088271529],[174.37039926717262,-36.204132614358855],[174.36202311683624,-36.21464676730418],[174.35336303700012,-36.21208190799996],[174.34121704100005,-36.21919632],[174.3441314700001,-36.22294616599993],[174.34042358400006,-36.230861663999974],[174.3304267051961,-36.22752236117657],[174.32543945300006,-36.235000610999975],[174.3283538820001,-36.24294280999993],[174.33452954977147,-36.244945149617884],[174.33377075200008,-36.251667020999946],[174.33702087400002,-36.25749969499998],[174.3486403125798,-36.2552831873407],[174.34963989200003,-36.25916671799996],[174.36273286685227,-36.27597371583229],[174.35417175300006,-36.275417327999946],[174.34539816939844,-36.2678102879993],[174.32768359937677,-36.263734799513735],[174.32133463329234,-36.259279665623765],[174.31563425116727,-36.259418115620655],[174.3154732827206,-36.25163769924055],[174.31209990036243,-36.24620029962079],[174.30231854894953,-36.244203156503694],[174.28193701778054,-36.253450699945525],[174.2727369380067,-36.25933478792044],[174.27162068527858,-36.27019335002671],[174.27545166000004,-36.27752685399997],[174.27547229400443,-36.28421939408816],[174.28248405135005,-36.28805484995064],[174.3008575440001,-36.29041671699997],[174.3082805493409,-36.30132505036227],[174.310877907362,-36.311505667601516],[174.31503295900006,-36.31213760399993],[174.32499694800003,-36.30377960199996],[174.32990751727985,-36.31189576549198],[174.3358306880001,-36.31541824399994],[174.34211731000005,-36.30833434899995],[174.33666992200006,-36.29964065399997],[174.3441619880001,-36.291248320999955],[174.34875488300008,-36.293361663999974],[174.34913635300006,-36.30877685499996],[174.35542297400002,-36.30752944899996],[174.35341893375423,-36.29763208289328],[174.35894580184694,-36.28850174961961],[174.38708496100003,-36.265834808999955],[174.38542175300006,-36.2816391],[174.38764861615925,-36.2868729769895],[174.39769891671025,-36.288079883129285],[174.40192534983376,-36.28126124945962],[174.41400225013788,-36.27156901697362],[174.4255114167223,-36.271586433438976],[174.42949262596687,-36.26244303943072],[174.438258283492,-36.26183631628334],[174.45505108365305,-36.24881169961622],[174.45930668323032,-36.25810549990584],[174.46806341659462,-36.25802231662738],[174.47239226672184,-36.243779682641915],[174.47189125034907,-36.233954532636616],[174.48174833315719,-36.22827699994109],[174.489496432559,-36.22414129996933],[174.49813803330832,-36.22412260050593],[174.51850861672185,-36.210478499823616],[174.52507341608893,-36.20823171610398],[174.52229970061637,-36.197224449871406],[174.53294001665884,-36.184744599588456],[174.55185010003274,-36.17743261623581],[174.5628090505643,-36.17900018275693],[174.56564268743355,-36.17131386159311],[174.57114521691898,-36.16615319955756],[174.58018844485326,-36.16703401901185],[174.58668696719366,-36.15746746647492],[174.58258588163875,-36.148478010443185],[174.58491519552928,-36.142917350643586],[174.59856320028098,-36.14028193341052],[174.60634970046624,-36.13267154987533],[174.60591118378673,-36.12162238344105],[174.61663516703814,-36.1175555665894],[174.6048778165045,-36.09658416634638],[174.60539245600012,-36.11249923699995],[174.60000610400004,-36.12044525199997],[174.5851863241776,-36.12458165888106],[174.5854187010001,-36.13166808999995],[174.5758361820001,-36.140388488999974],[174.57192761667224,-36.13840240053681],[174.58057753308282,-36.123753366747344],[174.57662117162937,-36.11966634571027],[174.57878945646104,-36.106565884149234],[174.58606638181354,-36.116287970024295],[174.59243764982787,-36.11639738331259],[174.59667626686797,-36.10761429966561],[174.5906003169008,-36.09839449968262],[174.59219873304943,-36.0943241833588],[174.5894234002917,-36.08393623351848],[174.5956733170984,-36.08106301628964],[174.59114543370342,-36.06100126608659],[174.58978090047475,-36.04818986604917],[174.5830328662221,-36.04342053262699],[174.58040501655134,-36.05316084989672],[174.57343484935816,-36.060885216789686],[174.5635163506219,-36.060199283092174],[174.56408861714434,-36.06656481694354],[174.55371190022422,-36.06678288292923],[174.54222413374325,-36.069601733503],[174.53037380071618,-36.06732049976616],[174.52351559923903,-36.063511183530906],[174.51015813350347,-36.07257068304411],[174.50195593329084,-36.07407543306268],[174.49384348365433,-36.07224759934116],[174.47286723305947,-36.07195788277322],[174.4721978668166,-36.07609571648391],[174.45048585002442,-36.08534096637751],[174.4433213661214,-36.08647434949747],[174.43252778347176,-36.08179198294045],[174.41709551729934,-36.07729874986248],[174.40145866665927,-36.07707569934226],[174.3905105164347,-36.06532031634605],[174.390521282757,-36.055168832967574],[174.38643430064405,-36.047282532650286],[174.37825933286632,-36.05205354945823],[174.37314741618582,-36.04857804990865],[174.3681602169218,-36.0536484334974],[174.35879146713665,-36.053638332926276],[174.3591108997685,-36.04346288270054],[174.34546211733232,-36.0355503993704],[174.34624903374706,-36.0299879000165],[174.34036296641025,-36.02202174989483],[174.32450378318086,-36.02683966687247],[174.32024054988426,-36.00667115005976],[174.31524694980024,-36.00071568284592],[174.3178401829043,-35.99649421660902],[174.31343109998875,-35.99074064933402],[174.31823764949945,-35.98492300010454],[174.32709991643137,-35.98169941654745],[174.32724024924934,-35.957585400228425],[174.3097412330312,-35.95314616666613],[174.29507325070816,-35.94041593271012],[174.20272628411442,-35.98839144975048],[174.19870943322877,-35.9846502164667],[174.1869622001043,-35.98581143276488],[174.1864789164207,-35.99184479947362],[174.17867910079516,-35.99708051614098],[174.16572935077488,-35.99225459961491],[174.15616331668204,-35.98343066603772],[174.15046958318388,-35.98515536630726],[174.14302033401611,-35.99265766656045],[174.14307266644445,-35.998421782994036],[174.1370139331484,-36.00309369980049],[174.1215132838448,-36.003139383195744],[174.116963750268,-35.998291682668786],[174.11487314978473,-35.987934566652896],[174.11770460073524,-35.979312116883214],[174.11553471700867,-35.97109888336375],[174.11858323360738,-35.96594751640769],[174.1089673005284,-35.95811470023006],[174.11265876704522,-35.946776566111346],[174.10626999981102,-35.93848074959985],[174.09747321644855,-35.938939450198745],[174.09505033338968,-35.932225183384475],[174.09776394920942,-35.9255682668816],[174.10582916717095,-35.92299585019918],[174.11163919924257,-35.917012966034505],[174.12063508254013,-35.91991201618356],[174.12480645008853,-35.91395491658399],[174.15236618399763,-35.901199382831834],[174.1509176006358,-35.87292178339682],[174.1351355838534,-35.87014508323331],[174.13527359968163,-35.85363944935152],[174.11440833329712,-35.84373353333341],[174.09716326747363,-35.83900916680854],[174.0931719501041,-35.83071021666272],[174.0842421666708,-35.82785678271457],[174.10369568401654,-35.82186671682492],[174.09734861651714,-35.81478213340966],[174.089430083835,-35.81007199935996],[174.08960070057861,-35.78921421619483],[174.07614440034328,-35.78731688307473],[174.05992428363933,-35.78893818310564],[174.05347516706877,-35.79307809954779],[174.04370839994058,-35.785149433350725],[174.0294742496679,-35.78636949942026],[173.97926448254668,-35.76770956654313],[173.98103701656026,-35.75210356612612],[173.97731159991952,-35.74793754958859],[173.96708620044708,-35.74298608274999],[173.9604693331333,-35.74342708288278],[173.9444241674864,-35.73388849962176],[173.9321137497169,-35.73438599988319],[173.92258806627353,-35.7252274166648],[173.90838470029792,-35.73509313265807],[173.90542168311075,-35.73104411671656],[173.89723591642056,-35.7349881997969],[173.88941641690548,-35.72844638336306],[173.88397306600035,-35.71469045018261],[173.88362098396445,-35.70911700009943],[173.8786424174313,-35.700951866498734],[173.86580990018652,-35.70707859959108],[173.8535987167697,-35.723710232659805],[173.8200428833977,-35.726653832856584],[173.81867409992705,-35.73623183273333],[173.80273711726466,-35.73455781653488],[173.79811315039396,-35.7444548661511],[173.78783111751383,-35.74457879960476],[173.78398433362662,-35.74065301627514],[173.77052831694218,-35.734016016161235],[173.76359150006473,-35.7326817330399],[173.76433641748872,-35.67321309936466],[173.75008796623823,-35.669941149477864],[173.7547749837054,-35.66529988337496],[173.76436274930893,-35.66249948346647],[173.77043441744343,-35.6512872328664],[173.76604039997068,-35.648786866353696],[173.76496014986705,-35.63416529937432],[173.75595138285945,-35.6355431163512],[173.75908346687262,-35.628178166325974],[173.75926888337275,-35.60945301686127],[173.76475865035235,-35.60640998320604],[173.76228339959206,-35.59815356647829],[173.74174391727266,-35.59598993266818],[173.73307743333893,-35.60307146645233],[173.72903708403345,-35.59698071619041],[173.720635115958,-35.59925491684906],[173.68892283380126,-35.60363068308968],[173.6643831500628,-35.599644782811154],[173.664429717271,-35.603995366294136],[173.59865345016883,-35.60357456658331],[173.597816967215,-35.653498049885044],[173.58989310057726,-35.65137913319232],[173.5851693824706,-35.645752116376755],[173.57510841698564,-35.646308999503105],[173.57021823351678,-35.65265201660004],[173.56372558407162,-35.65114293271991],[173.54841449974936,-35.65217796609392],[173.53941218307816,-35.65115004947157],[173.53233216670543,-35.6476195828038],[173.52826375039427,-35.63834551618626],[173.50688988258628,-35.636989149954005],[173.49988020033345,-35.64598744936772],[173.49488966642474,-35.64658623269254],[173.49100453356007,-35.65850374969033],[173.4786795501524,-35.66378911631308],[173.48537579930164,-35.67454486655989]]]},"properties":{"shapeName":"Kaipara District","shapeID":"76426892B63494088345666","shapeGroup":"NZL","shapeType":"ADM2"}},
{"type":"Feature","geometry":{"type":"MultiPolygon","coordinates":[[[[175.78859178849882,-36.579580830808],[175.76516790206875,-36.587329616825265],[175.7515536720001,-36.587328069999955],[175.76120091791623,-36.598320300538546],[175.7591678509265,-36.6027561830441],[175.76982931200007,-36.604433348999976],[175.77244505008505,-36.59606011625975],[175.78252323000004,-36.60299290399996],[175.78810495300002,-36.61235579399994],[175.78810495300002,-36.62387935099997],[175.78549414700012,-36.62955110099995],[175.7752900169367,-36.63301061758851],[175.79989859300008,-36.64044446299994],[175.80991843517026,-36.63633923368785],[175.81215542291523,-36.63930541759922],[175.82430676783977,-36.6399824997732],[175.83513045005398,-36.63568181465921],[175.83375426762936,-36.62607058229767],[175.82220281685542,-36.6148760163687],[175.81214237200004,-36.614966599999946],[175.79019775005114,-36.60531701668529],[175.79521714800012,-36.60002198799998],[175.791012117227,-36.59397048392603],[175.78270328600001,-36.592819764999945],[175.78513403600004,-36.58255659699995],[175.78859178849882,-36.579580830808]]],[[[175.8797693833477,-37.23056186720555],[175.88457723733165,-37.21833655462367],[175.87882641660468,-37.21301121685691],[175.8785278094611,-37.20188436840927],[175.87167358400006,-37.19958495999998],[175.86168701683022,-37.20935211605721],[175.85800480003212,-37.206473949411],[175.86525589939686,-37.1957925831628],[175.8582559666869,-37.19241854986845],[175.85455705019683,-37.18496403272615],[175.85909281684167,-37.181631716170344],[175.85046816661372,-37.176041232621955],[175.85823736744132,-37.16507583284202],[175.86500549400012,-37.16791534399994],[175.8712158200001,-37.177528379999956],[175.87208557100007,-37.187499998999954],[175.87729110389336,-37.19502237328502],[175.8855108664806,-37.20108865001489],[175.8925354168003,-37.19534563273189],[175.88832068249306,-37.19082813300014],[175.88240781652095,-37.17355646643468],[175.88080348263458,-37.16174241669129],[175.88341320070367,-37.15540470014551],[175.8789810833568,-37.15003691599092],[175.8856737832804,-37.13126703302613],[175.8920005006435,-37.12208129960033],[175.88166809100005,-37.11541747899997],[175.87541198700012,-37.12086105199995],[175.86827087400002,-37.133777616999964],[175.86202541649845,-37.123986849675916],[175.8636909332295,-37.115723916925404],[175.87786596731326,-37.10984418367173],[175.8884748330314,-37.11151525027982],[175.8866854666957,-37.101972066578895],[175.88686941698828,-37.07268076642361],[175.8908000834668,-37.06655421686981],[175.88921031676568,-37.05597431698988],[175.88452938348954,-37.049927516878036],[175.88832238307427,-37.03918676636864],[175.87270325061735,-37.025913316380155],[175.86413574200003,-37.008720396999934],[175.85624694800003,-37.01586151099997],[175.8587799070001,-37.02500152599998],[175.84541320800008,-37.03499984699994],[175.84127807700008,-37.04919433599997],[175.83093726644051,-37.03836646686388],[175.83462603402057,-37.02821953261025],[175.84235536647262,-37.02323399984317],[175.84643593367323,-37.012445399993474],[175.85119378303924,-37.00887473261341],[175.84842766689377,-37.003078933114956],[175.85739404975084,-36.997809600411074],[175.8537445080001,-36.991695403999984],[175.85369873000002,-36.979999540999984],[175.84124755900007,-36.96752929599995],[175.83961486900012,-36.95502853399995],[175.8422334839274,-36.947453117230346],[175.85571066908176,-36.94347151498202],[175.8515970498279,-36.93249738348618],[175.85496521000005,-36.924610136999945],[175.84541320800008,-36.91999816799995],[175.83622741700003,-36.90919494499997],[175.83450317400002,-36.89586257999997],[175.81954956000004,-36.88672256499996],[175.8162231440001,-36.88005447399996],[175.81691994980423,-36.872888133583864],[175.82446530008625,-36.86978850014453],[175.81734106307903,-36.847327365603626],[175.79249572700007,-36.83544540299994],[175.7816619880001,-36.82544326799996],[175.7733306890001,-36.827056883999944],[175.7691650390001,-36.823749540999984],[175.75941952594704,-36.826959382556325],[175.75842525016466,-36.8350933496438],[175.76212378312837,-36.84005243325081],[175.75984199609164,-36.8471236600671],[175.7706532834264,-36.85188019961225],[175.7666964841116,-36.8564409001404],[175.75544738700012,-36.84999847399996],[175.75497436600006,-36.839584350999985],[175.74247741700003,-36.841278074999934],[175.73211669900002,-36.835834501999955],[175.72999572700007,-36.82958221399997],[175.7208557130001,-36.83544540299994],[175.71376766662794,-36.835765200305275],[175.71122741700003,-36.84500122099996],[175.7071616230076,-36.84545991168098],[175.699542361277,-36.860899702506885],[175.7052286003966,-36.869401099791574],[175.7170133841375,-36.87297515004332],[175.707151449375,-36.88875966608769],[175.7107990659903,-36.89537159992553],[175.70982208498975,-36.90184933133906],[175.69899370068075,-36.89918371604336],[175.68743896500007,-36.89374923699995],[175.68448001604193,-36.88985291685044],[175.6903927615344,-36.88573797756951],[175.6853942880001,-36.88169479199996],[175.67285728313846,-36.87753229994281],[175.66655546732164,-36.871892067146675],[175.68136684963005,-36.86630999973623],[175.68462055934538,-36.8620981099422],[175.683364868,-36.85041808999995],[175.6754150390001,-36.85669326699997],[175.67118835500003,-36.852527616999964],[175.66791000055733,-36.84111933337281],[175.67426650042083,-36.83611374997856],[175.68964568303542,-36.84418839978288],[175.69517856686042,-36.84548291663174],[175.70551011292883,-36.838796432148555],[175.70706176800002,-36.834194182999966],[175.69958496100003,-36.821693419999974],[175.7016260668604,-36.80707668316518],[175.70588818304392,-36.804742832858935],[175.71387209993225,-36.807785249542924],[175.7228851310001,-36.80656562442006],[175.72377698300483,-36.79809553285272],[175.7317719180516,-36.79150094903405],[175.73972788359868,-36.79458619903763],[175.74738765604414,-36.79061340385995],[175.74621582200007,-36.78586196899994],[175.75010209995403,-36.76381021641502],[175.75564003345804,-36.75735031631583],[175.76036546657542,-36.7594765165176],[175.7766723640001,-36.750446317999945],[175.7775244666032,-36.74681544943929],[175.7884125168419,-36.74754761667384],[175.79135081686024,-36.741163749941634],[175.81364806670754,-36.74219041662846],[175.82583108694828,-36.736984993792575],[175.82172693413025,-36.731592283442076],[175.82172658935755,-36.72154112216709],[175.81578064000007,-36.72377777],[175.80497741700003,-36.72377777],[175.7945556640001,-36.716693877999944],[175.78885093309816,-36.704119283281834],[175.7900212337025,-36.69755151713391],[175.7812500000001,-36.69502639799998],[175.7774963380001,-36.70208358599996],[175.76750183100012,-36.70708465499996],[175.75663757400002,-36.709609985999975],[175.73666381800012,-36.70955657899998],[175.72796331906267,-36.718090603635524],[175.7241973880001,-36.724609373999954],[175.7149963380001,-36.72541809099994],[175.70660400400004,-36.728748320999955],[175.67828369300003,-36.731250761999945],[175.63988089987188,-36.72890671600977],[175.64665056619313,-36.73637236662329],[175.6631496665654,-36.740588367127664],[175.6713339521902,-36.738971751925554],[175.6770629880001,-36.744972228999984],[175.6658325190001,-36.747943877999944],[175.65372705043302,-36.74900899960338],[175.64410400400004,-36.745418548999965],[175.6375897910312,-36.74780077715116],[175.64510475028192,-36.760293132742405],[175.63166809200004,-36.76541518999994],[175.6248116537646,-36.75463720754218],[175.6079497508699,-36.75747224855261],[175.60538851728552,-36.74959279880235],[175.61057878526623,-36.743480717270444],[175.6157485996117,-36.72366216594031],[175.62115276701286,-36.719601016418174],[175.60809465119388,-36.706749316686775],[175.61006164600008,-36.70208358599996],[175.5999145510001,-36.68708419799998],[175.59489875672259,-36.68291388277295],[175.58000183100012,-36.68130492999995],[175.5758056640001,-36.68880462499993],[175.56747436500007,-36.69041824399994],[175.55708313000002,-36.68669509899996],[175.55426688323783,-36.67889446682882],[175.55455017100007,-36.666694640999935],[175.5698562998389,-36.66777083303627],[175.57679340019263,-36.671183250008],[175.5834165505985,-36.66469380007045],[175.57461548000003,-36.658332823999956],[175.57201950074202,-36.65020016645492],[175.5731780672254,-36.641424249862794],[175.5833288999619,-36.62810023284069],[175.57530046602957,-36.619530633077765],[175.56750488300008,-36.61624908299996],[175.55927136652954,-36.60731053304665],[175.55586242700008,-36.59960937499994],[175.54753112800006,-36.60541534499998],[175.54164123500004,-36.602085113999976],[175.53334045400004,-36.60461044199997],[175.52000427200005,-36.59372329599995],[175.5284203008632,-36.58263146687298],[175.52422078372405,-36.569319366721686],[175.52592971621752,-36.562335916402155],[175.52024203394618,-36.55394191556836],[175.5349946675963,-36.550903282915584],[175.53334045400004,-36.54130554099993],[175.52019191626678,-36.54079734887883],[175.5112018164724,-36.533117031885254],[175.5080588342254,-36.52296481554288],[175.48942409934017,-36.509828899011936],[175.48082863336398,-36.51122488212831],[175.47095257686408,-36.509621747050545],[175.47128295900006,-36.515834806999976],[175.4762268070001,-36.52336120599995],[175.48294067400002,-36.52836227399996],[175.47749328600003,-36.53377914499998],[175.45842463306872,-36.52356388339286],[175.44561558364816,-36.509548150021814],[175.43753051800002,-36.50458144999993],[175.42581176800002,-36.51297378399994],[175.42136790074815,-36.51060588310995],[175.42478016859715,-36.4966067826869],[175.41435598345734,-36.49107104973233],[175.4111501827246,-36.48402904921128],[175.41266768380856,-36.47447508211832],[175.41000366200012,-36.47124862499993],[175.38924328311415,-36.47591921624992],[175.37580871600005,-36.47291564799997],[175.3708343510001,-36.46958160299994],[175.36451566637754,-36.471804066906735],[175.3464171503885,-36.47061105766479],[175.3482956000379,-36.4791175666702],[175.34002685500002,-36.48541641299994],[175.329319271512,-36.480176546006405],[175.32578207924007,-36.489636511610904],[175.329183037078,-36.49583225949833],[175.32918956287162,-36.51122769839625],[175.32708740200007,-36.520832061999954],[175.3345489500001,-36.531696317999945],[175.3362388488683,-36.54199046094753],[175.34244463467311,-36.54567258232255],[175.34472577763577,-36.55315506669735],[175.3573967175159,-36.557041549714214],[175.3643469503662,-36.565161149095154],[175.376685384191,-36.56762796620837],[175.38854036479975,-36.57565913271061],[175.39404990143558,-36.57531218226297],[175.40583463453316,-36.58056318309799],[175.41422891656794,-36.588296283385986],[175.42079368468308,-36.58774939994532],[175.42081705929476,-36.59581985769341],[175.42689035000097,-36.60033821528326],[175.42853988733177,-36.60617702460702],[175.43551538318908,-36.60956265057057],[175.4422490504665,-36.60862583301012],[175.44932398327944,-36.61505223271231],[175.4658660890001,-36.617084501999955],[175.47104570066762,-36.61954341668877],[175.47207641600005,-36.629196166999975],[175.4608306880001,-36.630416869999976],[175.44996643000002,-36.633777616999964],[175.4391937260001,-36.62961196899994],[175.43876451658414,-36.63582448319078],[175.44580986658983,-36.64715223287147],[175.4453887940001,-36.65536816671781],[175.44789123600003,-36.667526244999976],[175.44291687100008,-36.67083358799994],[175.44038391100003,-36.680000305999954],[175.4329223630001,-36.68999862499993],[175.43043411607385,-36.7024631751989],[175.43205261200012,-36.71729878209645],[175.43834226724323,-36.71660591640782],[175.43872070300006,-36.72583389299996],[175.4487994335021,-36.72720688325257],[175.4621036664589,-36.7252126161721],[175.4656002499592,-36.73335538349474],[175.47289205048622,-36.736745532738134],[175.4797281335124,-36.73431449953645],[175.47502261148534,-36.75015101905643],[175.48310298305705,-36.75415183342081],[175.48876494984592,-36.76313986716593],[175.49467673387235,-36.76196874946182],[175.49789428700012,-36.770832061999954],[175.49423600020256,-36.77883878329725],[175.5033111570001,-36.784584045999964],[175.50549428344524,-36.7941003997429],[175.49085998500004,-36.80955505399993],[175.47918701200012,-36.805416106999985],[175.46836853100012,-36.81375122099996],[175.46249389600007,-36.81124877999997],[175.44999694800003,-36.812915801999964],[175.43913269200004,-36.81211089999994],[175.43417358400006,-36.81791686899993],[175.43838726682077,-36.82428698266322],[175.4562586661655,-36.82541103300311],[175.4658497167027,-36.828380949318955],[175.46166992100007,-36.83460998499993],[175.4508056640001,-36.832916259999934],[175.44500732400002,-36.83460998499993],[175.43499755800008,-36.82961273199993],[175.42879319956688,-36.832084833200184],[175.42897215006073,-36.83808879961866],[175.43786051660683,-36.84248976650492],[175.445355399402,-36.83689598266628],[175.45484005021842,-36.842246499766425],[175.46210631637507,-36.83940779980891],[175.47194641728973,-36.83888343314236],[175.47894669987798,-36.84184820003737],[175.4687500000001,-36.85083389299996],[175.46755981400008,-36.85458373899996],[175.4566650390001,-36.85291671599998],[175.43666076600005,-36.856250762999935],[175.42832946900012,-36.856250762999935],[175.4185944681787,-36.852056348327395],[175.40951798410146,-36.85913411671542],[175.4199981690001,-36.87291717499994],[175.42601770003702,-36.88656070010919],[175.42729615081117,-36.896664549929454],[175.435955599915,-36.90849141657315],[175.44088370005275,-36.91103114981471],[175.45132016745168,-36.92320026689669],[175.46886208310852,-36.93856211654528],[175.46952490075918,-36.94150989985403],[175.49100261754705,-36.96226643336884],[175.50039734948572,-36.979417582668844],[175.4996121170955,-36.986454949451016],[175.5120239260001,-37.00752639799998],[175.5161895750001,-37.02086257999997],[175.51622009200003,-37.02750015299995],[175.52288818300008,-37.04085922199994],[175.5195770260001,-37.04830550999998],[175.52705383300008,-37.056640623999954],[175.52705383300008,-37.06083297799995],[175.5212249750001,-37.071693420999964],[175.5196075440001,-37.08752822699995],[175.5170593260001,-37.09086227299997],[175.5195770260001,-37.11166763299997],[175.52914428700012,-37.12044525199997],[175.53435814965033,-37.132389649996355],[175.54878234900002,-37.15416717399995],[175.54833984300012,-37.166305541999975],[175.55786132800006,-37.176723479999964],[175.56788635300006,-37.19086074899997],[175.56710815400004,-37.210029600999974],[175.5753936760001,-37.22586059599996],[175.57592638295858,-37.24307481091485],[175.58190664920807,-37.24353708277155],[175.59322630035638,-37.2385327663442],[175.6134471505899,-37.23966469936806],[175.61703653403484,-37.24836353271044],[175.60321380065628,-37.26460934956089],[175.59612051683405,-37.27691673282831],[175.61213008314868,-37.287986582944214],[175.63262651663226,-37.281863866499286],[175.64601171841352,-37.295329642679604],[175.65816945191767,-37.29808620273441],[175.65699768342213,-37.29208551635636],[175.67183001677571,-37.28900584997789],[175.67634839982506,-37.29425635001813],[175.6844157168092,-37.29636348334134],[175.7003683671473,-37.29384901602207],[175.71252819294756,-37.287015739062944],[175.7377112832961,-37.29192199945559],[175.74642973397937,-37.28758276658504],[175.7778178836532,-37.28597846653591],[175.77852608326688,-37.27839711664928],[175.78813510007978,-37.27856623367598],[175.8254519671235,-37.27578966623001],[175.82912584982628,-37.26367439999015],[175.83384799923044,-37.26210070018518],[175.83868611615856,-37.25064238295281],[175.84579663413294,-37.24457719952747],[175.85896986672915,-37.24914981634304],[175.85951318313852,-37.2415153664333],[175.85496090058322,-37.23725411634075],[175.859296533551,-37.23200550007988],[175.8693346328838,-37.22677823271053],[175.8797693833477,-37.23056186720555]]]]},"properties":{"shapeName":"Thames-Coromandel District","shapeID":"76426892B50034078290765","shapeGroup":"NZL","shapeType":"ADM2"}},
{"type":"Feature","geometry":{"type":"MultiPolygon","coordinates":[[[[175.57592638295858,-37.24307481091485],[175.56954956100003,-37.240028379999956],[175.56706237900005,-37.22336196899994],[175.5603637690001,-37.21086120499996],[175.56180300659506,-37.202282777237706],[175.56210460337599,-37.20051363220347],[175.56244396659505,-37.19859538597011],[175.56317623732335,-37.19445623509169],[175.54164123500004,-37.17211151099997],[175.52746582100008,-37.17211151099997],[175.51336669900002,-37.18788909799997],[175.50457763700012,-37.190887449999934],[175.50166320800008,-37.196277616999964],[175.48919677700007,-37.198749540999984],[175.47250366200012,-37.20624923599996],[175.46078491200012,-37.212917327999946],[175.44000244100005,-37.22127914299995],[175.41833496100003,-37.22127914299995],[175.40834045400004,-37.22294616599993],[175.4024658200001,-37.229610442999956],[175.38993835500003,-37.22211074699993],[175.37080383300008,-37.22041702299998],[175.3405901166028,-37.20750175002018],[175.32813549987418,-37.19714546625006],[175.32000195004537,-37.18535431678597],[175.30389723394728,-37.22643341604317],[175.3161144834449,-37.23269979996439],[175.31699158320865,-37.246367566362984],[175.3057666329063,-37.251311983120324],[175.32194740025096,-37.28304636627815],[175.3417425840484,-37.3248275166781],[175.36022998333414,-37.35388364987081],[175.3736728507887,-37.3679823161848],[175.38390730001595,-37.37419811681519],[175.37739928308585,-37.39306734994005],[175.3847112497564,-37.3974050826356],[175.39356199969265,-37.40822346677721],[175.39689414967927,-37.42182098314365],[175.39132725025183,-37.42583149954507],[175.3906734827872,-37.43324988332195],[175.39589498351057,-37.43918381669267],[175.4114619340528,-37.42495741661669],[175.4088816827833,-37.43802746685444],[175.43094195014956,-37.44159618379014],[175.437973716131,-37.44058280012645],[175.43702891691578,-37.45009418281704],[175.46921859964428,-37.43612619980864],[175.51139169976162,-37.43025203271265],[175.52267481712082,-37.41962891632961],[175.5838896006417,-37.41915716620965],[175.58773693347825,-37.42405874951933],[175.5981054665651,-37.41901501614386],[175.63139148370345,-37.41876754964453],[175.63224666714515,-37.42532433314799],[175.62959628364806,-37.43333993320764],[175.6402871504808,-37.439641333159294],[175.63920926682786,-37.45298323271457],[175.64616445069353,-37.45473655017357],[175.67210295016375,-37.45089364990184],[175.68468228380647,-37.457091116778784],[175.69035798404107,-37.46310170013671],[175.70166950048082,-37.4585741999136],[175.71212625061054,-37.46246945008676],[175.75487691675397,-37.4630748661301],[175.75505939997677,-37.4866856494821],[175.75071803362934,-37.49352639978909],[175.75256930004437,-37.50293158261611],[175.75328683316062,-37.526606966364746],[175.76474495040603,-37.52321666680144],[175.8117176838209,-37.564267549565265],[175.8143017331348,-37.5535875833798],[175.82521556718496,-37.546883683105335],[175.83091888376532,-37.537630167037825],[175.82417423339362,-37.5276860163488],[175.82459980086819,-37.520593699862346],[175.82079878340127,-37.51459196639954],[175.80966741720482,-37.51381314973331],[175.8059208170995,-37.50801446649897],[175.80851571744833,-37.501059433741865],[175.81723490023106,-37.49498344996168],[175.81352626685285,-37.484910049290576],[175.83277586755773,-37.47160198315951],[175.843653217193,-37.486992666192705],[175.85762176654356,-37.49727093306378],[175.87067406609629,-37.50052681617015],[175.87071361625428,-37.495550949357856],[175.89928606757877,-37.49568306683944],[175.89736559993628,-37.488634200305306],[175.88055998401302,-37.469500167059394],[175.87203636672592,-37.473477866987],[175.86085873398707,-37.46109983292831],[175.8788436666905,-37.44608386617442],[175.88243778332028,-37.44003563330623],[175.89084250001702,-37.44368624985735],[175.91008126602867,-37.43031569989035],[175.91349221693517,-37.425586716768144],[175.9067340496426,-37.41624334963209],[175.90516663319684,-37.404090532918424],[175.91718888308358,-37.40281421673381],[175.92099501647127,-37.38692284977741],[175.9260470832221,-37.38334553335405],[175.91660153360806,-37.37930898266087],[175.92282748333417,-37.37418776655451],[175.92894704960034,-37.376101683154026],[175.94010400040455,-37.37324154937948],[175.93799388324211,-37.37055813336141],[175.93834041701382,-37.35863408312349],[175.94314309976988,-37.352265316090126],[175.94000244100005,-37.343749998999954],[175.9337158200001,-37.33666610599994],[175.92471089942953,-37.32199539970043],[175.92448506674805,-37.31163523336],[175.91877746600005,-37.30836105399993],[175.91296914829314,-37.29456955980052],[175.90708923400007,-37.29000091599994],[175.89829288416124,-37.270826849869124],[175.89182013325777,-37.250809966985585],[175.89553746738147,-37.244704332758104],[175.88799417870038,-37.233758755056876],[175.8797693833477,-37.23056186720555],[175.8693346328838,-37.22677823271053],[175.859296533551,-37.23200550007988],[175.85496090058322,-37.23725411634075],[175.85951318313852,-37.2415153664333],[175.85896986672915,-37.24914981634304],[175.84579663413294,-37.24457719952747],[175.83868611615856,-37.25064238295281],[175.83384799923044,-37.26210070018518],[175.82912584982628,-37.26367439999015],[175.8254519671235,-37.27578966623001],[175.78813510007978,-37.27856623367598],[175.77852608326688,-37.27839711664928],[175.7778178836532,-37.28597846653591],[175.74642973397937,-37.28758276658504],[175.7377112832961,-37.29192199945559],[175.71252819294756,-37.287015739062944],[175.7003683671473,-37.29384901602207],[175.6844157168092,-37.29636348334134],[175.67634839982506,-37.29425635001813],[175.67183001677571,-37.28900584997789],[175.65699768342213,-37.29208551635636],[175.65816945191767,-37.29808620273441],[175.64601171841352,-37.295329642679604],[175.63262651663226,-37.281863866499286],[175.61213008314868,-37.287986582944214],[175.59612051683405,-37.27691673282831],[175.60321380065628,-37.26460934956089],[175.61703653403484,-37.24836353271044],[175.6134471505899,-37.23966469936806],[175.59322630035638,-37.2385327663442],[175.58190664920807,-37.24353708277155],[175.57592638295858,-37.24307481091485]]],[[[175.32019236718182,-37.183928683160076],[175.3236502995661,-37.18066026688751],[175.31970813403768,-37.17013628267137],[175.3105288669175,-37.15820529984265],[175.3015151994815,-37.13913208318371],[175.3013265495036,-37.1291246670379],[175.2949665666869,-37.121114649752414],[175.29922613413976,-37.11023233309898],[175.29914138308155,-37.09952351610842],[175.3056875669684,-37.08987688274673],[175.29796943325763,-37.079796266019414],[175.29652766630488,-37.07230983283563],[175.30221811642974,-37.05904984942413],[175.30300640022412,-37.05262438297147],[175.2933372670579,-37.03504703311189],[175.29130413308533,-37.02403846651719],[175.2678454001469,-37.02743816607842],[175.27199596664997,-37.04561833265137],[175.26371536706984,-37.047819666412956],[175.25924673351776,-37.052898416023986],[175.26101771748748,-37.060600249564885],[175.25838883354297,-37.06476364949408],[175.23955116685767,-37.06710311682579],[175.23967893392438,-37.08679366645551],[175.25046074979986,-37.086642082983225],[175.2509222001702,-37.10982678341019],[175.24193959987866,-37.11161418312248],[175.2361010506906,-37.10945513380341],[175.2214274669692,-37.108224967023766],[175.21755088410768,-37.11787826699507],[175.22512486622847,-37.11874089978912],[175.24277798349732,-37.140406800097146],[175.24922553336108,-37.136422216641066],[175.25761869985251,-37.13578834993315],[175.26136758311418,-37.18311741637778],[175.26357660083647,-37.19225215005386],[175.27168488354022,-37.18658329990336],[175.28066386679217,-37.18925088319204],[175.30191533335753,-37.18308249980946],[175.3094259002551,-37.184992582629555],[175.32019236718182,-37.183928683160076]]]]},"properties":{"shapeName":"Hauraki District","shapeID":"76426892B20926799897700","shapeGroup":"NZL","shapeType":"ADM2"}},
{"type":"Feature","geometry":{"type":"Polygon","coordinates":[[[175.32000195004537,-37.18535431678597],[175.32019236718182,-37.183928683160076],[175.3094259002551,-37.184992582629555],[175.30191533335753,-37.18308249980946],[175.28066386679217,-37.18925088319204],[175.27168488354022,-37.18658329990336],[175.26357660083647,-37.19225215005386],[175.26136758311418,-37.18311741637778],[175.25761869985251,-37.13578834993315],[175.24922553336108,-37.136422216641066],[175.24277798349732,-37.140406800097146],[175.22512486622847,-37.11874089978912],[175.21755088410768,-37.11787826699507],[175.2214274669692,-37.108224967023766],[175.2361010506906,-37.10945513380341],[175.24193959987866,-37.11161418312248],[175.2509222001702,-37.10982678341019],[175.25046074979986,-37.086642082983225],[175.23967893392438,-37.08679366645551],[175.23955116685767,-37.06710311682579],[175.25838883354297,-37.06476364949408],[175.26101771748748,-37.060600249564885],[175.25924673351776,-37.052898416023986],[175.26371536706984,-37.047819666412956],[175.27199596664997,-37.04561833265137],[175.2678454001469,-37.02743816607842],[175.2077056002476,-37.03006223314355],[175.20271466685847,-37.035999633335926],[175.18446866649236,-37.04015269956416],[175.17565029998482,-37.02744380010301],[175.16078443348516,-37.01591469937824],[175.1520910334394,-37.02155834991831],[175.1554953836225,-37.02926469986329],[175.1530954006757,-37.037333866112235],[175.15561994993453,-37.046797166515205],[175.14800403304275,-37.053559532729],[175.14700318363288,-37.065009466192635],[175.14936740063902,-37.07077621632103],[175.14408103406663,-37.08254686687121],[175.14631963374126,-37.089922483423074],[175.14154881694853,-37.09896399993061],[175.1445976332098,-37.10134223280672],[175.15235438340707,-37.12745445016882],[175.1538966836031,-37.13611278312038],[175.1522435999829,-37.14297061675645],[175.14524533337317,-37.14459073294914],[175.14628181713007,-37.15233418319226],[175.14416218360327,-37.167689716725974],[175.13745351689883,-37.169921049703],[175.14112033357645,-37.17560338329102],[175.13167239980947,-37.181684399653975],[175.13073681653185,-37.186374516697725],[175.12086224771386,-37.18960746216802],[175.1102860667987,-37.18789153306644],[175.1052226330933,-37.181411132960754],[175.09634048274407,-37.18222843373447],[175.08948791742066,-37.17955431679349],[175.0811425951898,-37.186828119189684],[175.08461029983917,-37.19214186659616],[175.0738069837962,-37.1947494995127],[175.0667018160713,-37.19090201631704],[175.06609258326188,-37.18188431665347],[175.05837780062225,-37.18026968309742],[175.04824261719563,-37.1822711996281],[175.04501780013996,-37.18812425012665],[175.02915778351922,-37.1888474497924],[175.0296310675059,-37.196162466734535],[175.02049896748426,-37.199562366269845],[175.01346083302215,-37.19748513303909],[175.007321816728,-37.2050958328267],[174.99025808255524,-37.21658549963478],[174.9750211340945,-37.201069583261294],[174.9732209834697,-37.194764532622514],[174.96350386627628,-37.197938232944765],[174.94859458275286,-37.198035082882],[174.92994368366107,-37.20623306679633],[174.93625298358447,-37.21454255003095],[174.93085250069518,-37.22457768266011],[174.93276726676854,-37.2316289167867],[174.91932418328489,-37.23657873310026],[174.91357138386903,-37.23204433347226],[174.88679006749177,-37.23063281682934],[174.88144860023112,-37.2369810493803],[174.86895123279646,-37.24498660023911],[174.85534356710687,-37.24422728297234],[174.84288101592554,-37.23534279948553],[174.81548804984936,-37.22863088286478],[174.8078067658877,-37.229028716975556],[174.79256310047847,-37.23452258335172],[174.79155546717593,-37.23976519952446],[174.77827300081307,-37.24119330008653],[174.76925296655912,-37.247697216320304],[174.75712884977304,-37.25145476624476],[174.7390550671835,-37.26787263316817],[174.73283851653534,-37.26857039988634],[174.7225276660118,-37.25813374998715],[174.70949739357843,-37.26154332721708],[174.69951482568712,-37.261700925578495],[174.68342628740209,-37.26952528521853],[174.67453631652936,-37.27539515006849],[174.65818720788573,-37.28203946292969],[174.6608779446353,-37.29183419189766],[174.66377258300008,-37.29502868499998],[174.69008011679887,-37.35382459654948],[174.69500732500012,-37.35877609299996],[174.71163940400004,-37.365444181999976],[174.7200317380001,-37.379554748999965],[174.72927254983824,-37.37958098302115],[174.74384358394883,-37.368998116683926],[174.74582064989144,-37.36030590014887],[174.7431845340523,-37.34905206622355],[174.7375343165895,-37.346211867185076],[174.74661255000012,-37.33977889999994],[174.751724243,-37.34205627499995],[174.77169799800004,-37.34044265599994],[174.77499389600007,-37.347084043999985],[174.76625061100003,-37.36166763199998],[174.75369262700008,-37.370887754999956],[174.74702453600003,-37.37836074699993],[174.74336242800007,-37.38624954199997],[174.73212863352973,-37.38587816720932],[174.72917175300006,-37.39044570899995],[174.72181709917422,-37.3887650001338],[174.71143955531622,-37.38011103874637],[174.70875549400012,-37.38255691499995],[174.7112426760001,-37.39919280999993],[174.70625305200008,-37.404193877999944],[174.70706176800002,-37.409999847999984],[174.70291137700008,-37.41666793699994],[174.7053833010001,-37.42499923599996],[174.70469535757323,-37.43501971571413],[174.71708679200003,-37.44916534299995],[174.71955871600005,-37.461666106999985],[174.73538208000002,-37.48663711499995],[174.74127197200005,-37.498359678999975],[174.74790954500008,-37.50502777099996],[174.74624633700012,-37.51919555699993],[174.75288391200002,-37.52502822699995],[174.76541137700008,-37.54833221399997],[174.771255493,-37.565029143999936],[174.77377319300012,-37.57663726699997],[174.7729492190001,-37.59585952799995],[174.78794860900007,-37.62086105199995],[174.7921142570001,-37.63083267099995],[174.79708862400003,-37.634998321999944],[174.79869079600007,-37.65586090099998],[174.8037567140001,-37.65835952799995],[174.80455017100007,-37.667526244999976],[174.81121826300011,-37.675025938999966],[174.81372070300006,-37.68330383299997],[174.81288147100008,-37.69497299099993],[174.81785583500005,-37.70914077799995],[174.82371521000005,-37.72085952799995],[174.82289123500004,-37.73749923699995],[174.82960510200007,-37.74833297599997],[174.8304138190001,-37.75583267199994],[174.83708190900006,-37.77164077799995],[174.8362426750001,-37.78083419799998],[174.83792114200003,-37.792556762999936],[174.84387467268766,-37.799000588397206],[174.8557213839506,-37.797900050200596],[174.86944491659693,-37.78889356680193],[174.87334701612892,-37.78078818283173],[174.88149443382156,-37.77611889992728],[174.88624572800006,-37.77916717499994],[174.89529011646115,-37.79062964972369],[174.90352394943096,-37.77358481652194],[174.90994685025214,-37.76770489996539],[174.9019235167964,-37.76472233336369],[174.90589876655707,-37.75894583317772],[174.91366531747968,-37.75954828370161],[174.9169102662242,-37.75195706643426],[174.9161241997622,-37.74345908296125],[174.92189156644284,-37.74231178325924],[174.92996362894695,-37.754725996000424],[174.93382761727835,-37.74938996645188],[174.94292216702775,-37.75362591688086],[174.9519696237535,-37.74708134760088],[174.95569334816042,-37.76630749743398],[174.964614868,-37.76916503799998],[174.9624786380001,-37.77627944799997],[174.9525299070001,-37.778804778999984],[174.92582702700008,-37.773750304999965],[174.9154205330001,-37.78002929699994],[174.9154205330001,-37.78586196799995],[174.93385916707805,-37.78546174964406],[174.95108595017308,-37.779309099508616],[174.9720611570001,-37.79000091599994],[174.97457885900008,-37.797554015999935],[174.97034534988742,-37.802824716116326],[174.9570770260001,-37.794166564999955],[174.951278687,-37.79750060899994],[174.95625305200008,-37.805805205999945],[174.9508361820001,-37.80875015199996],[174.94052068357627,-37.79654621617138],[174.92208862300004,-37.79750060899994],[174.92288208000002,-37.80169296299994],[174.93086242700008,-37.80875015199996],[174.91573841727225,-37.80900525012484],[174.90978535760425,-37.802188508118974],[174.8989472332409,-37.811492666277715],[174.89582633354243,-37.804431283321904],[174.88117387422258,-37.79623866534838],[174.86826900695954,-37.80124354591114],[174.87446823274905,-37.80820926687373],[174.86949016646497,-37.81744776660406],[174.86149949988643,-37.807075199783874],[174.84663391100003,-37.805416107999974],[174.8408660890001,-37.80794524999993],[174.82913208000002,-37.82127761899994],[174.8224945060001,-37.82372283799998],[174.81430970325047,-37.822109222999984],[174.80332946800002,-37.82544326799996],[174.79661206855567,-37.82424354792866],[174.79002380400004,-37.828804014999946],[174.78086853000002,-37.83124923699995],[174.77163696200012,-37.84041595399998],[174.76039631822334,-37.8672226375498],[174.76622009300002,-37.87166595499997],[174.7670898450001,-37.88169479299995],[174.7629241950001,-37.888362884999935],[174.7679138190001,-37.89252853399995],[174.77452087400002,-37.90752792199993],[174.78457641600005,-37.93666839599996],[174.79039001400008,-37.95922088499998],[174.78544616700003,-37.963359830999934],[174.7828674320001,-37.97669601499996],[174.7912445070001,-37.98583221399997],[174.79122924800004,-37.99419402899997],[174.7945556640001,-38.004196166999975],[174.79885598354727,-38.00771884388604],[174.80711601730633,-38.00180709987808],[174.81555238346476,-37.99958459996558],[174.81834890010873,-37.99560868283497],[174.82992153338228,-37.99346883344635],[174.83447066677365,-37.98830278340397],[174.8275299070001,-37.98461150999998],[174.81778831723298,-37.983604433310944],[174.82028650063114,-37.975640783439886],[174.81435563254524,-37.96502756688581],[174.81944106727846,-37.9625143666655],[174.82681241677906,-37.95364221661526],[174.83050789147472,-37.95711318830757],[174.84624858401344,-37.94784951654954],[174.84673214968808,-37.94038224936959],[174.85289001500007,-37.939998626999966],[174.8529205330001,-37.95166778599997],[174.86577810014606,-37.94786351614415],[174.870864868,-37.94872283799998],[174.88749694800003,-37.96294403099995],[174.8762817390001,-37.971668241999964],[174.87324971264303,-37.97800307781489],[174.89383063370263,-37.9761132328711],[174.90988479962104,-37.98437466629642],[174.91982238388283,-37.98418956620664],[174.9260361830469,-37.99029581689886],[174.93421784975857,-37.988158799936805],[174.9409910324862,-37.97507276676784],[174.9539184999504,-37.970529599735464],[174.95773514992518,-37.96264119942902],[174.97595051714634,-37.970735899476004],[174.97819406665062,-37.9760869661156],[174.9907876665033,-37.97243044996033],[174.9954209669358,-37.97848939986062],[175.00609728381812,-37.97588146612662],[175.01277881670754,-37.97905774960477],[175.01787195007802,-37.97543279978868],[175.04015871653317,-37.97825364981057],[175.04014434987653,-37.986793816020494],[175.09900363283953,-37.98379941635501],[175.10175226708895,-37.97831008286405],[175.09032310013464,-37.96097664987728],[175.055901034027,-37.904821899910615],[175.0665609831071,-37.898335899854686],[175.06195358287707,-37.88405544994635],[175.06470554995462,-37.86197031610213],[175.09570606737267,-37.861839799413076],[175.0929046164919,-37.85083766613088],[175.10136183337278,-37.844205882844356],[175.10575143345991,-37.845320783089264],[175.1056623834101,-37.83044088289517],[175.12298629999765,-37.83038788350188],[175.12156251629614,-37.82451598308523],[175.1346849329414,-37.817870916911936],[175.13771766677655,-37.826735982635434],[175.13766486701257,-37.83694496641703],[175.143245984006,-37.840172066114455],[175.17034621670797,-37.83210014944806],[175.1677611675323,-37.82478708270179],[175.17466286658677,-37.82169311633057],[175.21148606632883,-37.820951600005934],[175.21132720061993,-37.81440693329053],[175.22827760078403,-37.80704541673046],[175.23305093354747,-37.79730959933069],[175.2281341501716,-37.79671776635022],[175.22948583413694,-37.78716356679868],[175.2214362840979,-37.783039483243506],[175.21760941674114,-37.77416615035807],[175.21818845015065,-37.7671793999547],[175.2084517668102,-37.769889816204916],[175.2093843839055,-37.76265501618293],[175.2065656335345,-37.75722161671428],[175.1910398166578,-37.7458390834505],[175.19745108363455,-37.740921283341315],[175.2056419832239,-37.74057044991023],[175.20980511688634,-37.73282316656728],[175.2072328830637,-37.725249283359545],[175.20729973368412,-37.70861576662445],[175.2110503328447,-37.699329649450696],[175.21617655019833,-37.7030081004447],[175.21795191642428,-37.71166058316309],[175.2227103508147,-37.7190550995632],[175.23464220059594,-37.716497616756065],[175.25197666695055,-37.71727704997267],[175.2574744167028,-37.710524983586915],[175.26217466684665,-37.70970344971283],[175.2762774996438,-37.71376336683806],[175.27821173385544,-37.71954201660842],[175.28955216694908,-37.72169471640411],[175.28742441657232,-37.73280368273298],[175.29345031656024,-37.74826686624702],[175.30671796724596,-37.74513994974792],[175.31593635037618,-37.75942231600942],[175.32719106719924,-37.7667054329542],[175.33301616709159,-37.77447863343994],[175.33566428287216,-37.78332231609283],[175.3448696831479,-37.79287774944308],[175.3352953708526,-37.7958080930381],[175.33131206734473,-37.80976889955212],[175.32527525006137,-37.81723868313982],[175.33044129994775,-37.822991666505246],[175.32677860065496,-37.8273597000741],[175.3354107171177,-37.835740332959006],[175.34710745026123,-37.83951383340742],[175.34983636667133,-37.84654681666001],[175.34739463337723,-37.85896595014795],[175.35646866717937,-37.87031054940957],[175.36322848399345,-37.87306096600987],[175.38165348308198,-37.87039978307759],[175.39445336737307,-37.87724874978363],[175.39709151644595,-37.882897333187664],[175.4031793841302,-37.88441741670221],[175.40931165019938,-37.87475613316479],[175.42428699601467,-37.87477391250045],[175.42467181732295,-37.84544403368092],[175.42070339991616,-37.837970016573564],[175.43378636749637,-37.83160551640285],[175.44637501731043,-37.83078349986062],[175.44638393259888,-37.82479260020995],[175.45373641745465,-37.82479973306602],[175.4603710834051,-37.82125609941879],[175.46926959987263,-37.82887301660923],[175.48088521666605,-37.82727988337003],[175.4877394665603,-37.8166520667903],[175.48235929989622,-37.8093209002675],[175.4922880172524,-37.81018049996322],[175.50465764945858,-37.80284141653438],[175.50711810042043,-37.79474298304134],[175.5164256008032,-37.79548810017123],[175.5411956169929,-37.78711493272947],[175.54374461642217,-37.782973799402555],[175.54404871706978,-37.76901488297783],[175.52750326749353,-37.76425155017757],[175.5122916000984,-37.73265130015804],[175.50156866726135,-37.74291420056165],[175.4945176001094,-37.74652669961057],[175.48768081691765,-37.73853276635227],[175.4711386671826,-37.73544744997734],[175.4569763168396,-37.72579958291452],[175.42859100051177,-37.63182371653213],[175.40440175006597,-37.55074221672927],[175.3815489498357,-37.47512105008843],[175.37323118389241,-37.46680136640726],[175.38172516587107,-37.45706693332291],[175.38725436598747,-37.454729249912695],[175.38381126606518,-37.4446165499742],[175.38940764918104,-37.44051691688529],[175.3906734827872,-37.43324988332195],[175.39132725025183,-37.42583149954507],[175.39689414967927,-37.42182098314365],[175.39356199969265,-37.40822346677721],[175.3847112497564,-37.3974050826356],[175.37739928308585,-37.39306734994005],[175.38390730001595,-37.37419811681519],[175.3736728507887,-37.3679823161848],[175.36022998333414,-37.35388364987081],[175.3417425840484,-37.3248275166781],[175.32194740025096,-37.28304636627815],[175.3057666329063,-37.251311983120324],[175.31699158320865,-37.246367566362984],[175.3161144834449,-37.23269979996439],[175.30389723394728,-37.22643341604317],[175.32000195004537,-37.18535431678597]]]},"properties":{"shapeName":"Waikato District","shapeID":"76426892B94157809900768","shapeGroup":"NZL","shapeType":"ADM2"}},
{"type":"Feature","geometry":{"type":"Polygon","coordinates":[[[175.3906734827872,-37.43324988332195],[175.38940764918104,-37.44051691688529],[175.38381126606518,-37.4446165499742],[175.38725436598747,-37.454729249912695],[175.38172516587107,-37.45706693332291],[175.37323118389241,-37.46680136640726],[175.3815489498357,-37.47512105008843],[175.40440175006597,-37.55074221672927],[175.42859100051177,-37.63182371653213],[175.4569763168396,-37.72579958291452],[175.4711386671826,-37.73544744997734],[175.48768081691765,-37.73853276635227],[175.4945176001094,-37.74652669961057],[175.50156866726135,-37.74291420056165],[175.5122916000984,-37.73265130015804],[175.52750326749353,-37.76425155017757],[175.54404871706978,-37.76901488297783],[175.58054025035585,-37.77678049931352],[175.57336939991876,-37.79599369956662],[175.57871929956116,-37.80211006621457],[175.5835900163217,-37.796968216581476],[175.60338374966165,-37.79640399989703],[175.60178383355301,-37.80828853316987],[175.59451081681817,-37.8125649164391],[175.59548280047565,-37.82451266627848],[175.5993597161407,-37.83013466664495],[175.60717050008083,-37.82965409987587],[175.62013856694185,-37.834921283499064],[175.62532936670934,-37.845620816472355],[175.64080850044925,-37.85077799963211],[175.62872486622416,-37.866004316255875],[175.6323048995242,-37.878434083321594],[175.62640201720748,-37.881377900340546],[175.6317814503514,-37.88815453320056],[175.63336030002523,-37.89808186654312],[175.64731513359493,-37.89956398296125],[175.65784174973672,-37.910897932823765],[175.6576869000884,-37.91672228322564],[175.65033798270812,-37.946801849547306],[175.6586369670055,-37.9521397827944],[175.66973918355828,-37.9411237501368],[175.6790776339382,-37.94271706601768],[175.6860981340221,-37.93947515011571],[175.69193238414428,-37.941044383412674],[175.7072727335782,-37.90464011638656],[175.7140802166842,-37.90053346688611],[175.722233483078,-37.90157214991198],[175.73922231605482,-37.91651801652578],[175.7462074840022,-37.913960866531596],[175.75990333398764,-37.90441161652533],[175.77123140020424,-37.90499081661357],[175.77270781350003,-37.90120789202622],[175.79345170032576,-37.90162660015912],[175.80268336592727,-37.91878486658374],[175.82494728378242,-37.91840940000341],[175.8300634334562,-37.90885708296934],[175.83447361715503,-37.91973109960199],[175.84476246667853,-37.922633432919135],[175.84853678339425,-37.927107466475555],[175.85684468348975,-37.923852299961226],[175.8558451331701,-37.9098848165425],[175.8727020833873,-37.914820332969924],[175.8683375499126,-37.92153374977734],[175.88131586661433,-37.9211701164785],[175.8849498170613,-37.913606915988034],[175.90835345045372,-37.912939366572445],[175.9086196326438,-37.92063558286446],[175.92016691658569,-37.92346143315997],[175.95423776679007,-37.90190863290947],[175.96093161713586,-37.88939718293175],[175.95108573385136,-37.8802543494625],[175.9461668004841,-37.87844263324086],[175.93625078363897,-37.88136309948441],[175.93990766623924,-37.86801336641423],[175.93186003305954,-37.861603732647666],[175.92812740080808,-37.8471786326477],[175.93500571661957,-37.84263698329934],[175.90587381658335,-37.828551666945316],[175.92757971716466,-37.776156283331915],[175.89521266691335,-37.724222316124234],[175.896830750723,-37.71180803319888],[175.88990903307322,-37.70918908268047],[175.88974275020533,-37.701148132778094],[175.87949523315575,-37.69931153324206],[175.87455761718905,-37.692418266268334],[175.87086148410805,-37.67754664952707],[175.864813483128,-37.67216763304813],[175.86524489975346,-37.66811106625918],[175.8520600175732,-37.66204741621976],[175.84153858323174,-37.639078683810226],[175.83358671706492,-37.627487117319546],[175.8408192998062,-37.620577049574024],[175.84147919926488,-37.61330878291386],[175.83444001717112,-37.60007714951101],[175.82304446680644,-37.582641933423304],[175.82167326699715,-37.571569849452786],[175.8117176838209,-37.564267549565265],[175.76474495040603,-37.52321666680144],[175.75328683316062,-37.526606966364746],[175.75256930004437,-37.50293158261611],[175.75071803362934,-37.49352639978909],[175.75505939997677,-37.4866856494821],[175.75487691675397,-37.4630748661301],[175.71212625061054,-37.46246945008676],[175.70166950048082,-37.4585741999136],[175.69035798404107,-37.46310170013671],[175.68468228380647,-37.457091116778784],[175.67210295016375,-37.45089364990184],[175.64616445069353,-37.45473655017357],[175.63920926682786,-37.45298323271457],[175.6402871504808,-37.439641333159294],[175.62959628364806,-37.43333993320764],[175.63224666714515,-37.42532433314799],[175.63139148370345,-37.41876754964453],[175.5981054665651,-37.41901501614386],[175.58773693347825,-37.42405874951933],[175.5838896006417,-37.41915716620965],[175.52267481712082,-37.41962891632961],[175.51139169976162,-37.43025203271265],[175.46921859964428,-37.43612619980864],[175.43702891691578,-37.45009418281704],[175.437973716131,-37.44058280012645],[175.43094195014956,-37.44159618379014],[175.4088816827833,-37.43802746685444],[175.4114619340528,-37.42495741661669],[175.39589498351057,-37.43918381669267],[175.3906734827872,-37.43324988332195]]]},"properties":{"shapeName":"Matamata-Piako District","shapeID":"76426892B60758051011646","shapeGroup":"NZL","shapeType":"ADM2"}},
{"type":"Feature","geometry":{"type":"Polygon","coordinates":[[[175.21148606632883,-37.820951600005934],[175.21182776690333,-37.83239866607382],[175.22564025083204,-37.832234116007534],[175.22731791704587,-37.82461841675257],[175.2333689953043,-37.81929407639899],[175.2301367339999,-37.815632333217536],[175.24033164998065,-37.80657851714947],[175.24602603367333,-37.80422039964387],[175.26588526707073,-37.80896903311132],[175.26806941692251,-37.82195709989794],[175.27954658305777,-37.82396109950058],[175.28967586649125,-37.83178640015561],[175.29450490047518,-37.82840626681124],[175.3031442835027,-37.83874708331874],[175.30897128301328,-37.841963100083916],[175.31451361669676,-37.83608176639812],[175.32677860065496,-37.8273597000741],[175.33044129994775,-37.822991666505246],[175.32527525006137,-37.81723868313982],[175.33131206734473,-37.80976889955212],[175.3352953708526,-37.7958080930381],[175.3448696831479,-37.79287774944308],[175.33566428287216,-37.78332231609283],[175.33301616709159,-37.77447863343994],[175.32719106719924,-37.7667054329542],[175.31593635037618,-37.75942231600942],[175.30671796724596,-37.74513994974792],[175.29345031656024,-37.74826686624702],[175.28742441657232,-37.73280368273298],[175.28955216694908,-37.72169471640411],[175.27821173385544,-37.71954201660842],[175.2762774996438,-37.71376336683806],[175.26217466684665,-37.70970344971283],[175.2574744167028,-37.710524983586915],[175.25197666695055,-37.71727704997267],[175.23464220059594,-37.716497616756065],[175.2227103508147,-37.7190550995632],[175.21795191642428,-37.71166058316309],[175.21617655019833,-37.7030081004447],[175.2110503328447,-37.699329649450696],[175.20729973368412,-37.70861576662445],[175.2072328830637,-37.725249283359545],[175.20980511688634,-37.73282316656728],[175.2056419832239,-37.74057044991023],[175.19745108363455,-37.740921283341315],[175.1910398166578,-37.7458390834505],[175.2065656335345,-37.75722161671428],[175.2093843839055,-37.76265501618293],[175.2084517668102,-37.769889816204916],[175.21818845015065,-37.7671793999547],[175.21760941674114,-37.77416615035807],[175.2214362840979,-37.783039483243506],[175.22948583413694,-37.78716356679868],[175.2281341501716,-37.79671776635022],[175.23305093354747,-37.79730959933069],[175.22827760078403,-37.80704541673046],[175.21132720061993,-37.81440693329053],[175.21148606632883,-37.820951600005934]]]},"properties":{"shapeName":"Hamilton City","shapeID":"76426892B9049934298416","shapeGroup":"NZL","shapeType":"ADM2"}},
{"type":"Feature","geometry":{"type":"Polygon","coordinates":[[[175.32677860065496,-37.8273597000741],[175.31451361669676,-37.83608176639812],[175.30897128301328,-37.841963100083916],[175.3031442835027,-37.83874708331874],[175.29450490047518,-37.82840626681124],[175.28967586649125,-37.83178640015561],[175.27954658305777,-37.82396109950058],[175.26806941692251,-37.82195709989794],[175.26588526707073,-37.80896903311132],[175.24602603367333,-37.80422039964387],[175.24033164998065,-37.80657851714947],[175.2301367339999,-37.815632333217536],[175.2333689953043,-37.81929407639899],[175.22731791704587,-37.82461841675257],[175.22564025083204,-37.832234116007534],[175.21182776690333,-37.83239866607382],[175.21148606632883,-37.820951600005934],[175.17466286658677,-37.82169311633057],[175.1677611675323,-37.82478708270179],[175.17034621670797,-37.83210014944806],[175.143245984006,-37.840172066114455],[175.13766486701257,-37.83694496641703],[175.13771766677655,-37.826735982635434],[175.1346849329414,-37.817870916911936],[175.12156251629614,-37.82451598308523],[175.12298629999765,-37.83038788350188],[175.1056623834101,-37.83044088289517],[175.10575143345991,-37.845320783089264],[175.10136183337278,-37.844205882844356],[175.0929046164919,-37.85083766613088],[175.09570606737267,-37.861839799413076],[175.06470554995462,-37.86197031610213],[175.06195358287707,-37.88405544994635],[175.0665609831071,-37.898335899854686],[175.055901034027,-37.904821899910615],[175.09032310013464,-37.96097664987728],[175.10175226708895,-37.97831008286405],[175.12021761663482,-37.99437009993073],[175.10434418314384,-38.00397776675297],[175.13120981722275,-38.01362249985388],[175.1312200173056,-38.02723509948439],[175.1512854839903,-38.02716729992002],[175.15458055079475,-38.011154166796544],[175.1629172329525,-38.011949249931156],[175.16288581656684,-38.00161539964058],[175.19562848338413,-38.00727668343963],[175.2141170495187,-38.0063528997725],[175.21415631736167,-38.009856799500795],[175.20382656678927,-38.01671599949539],[175.20200093354532,-38.02264119976769],[175.205670299845,-38.03802516688733],[175.19829428413743,-38.04163948288097],[175.19617218321693,-38.05014224993478],[175.19199321670177,-38.052428782837126],[175.2083330168027,-38.06899836644847],[175.24500519943493,-38.08541231674684],[175.25397550007625,-38.087516816577754],[175.29382444981297,-38.088730500000416],[175.29976102834362,-38.086007616716856],[175.3190970672337,-38.08592991648725],[175.32254519970152,-38.08836809980536],[175.3316780999217,-38.0850571326564],[175.34343233325416,-38.083431717108],[175.3533060494734,-38.08673196602413],[175.36988926698487,-38.08141518298472],[175.38087380015216,-38.08366588297412],[175.38288386727933,-38.08658236653319],[175.39417098330946,-38.089113549533764],[175.4046263004822,-38.08871289944859],[175.41080226726015,-38.09479193269068],[175.42759390001947,-38.09798699935032],[175.44765686701945,-38.110433682716305],[175.4516036998915,-38.11139748270714],[175.45315760081021,-38.124242983464065],[175.47002341677407,-38.12901594972765],[175.4827129503343,-38.127153932747476],[175.4993402839769,-38.1317331662186],[175.50572580072262,-38.13574765016158],[175.50874226694594,-38.14534968336225],[175.5065680166614,-38.149519032988984],[175.51730951683163,-38.15848774982145],[175.5523694831375,-38.198684716141344],[175.57015473331828,-38.17169133310666],[175.64235326723326,-38.1492033832054],[175.6407596338551,-38.14291099976578],[175.63501083340805,-38.14100668279612],[175.6311616675055,-38.125562749649276],[175.6263009333783,-38.123970166684295],[175.62234236741017,-38.11419616616562],[175.62732990033274,-38.112376916570895],[175.63479723378518,-38.10032404966117],[175.6362451164951,-38.08079321657816],[175.64015670076205,-38.07319345010018],[175.6380599171856,-38.06329093333431],[175.6540374166454,-38.06019909994852],[175.6604575838103,-38.05213008297839],[175.65662386622122,-38.02971631633504],[175.65787923389402,-38.021629416825974],[175.65189443407547,-38.01683556654382],[175.65191326627968,-38.009054316059704],[175.65798053395363,-38.006804349839705],[175.65928733294035,-37.9876036500011],[175.65460731653215,-37.98293011633664],[175.658503317298,-37.97707781668427],[175.65634110059202,-37.96530304978589],[175.65951979995128,-37.960181366745765],[175.6586369670055,-37.9521397827944],[175.65033798270812,-37.946801849547306],[175.6576869000884,-37.91672228322564],[175.65784174973672,-37.910897932823765],[175.64731513359493,-37.89956398296125],[175.63336030002523,-37.89808186654312],[175.6317814503514,-37.88815453320056],[175.62640201720748,-37.881377900340546],[175.6323048995242,-37.878434083321594],[175.62872486622416,-37.866004316255875],[175.64080850044925,-37.85077799963211],[175.62532936670934,-37.845620816472355],[175.62013856694185,-37.834921283499064],[175.60717050008083,-37.82965409987587],[175.5993597161407,-37.83013466664495],[175.59548280047565,-37.82451266627848],[175.59451081681817,-37.8125649164391],[175.60178383355301,-37.80828853316987],[175.60338374966165,-37.79640399989703],[175.5835900163217,-37.796968216581476],[175.57871929956116,-37.80211006621457],[175.57336939991876,-37.79599369956662],[175.58054025035585,-37.77678049931352],[175.54404871706978,-37.76901488297783],[175.54374461642217,-37.782973799402555],[175.5411956169929,-37.78711493272947],[175.5164256008032,-37.79548810017123],[175.50711810042043,-37.79474298304134],[175.50465764945858,-37.80284141653438],[175.4922880172524,-37.81018049996322],[175.48235929989622,-37.8093209002675],[175.4877394665603,-37.8166520667903],[175.48088521666605,-37.82727988337003],[175.46926959987263,-37.82887301660923],[175.4603710834051,-37.82125609941879],[175.45373641745465,-37.82479973306602],[175.44638393259888,-37.82479260020995],[175.44637501731043,-37.83078349986062],[175.43378636749637,-37.83160551640285],[175.42070339991616,-37.837970016573564],[175.42467181732295,-37.84544403368092],[175.42428699601467,-37.87477391250045],[175.40931165019938,-37.87475613316479],[175.4031793841302,-37.88441741670221],[175.39709151644595,-37.882897333187664],[175.39445336737307,-37.87724874978363],[175.38165348308198,-37.87039978307759],[175.36322848399345,-37.87306096600987],[175.35646866717937,-37.87031054940957],[175.34739463337723,-37.85896595014795],[175.34983636667133,-37.84654681666001],[175.34710745026123,-37.83951383340742],[175.3354107171177,-37.835740332959006],[175.32677860065496,-37.8273597000741]]]},"properties":{"shapeName":"Waipa District","shapeID":"76426892B28277932455235","shapeGroup":"NZL","shapeType":"ADM2"}},
{"type":"Feature","geometry":{"type":"MultiPolygon","coordinates":[[[[174.87324971264303,-37.97800307781489],[174.86791992200006,-37.98833465599995],[174.8745880130001,-37.99750137299998],[174.86378479000007,-37.99580383299997],[174.8587799070001,-38],[174.85542297400002,-38.009998319999966],[174.84954834000007,-38.01499938999996],[174.84584045400004,-38.023750303999975],[174.83502285982436,-38.0179401631422],[174.82203668327466,-38.01836326684266],[174.823747726732,-38.00658348294765],[174.8125000000001,-38.01127624399993],[174.79788208000002,-38.02336120499996],[174.78625488300008,-38.03749847299997],[174.78457641600005,-38.05505371099997],[174.78210449200003,-38.06002807599998],[174.78044128400006,-38.07916641299994],[174.80949428323106,-38.0798611328064],[174.81694455028705,-38.070177616666996],[174.82763061754818,-38.0618822828017],[174.82988758332687,-38.05456429933207],[174.82849036698963,-38.04500341659311],[174.84121704200004,-38.050025938999966],[174.84421651754587,-38.05766606631968],[174.85330746661805,-38.05738241655603],[174.8585489002,-38.047448532843966],[174.8669579499118,-38.053656616758076],[174.8748758332575,-38.048537499965484],[174.88305301683513,-38.047963416421],[174.88418041680487,-38.05652101613695],[174.8899816335607,-38.0562244500609],[174.9016723630001,-38.06211089999994],[174.90586853000002,-38.067916869999976],[174.90045166000004,-38.072498321999944],[174.9101674499543,-38.07869318263726],[174.91093864997737,-38.084235066698156],[174.91792297300003,-38.091640472999984],[174.9111945675158,-38.09274229958451],[174.90252685500002,-38.09044265799997],[174.8848004311787,-38.09047490010509],[174.87246704100005,-38.096248626999966],[174.868744861728,-38.103131357261],[174.88054140007563,-38.11627559941966],[174.8642965181346,-38.12081053330421],[174.86194113449974,-38.107931766474394],[174.85542297400002,-38.10252761899994],[174.84813041826027,-38.10610185001284],[174.8399963380001,-38.103748320999955],[174.83155177829644,-38.108105968539576],[174.8321075440001,-38.11922073399995],[174.82502753890836,-38.12125752134729],[174.82937021753108,-38.127416433635815],[174.84022381848118,-38.11817711728742],[174.84538269000006,-38.124999998999954],[174.8570556640001,-38.13255691399996],[174.8576309001663,-38.14337408224247],[174.85354178408542,-38.15493371649269],[174.84784543309544,-38.160858215816106],[174.840310401312,-38.16308421802897],[174.83565730135626,-38.17521791720351],[174.83586736760873,-38.2074392830462],[174.8507270661706,-38.207446232081054],[174.84917385061985,-38.2032314160537],[174.86876925138432,-38.196570432173],[174.8823494831692,-38.189587567241695],[174.88442965129857,-38.19208009993075],[174.9187883831068,-38.19355150004017],[174.93345298381536,-38.19046764940548],[174.95275606694713,-38.19579479931878],[174.97078895068304,-38.19761584989785],[174.97551766688625,-38.1827321330231],[174.97410546664088,-38.17081269996406],[174.9777196339897,-38.163959866823056],[174.99469458392653,-38.16520675017972],[175.0185983673837,-38.16364399941829],[175.0203820833092,-38.167333866334964],[175.01226844945455,-38.17422204949658],[175.0439651840416,-38.17432898325636],[175.05182431690827,-38.176844599498104],[175.05180516665152,-38.194757132769375],[175.0566312174649,-38.20104341649614],[175.0743956502366,-38.20534538309122],[175.08393216597136,-38.205607233159114],[175.11192993350716,-38.2168320669513],[175.12748920032027,-38.220536966499616],[175.12672835086448,-38.22770443324699],[175.14112258285792,-38.2276570000315],[175.14954056647753,-38.222900116268164],[175.1630989337259,-38.22324788353566],[175.1794340994754,-38.21683093304552],[175.18464103287192,-38.22452218333903],[175.18736744997943,-38.24436321665727],[175.18147211712034,-38.24712063313265],[175.19450969988543,-38.25690733345842],[175.19558774924104,-38.25985176619759],[175.21871496739715,-38.26481509997751],[175.21124023333016,-38.27606804965001],[175.2127819667957,-38.28540454981409],[175.23075103306732,-38.28831991655189],[175.2201455663138,-38.30598051641617],[175.2193083840293,-38.30990820057038],[175.2346443328148,-38.3064919494068],[175.25783021653484,-38.31075606647437],[175.26648941655614,-38.3096052165934],[175.26461656643747,-38.3015079500777],[175.28853770065044,-38.30385004993515],[175.2939393169475,-38.309410199895176],[175.30417046665374,-38.30591844935064],[175.31920626610534,-38.30683986680931],[175.31817338339292,-38.3149177837352],[175.33519145008106,-38.34759731617711],[175.33336253289383,-38.36340879958891],[175.34911911651977,-38.35964886687966],[175.35429198338318,-38.37286218347416],[175.34429183325335,-38.37530126698545],[175.35802018331975,-38.39374480014834],[175.368828300841,-38.39857909977594],[175.37207496679443,-38.40249908297982],[175.38777606665568,-38.39845819988303],[175.3892680667991,-38.40232064957197],[175.41155966663752,-38.397037216906405],[175.4026358338888,-38.37381289952398],[175.42245981675552,-38.36906183320005],[175.4351973837201,-38.40236406614127],[175.4731549672666,-38.396453416610484],[175.47977013317006,-38.41381940060139],[175.49806933393592,-38.42907096633067],[175.52378121628013,-38.447832316498214],[175.52311721595493,-38.45014528276361],[175.54389904976694,-38.46794475008298],[175.53824498383244,-38.47032720007765],[175.56548914985657,-38.494531299525654],[175.6121851660495,-38.487611616186136],[175.60586425040302,-38.4615760666757],[175.61450851711356,-38.45078689968456],[175.61037366676342,-38.44550648346969],[175.61697035044136,-38.44125776650047],[175.62370455077357,-38.4306975505127],[175.63264916594127,-38.42685964990945],[175.64133858391276,-38.426293782907585],[175.64752689983914,-38.42210309934334],[175.64871863309327,-38.41461436657375],[175.6531512508584,-38.409367399593535],[175.66656433314915,-38.407945882854655],[175.6735792993465,-38.403830316785395],[175.67966128353697,-38.396665666885845],[175.68118946596286,-38.388207000164805],[175.6895956002196,-38.381707116193425],[175.69859383370556,-38.37926736636845],[175.69753355012833,-38.36936226684426],[175.68964510030875,-38.36200609995957],[175.6893937832853,-38.35226436699826],[175.69289388411192,-38.34739350012841],[175.68687726714683,-38.34181514981862],[175.68941023328443,-38.33521474993811],[175.66101113334048,-38.32128718281108],[175.6652272501952,-38.31074841615367],[175.6833370673077,-38.301233183274306],[175.68085971697312,-38.29311753313902],[175.68567863386227,-38.28680120049971],[175.6811772674119,-38.27572976654715],[175.67979295000427,-38.26006231722212],[175.68085615028193,-38.24994203277031],[175.67766839952603,-38.24171404973135],[175.67527895071444,-38.22354314981213],[175.67752421652082,-38.213162349665936],[175.6728583668818,-38.203938833376334],[175.67255675002713,-38.19233208280363],[175.6752424668494,-38.18512749962854],[175.67341560045963,-38.17773549973621],[175.65958590013238,-38.1621443331026],[175.6512486497355,-38.16220959999254],[175.64235326723326,-38.1492033832054],[175.57015473331828,-38.17169133310666],[175.5523694831375,-38.198684716141344],[175.51730951683163,-38.15848774982145],[175.5065680166614,-38.149519032988984],[175.50874226694594,-38.14534968336225],[175.50572580072262,-38.13574765016158],[175.4993402839769,-38.1317331662186],[175.4827129503343,-38.127153932747476],[175.47002341677407,-38.12901594972765],[175.45315760081021,-38.124242983464065],[175.4516036998915,-38.11139748270714],[175.44765686701945,-38.110433682716305],[175.42759390001947,-38.09798699935032],[175.41080226726015,-38.09479193269068],[175.4046263004822,-38.08871289944859],[175.39417098330946,-38.089113549533764],[175.38288386727933,-38.08658236653319],[175.38087380015216,-38.08366588297412],[175.36988926698487,-38.08141518298472],[175.3533060494734,-38.08673196602413],[175.34343233325416,-38.083431717108],[175.3316780999217,-38.0850571326564],[175.32254519970152,-38.08836809980536],[175.3190970672337,-38.08592991648725],[175.29976102834362,-38.086007616716856],[175.29382444981297,-38.088730500000416],[175.25397550007625,-38.087516816577754],[175.24500519943493,-38.08541231674684],[175.2083330168027,-38.06899836644847],[175.19199321670177,-38.052428782837126],[175.19617218321693,-38.05014224993478],[175.19829428413743,-38.04163948288097],[175.205670299845,-38.03802516688733],[175.20200093354532,-38.02264119976769],[175.20382656678927,-38.01671599949539],[175.21415631736167,-38.009856799500795],[175.2141170495187,-38.0063528997725],[175.19562848338413,-38.00727668343963],[175.16288581656684,-38.00161539964058],[175.1629172329525,-38.011949249931156],[175.15458055079475,-38.011154166796544],[175.1512854839903,-38.02716729992002],[175.1312200173056,-38.02723509948439],[175.13120981722275,-38.01362249985388],[175.10434418314384,-38.00397776675297],[175.12021761663482,-37.99437009993073],[175.10175226708895,-37.97831008286405],[175.09900363283953,-37.98379941635501],[175.04014434987653,-37.986793816020494],[175.04015871653317,-37.97825364981057],[175.01787195007802,-37.97543279978868],[175.01277881670754,-37.97905774960477],[175.00609728381812,-37.97588146612662],[174.9954209669358,-37.97848939986062],[174.9907876665033,-37.97243044996033],[174.97819406665062,-37.9760869661156],[174.97595051714634,-37.970735899476004],[174.95773514992518,-37.96264119942902],[174.9539184999504,-37.970529599735464],[174.9409910324862,-37.97507276676784],[174.93421784975857,-37.988158799936805],[174.9260361830469,-37.99029581689886],[174.91982238388283,-37.98418956620664],[174.90988479962104,-37.98437466629642],[174.89383063370263,-37.9761132328711],[174.87324971264303,-37.97800307781489]]],[[[174.89928056290907,-38.07627355385618],[174.8946345833179,-38.07589179993044],[174.88497924800004,-38.06958389299996],[174.88230840017894,-38.0782520667187],[174.89261776608575,-38.079167949688404],[174.89928056290907,-38.07627355385618]]]]},"properties":{"shapeName":"Åtorohanga District","shapeID":"76426892B74267582170982","shapeGroup":"NZL","shapeType":"ADM2"}},
{"type":"Feature","geometry":{"type":"Polygon","coordinates":[[[175.6586369670055,-37.9521397827944],[175.65951979995128,-37.960181366745765],[175.65634110059202,-37.96530304978589],[175.658503317298,-37.97707781668427],[175.65460731653215,-37.98293011633664],[175.65928733294035,-37.9876036500011],[175.65798053395363,-38.006804349839705],[175.65191326627968,-38.009054316059704],[175.65189443407547,-38.01683556654382],[175.65787923389402,-38.021629416825974],[175.65662386622122,-38.02971631633504],[175.6604575838103,-38.05213008297839],[175.6540374166454,-38.06019909994852],[175.6380599171856,-38.06329093333431],[175.64015670076205,-38.07319345010018],[175.6362451164951,-38.08079321657816],[175.63479723378518,-38.10032404966117],[175.62732990033274,-38.112376916570895],[175.62234236741017,-38.11419616616562],[175.6263009333783,-38.123970166684295],[175.6311616675055,-38.125562749649276],[175.63501083340805,-38.14100668279612],[175.6407596338551,-38.14291099976578],[175.64235326723326,-38.1492033832054],[175.6512486497355,-38.16220959999254],[175.65958590013238,-38.1621443331026],[175.67341560045963,-38.17773549973621],[175.6752424668494,-38.18512749962854],[175.67255675002713,-38.19233208280363],[175.6728583668818,-38.203938833376334],[175.67752421652082,-38.213162349665936],[175.67527895071444,-38.22354314981213],[175.67766839952603,-38.24171404973135],[175.68085615028193,-38.24994203277031],[175.67979295000427,-38.26006231722212],[175.6811772674119,-38.27572976654715],[175.68567863386227,-38.28680120049971],[175.68085971697312,-38.29311753313902],[175.6833370673077,-38.301233183274306],[175.6912952332556,-38.310346199304796],[175.71724133331563,-38.322064382617654],[175.72719733246132,-38.335203032886206],[175.7322742834397,-38.33738624995544],[175.73956806656034,-38.34956971645217],[175.74956143246243,-38.35306384963708],[175.76159818403423,-38.3537448993417],[175.77561400009017,-38.358289083098846],[175.78401040022658,-38.36635518348319],[175.7843902669186,-38.373249066535145],[175.78114918412552,-38.3798542659779],[175.76949121679493,-38.39281144930469],[175.77796228336928,-38.403896733078675],[175.78708520032208,-38.40652999985063],[175.80099860025072,-38.4151181833998],[175.8066983497627,-38.416186616982266],[175.81553055013396,-38.42515441608097],[175.82013133411803,-38.43567466633684],[175.832238083922,-38.439817682719784],[175.84463796751413,-38.438539816803676],[175.85570694933634,-38.43385596671626],[175.8620668008072,-38.42593736655135],[175.87989166669448,-38.42522755042566],[175.89620398406421,-38.429773433181374],[175.91532481672058,-38.421572150070205],[175.93172423317833,-38.41823273344214],[175.94044414981386,-38.42087823362613],[175.9581930503608,-38.42133771642834],[175.98463681592594,-38.411437549836464],[175.99207016733408,-38.41128508288093],[175.99236693328717,-38.406095399822256],[176.00225251697273,-38.40183816649269],[176.02286785040855,-38.38677761896504],[176.02786581597164,-38.38582673279154],[176.03125308312383,-38.37975449945837],[176.02363420045614,-38.36548491616695],[176.04261205024997,-38.35707583308191],[176.06301041695076,-38.339892749482715],[176.06325880461577,-38.33504741805001],[176.07418350430046,-38.326600105798555],[176.089199400058,-38.321518049537765],[176.09347409673168,-38.317476304505675],[176.10868934483352,-38.31348420264644],[176.11765154926476,-38.31419761643334],[176.1264995168469,-38.308789683249245],[176.13174948398583,-38.30230463389581],[176.13758905001762,-38.29003233340671],[176.12710111665805,-38.28212513337614],[176.11395809999146,-38.28036634983734],[176.10862998324023,-38.27577621610947],[176.1292748171215,-38.27316321681678],[176.1205172831886,-38.26791361674014],[176.15033483418685,-38.2181863994961],[176.1101085331215,-38.16686299999948],[176.090610617604,-38.166806666673246],[176.08874611666647,-38.164273899659115],[176.0583110001873,-38.16415961610008],[176.05829829986922,-38.166685049524446],[176.03071251687805,-38.166580649424525],[176.03074470015738,-38.13924254969893],[176.0201918163667,-38.142279583446886],[175.98445604984056,-38.14200233270696],[175.9817465670807,-38.13857803342354],[175.99908803392177,-38.131476366859246],[176.0050538673019,-38.12287019992785],[176.02087730024374,-38.09586691651669],[176.05677550013027,-38.03702438287055],[176.06225173404744,-38.026822932860135],[176.05758135078833,-38.021604516039325],[176.03492374999655,-38.00958631620785],[176.02295660081947,-37.998911866763336],[176.00824075054626,-37.99174073317421],[175.9833648659926,-37.98897354971964],[175.9714801830433,-37.986408032646],[175.97179451630194,-37.97115938327802],[175.9659441005787,-37.96573998296208],[175.95928416717004,-37.96750578259539],[175.9494264839545,-37.956743766267806],[175.94094583418857,-37.92942249979203],[175.94690101698066,-37.922747033333366],[175.97718783329054,-37.9136730327822],[175.95803905011357,-37.90575378277692],[175.95423776679007,-37.90190863290947],[175.92016691658569,-37.92346143315997],[175.9086196326438,-37.92063558286446],[175.90835345045372,-37.912939366572445],[175.8849498170613,-37.913606915988034],[175.88131586661433,-37.9211701164785],[175.8683375499126,-37.92153374977734],[175.8727020833873,-37.914820332969924],[175.8558451331701,-37.9098848165425],[175.85684468348975,-37.923852299961226],[175.84853678339425,-37.927107466475555],[175.84476246667853,-37.922633432919135],[175.83447361715503,-37.91973109960199],[175.8300634334562,-37.90885708296934],[175.82494728378242,-37.91840940000341],[175.80268336592727,-37.91878486658374],[175.79345170032576,-37.90162660015912],[175.77270781350003,-37.90120789202622],[175.77123140020424,-37.90499081661357],[175.75990333398764,-37.90441161652533],[175.7462074840022,-37.913960866531596],[175.73922231605482,-37.91651801652578],[175.722233483078,-37.90157214991198],[175.7140802166842,-37.90053346688611],[175.7072727335782,-37.90464011638656],[175.69193238414428,-37.941044383412674],[175.6860981340221,-37.93947515011571],[175.6790776339382,-37.94271706601768],[175.66973918355828,-37.9411237501368],[175.6586369670055,-37.9521397827944]]]},"properties":{"shapeName":"South Waikato District","shapeID":"76426892B10420121574176","shapeGroup":"NZL","shapeType":"ADM2"}},
{"type":"Feature","geometry":{"type":"Polygon","coordinates":[[[174.85354178408542,-38.15493371649269],[174.8512713671437,-38.15151198305558],[174.85474940058026,-38.14134039991811],[174.8504959673208,-38.140492266730156],[174.8491973880001,-38.13211059599996],[174.83607452594194,-38.1347103302077],[174.83619689900002,-38.147499083999946],[174.8289313669802,-38.15772428340323],[174.82831610494608,-38.14292812937168],[174.81740101709644,-38.149635949727944],[174.81809266673923,-38.141350966750956],[174.80832578309017,-38.141282566450506],[174.80994758316845,-38.13471358298188],[174.80038452200006,-38.12836074899997],[174.7983093260001,-38.13541793699994],[174.7908325190001,-38.13291549599995],[174.77839143305448,-38.134305883173184],[174.7745167169199,-38.12521066653607],[174.77805960020413,-38.11901378331542],[174.76288824987023,-38.11882531644958],[174.75669860800008,-38.11294555699993],[174.7416687010001,-38.120418548999965],[174.73669433600003,-38.12463760399993],[174.71330261200012,-38.12211227299997],[174.69077464957115,-38.11762425022377],[174.68539428700012,-38.12333297599997],[174.69458007800006,-38.14086150999998],[174.70208740200007,-38.158332824999945],[174.70372009300002,-38.16585922199994],[174.7162017820001,-38.20336150999998],[174.71542358400006,-38.21250152499994],[174.71789550800008,-38.225887298999965],[174.7112426760001,-38.229194639999946],[174.71536254900002,-38.250831603999984],[174.71419113098725,-38.26478513070828],[174.71704426689305,-38.2728669997806],[174.7163085940001,-38.28833389299996],[174.7132858527436,-38.293538588230156],[174.71455383300008,-38.313362119999965],[174.71041870200008,-38.323360442999956],[174.70086669900002,-38.32624816899994],[174.6953887940001,-38.33169555699993],[174.6816406250001,-38.352943420999964],[174.6758270260001,-38.355388639999944],[174.66473415053667,-38.36660471607989],[174.66044616700003,-38.37997055099993],[174.65496826100002,-38.38622283799998],[174.63832946856704,-38.386229611810414],[174.63621521000005,-38.388362884999935],[174.6379241940001,-38.404193876999955],[174.63708496100003,-38.41166686899993],[174.64046483414833,-38.41732798263199],[174.64248723262995,-38.42824785003571],[174.64147520720638,-38.449195049956984],[174.64490286661646,-38.453292066334306],[174.64544677700007,-38.46586227299997],[174.6428833000001,-38.47416686899993],[174.6374718003982,-38.480150099400184],[174.6387176510001,-38.492500305999954],[174.63204956100003,-38.50500106699997],[174.63452148400006,-38.52502822799994],[174.6379241940001,-38.53499984599995],[174.63455200200008,-38.54836273099994],[174.63294982900004,-38.562526702999946],[174.63294982900004,-38.58666610599994],[174.6304473880001,-38.60583496099997],[174.6253814700001,-38.61666488499998],[174.62371826200012,-38.63666534499998],[174.62061692370293,-38.650435828800745],[174.61795043900008,-38.67916488499998],[174.61788940400004,-38.69580459599996],[174.61383144868495,-38.70992536978892],[174.61691833341527,-38.72286819943735],[174.6400669173406,-38.72092481675951],[174.6471749504256,-38.72218313325971],[174.64769423329855,-38.728745266497896],[174.6551911832824,-38.73328259989213],[174.66712821623224,-38.72886739992986],[174.68745773385749,-38.72784433281722],[174.69403631673686,-38.733672182774576],[174.70216616623125,-38.73067198283941],[174.72577301666485,-38.735302883180644],[174.73704376659646,-38.73409084940757],[174.74810211709104,-38.74407854980473],[174.75611388338035,-38.74495781624942],[174.76296650006594,-38.73942803323988],[174.77156291672244,-38.73614180019491],[174.77800321744735,-38.73745110003008],[174.79196021727688,-38.73177663300228],[174.80706068343187,-38.73589831611431],[174.8168676334472,-38.74539091673562],[174.82489153339148,-38.74928654947462],[174.8282234830918,-38.76102386679462],[174.8396028001697,-38.76493638330224],[174.84718835044293,-38.771294916339436],[174.8628963673927,-38.77458406666221],[174.86612538385296,-38.766822466516366],[174.88918723409571,-38.76105493286453],[174.8951576826717,-38.755290716861985],[174.90229403318446,-38.75389660050553],[174.9275289504365,-38.75631763330882],[174.93784503360885,-38.75015856665323],[174.9379661498739,-38.74135571618022],[174.93399643365586,-38.73945876635367],[174.93480763345423,-38.73055523267724],[174.9439210331112,-38.722819150022175],[174.9453736339858,-38.71777394949023],[174.9541329005481,-38.7151249493992],[174.95328210082053,-38.701359416215624],[174.96433898347107,-38.696819066541146],[174.95767630001805,-38.68623988306997],[174.95957280017853,-38.6783406333748],[174.9543908670848,-38.66750353265482],[174.9608734506227,-38.66357943270619],[174.96743685056617,-38.667583832916804],[174.98112723309094,-38.661880099699026],[174.98646069949473,-38.665477249973215],[174.9974867500473,-38.66497028272426],[175.0120325341365,-38.66047875007649],[175.02761708318042,-38.65879066635235],[175.03976686666383,-38.65498445019134],[175.05799623401154,-38.64428676683858],[175.0573691840716,-38.6404810664558],[175.06891878247288,-38.63813428278932],[175.06916294970625,-38.631118866946935],[175.07443733333884,-38.62970139978364],[175.08752468339196,-38.635822699609726],[175.0983699671549,-38.63382146626992],[175.1092266841297,-38.62452036664781],[175.11644888268057,-38.621913049850676],[175.11954346747692,-38.62638881638535],[175.13570311736748,-38.62625293339619],[175.13889501646216,-38.63160428327733],[175.15460308316804,-38.628818166247875],[175.17327504960014,-38.627365283240934],[175.18435616674444,-38.63096276681436],[175.1959967328413,-38.63008816648194],[175.20224565042085,-38.637373633470155],[175.21323118361897,-38.63939903314536],[175.2343329336537,-38.63219451605193],[175.24849258355835,-38.615373366791665],[175.26547411601652,-38.61354546644263],[175.2851280173485,-38.58799328268073],[175.30017291699468,-38.600572866123635],[175.30637991677034,-38.59535645015595],[175.30087308365887,-38.58874494989255],[175.30299404954522,-38.57146328362418],[175.3177600165919,-38.55604226700795],[175.3263918337354,-38.55429798322745],[175.3346752340576,-38.55931620018381],[175.33175391717512,-38.57027161683031],[175.33553223385485,-38.58151894936882],[175.3777947508243,-38.572660450047735],[175.38196923340826,-38.55773229934336],[175.39231765034611,-38.560179882726764],[175.4000544994545,-38.559379966476484],[175.40097385053494,-38.55107041651851],[175.42075188314004,-38.55080531676764],[175.42203166610662,-38.55628450017175],[175.44611496595707,-38.564530782985],[175.45113646660528,-38.56286836633147],[175.47244238315716,-38.563474783124185],[175.50053536674793,-38.559093883429604],[175.51425331667855,-38.582824582851806],[175.52076876642016,-38.582958816736834],[175.5261169502377,-38.59142914943073],[175.53652851695583,-38.597161249924106],[175.5457250668289,-38.597061632848614],[175.55015228296395,-38.59332446603633],[175.55967976748423,-38.595269216913636],[175.5866218837965,-38.59001229933372],[175.60587344979547,-38.58482293346329],[175.61943001659654,-38.57111366650793],[175.62666361645466,-38.56973686688568],[175.63084464988577,-38.56156694983214],[175.62878136665128,-38.55116748281464],[175.6121851660495,-38.487611616186136],[175.56548914985657,-38.494531299525654],[175.53824498383244,-38.47032720007765],[175.54389904976694,-38.46794475008298],[175.52311721595493,-38.45014528276361],[175.52378121628013,-38.447832316498214],[175.49806933393592,-38.42907096633067],[175.47977013317006,-38.41381940060139],[175.4731549672666,-38.396453416610484],[175.4351973837201,-38.40236406614127],[175.42245981675552,-38.36906183320005],[175.4026358338888,-38.37381289952398],[175.41155966663752,-38.397037216906405],[175.3892680667991,-38.40232064957197],[175.38777606665568,-38.39845819988303],[175.37207496679443,-38.40249908297982],[175.368828300841,-38.39857909977594],[175.35802018331975,-38.39374480014834],[175.34429183325335,-38.37530126698545],[175.35429198338318,-38.37286218347416],[175.34911911651977,-38.35964886687966],[175.33336253289383,-38.36340879958891],[175.33519145008106,-38.34759731617711],[175.31817338339292,-38.3149177837352],[175.31920626610534,-38.30683986680931],[175.30417046665374,-38.30591844935064],[175.2939393169475,-38.309410199895176],[175.28853770065044,-38.30385004993515],[175.26461656643747,-38.3015079500777],[175.26648941655614,-38.3096052165934],[175.25783021653484,-38.31075606647437],[175.2346443328148,-38.3064919494068],[175.2193083840293,-38.30990820057038],[175.2201455663138,-38.30598051641617],[175.23075103306732,-38.28831991655189],[175.2127819667957,-38.28540454981409],[175.21124023333016,-38.27606804965001],[175.21871496739715,-38.26481509997751],[175.19558774924104,-38.25985176619759],[175.19450969988543,-38.25690733345842],[175.18147211712034,-38.24712063313265],[175.18736744997943,-38.24436321665727],[175.18464103287192,-38.22452218333903],[175.1794340994754,-38.21683093304552],[175.1630989337259,-38.22324788353566],[175.14954056647753,-38.222900116268164],[175.14112258285792,-38.2276570000315],[175.12672835086448,-38.22770443324699],[175.12748920032027,-38.220536966499616],[175.11192993350716,-38.2168320669513],[175.08393216597136,-38.205607233159114],[175.0743956502366,-38.20534538309122],[175.0566312174649,-38.20104341649614],[175.05180516665152,-38.194757132769375],[175.05182431690827,-38.176844599498104],[175.0439651840416,-38.17432898325636],[175.01226844945455,-38.17422204949658],[175.0203820833092,-38.167333866334964],[175.0185983673837,-38.16364399941829],[174.99469458392653,-38.16520675017972],[174.9777196339897,-38.163959866823056],[174.97410546664088,-38.17081269996406],[174.97551766688625,-38.1827321330231],[174.97078895068304,-38.19761584989785],[174.95275606694713,-38.19579479931878],[174.93345298381536,-38.19046764940548],[174.9187883831068,-38.19355150004017],[174.88442965129857,-38.19208009993075],[174.8823494831692,-38.189587567241695],[174.86876925138432,-38.196570432173],[174.84917385061985,-38.2032314160537],[174.8507270661706,-38.207446232081054],[174.83586736760873,-38.2074392830462],[174.83565730135626,-38.17521791720351],[174.840310401312,-38.16308421802897],[174.84784543309544,-38.160858215816106],[174.85354178408542,-38.15493371649269]]]},"properties":{"shapeName":"Waitomo District","shapeID":"76426892B29950050378985","shapeGroup":"NZL","shapeType":"ADM2"}},
{"type":"Feature","geometry":{"type":"Polygon","coordinates":[[[175.6121851660495,-38.487611616186136],[175.62878136665128,-38.55116748281464],[175.63693630032145,-38.55246416602323],[175.63680418337788,-38.56448536646015],[175.6337455007795,-38.56609144955402],[175.6324589993843,-38.591775067197524],[175.62853211706965,-38.600707282675664],[175.62307350051188,-38.60525331684867],[175.61465791678782,-38.61814036614163],[175.6003418664279,-38.63412466624084],[175.59232838272854,-38.6374208994759],[175.57592901740986,-38.64985193317454],[175.57928611695274,-38.6526526001408],[175.57870996626804,-38.665471516738485],[175.57536449974015,-38.67243148310378],[175.58073856652302,-38.67757914955365],[175.57312161688472,-38.69039039998781],[175.56495871670745,-38.69541901650462],[175.56310551646013,-38.70116908319382],[175.55241923312522,-38.71620398345481],[175.5485133839388,-38.71866236679286],[175.53446788315074,-38.734732366900545],[175.52338653304557,-38.75009196683497],[175.51845315008867,-38.75110693287649],[175.520478900627,-38.75931728321929],[175.52693406731956,-38.763397266752726],[175.53058753332962,-38.77493554932593],[175.5354015333498,-38.77654498292236],[175.53958943354945,-38.784214850242066],[175.5416529003982,-38.79511026614752],[175.55343000025616,-38.789348217258315],[175.56365306660422,-38.80373053283917],[175.5746201497339,-38.81630024970409],[175.57701616649774,-38.83090335007487],[175.56150768314933,-38.83861491614847],[175.56039081659483,-38.843408149616224],[175.54643818389692,-38.85987309963217],[175.5447102833558,-38.86453755005871],[175.54936370028977,-38.87297673327723],[175.56067791686644,-38.88420494987226],[175.56070893373942,-38.89080101725713],[175.5799698335426,-38.91068424965165],[175.57611611668696,-38.91846541676839],[175.565528250315,-38.93087903283825],[175.56491976689577,-38.938490333248616],[175.55388358345306,-38.95571588272755],[175.55930456686562,-38.97067593348767],[175.56509098353067,-38.97246078332204],[175.56263365026192,-38.98682969984802],[175.60628141738903,-38.98182270014599],[175.62688620002552,-38.974005983054],[175.64123316663307,-38.980285583462845],[175.68201241733806,-38.9797105002169],[175.67248641644417,-38.99085306675422],[175.64805250036736,-39.014413382757766],[175.6476219174837,-39.02858431626621],[175.6357694832205,-39.04531504983609],[175.61820768381452,-39.048447566466876],[175.614954449781,-39.05508845015648],[175.6245004163027,-39.059874382846964],[175.61715328274275,-39.07492353377917],[175.61797213281315,-39.08124916684391],[175.6374398335776,-39.090122033110575],[175.64279111643052,-39.104306349639785],[175.6372035998007,-39.12913531644388],[175.63465636617488,-39.158362883272886],[175.55785421647246,-39.27599834948176],[175.66921176657516,-39.29693414941366],[175.70480563302243,-39.2883191495613],[175.74086758344623,-39.29741856705469],[175.74099906749223,-39.292640783128434],[175.75184606730627,-39.28787669934864],[175.76533356682333,-39.29144176672024],[175.76963255013936,-39.29499776607988],[175.78009523374726,-39.293384982853496],[175.7908899508263,-39.29975866649615],[175.8125688005198,-39.30032621647553],[175.82862463361906,-39.289007216310644],[175.83595139997652,-39.27676006677826],[175.84256004945058,-39.27071950014734],[175.86360928418324,-39.26612556627691],[175.86898631667646,-39.259100166734626],[175.85673516716568,-39.25211513268677],[175.8549944168972,-39.24716269955429],[175.8785519665938,-39.23502789971981],[175.89266576733468,-39.22364479943761],[175.8935238173075,-39.21613248308399],[175.88597071645873,-39.20589518347864],[175.89838115016,-39.20409976600557],[175.90232578353582,-39.20029806630138],[175.91601449928817,-39.198126783245904],[175.91937101691425,-39.19044804970355],[175.93310121678505,-39.18772704999674],[175.95588896649025,-39.186422382993506],[175.96436554995995,-39.1798030167947],[175.96744946680542,-39.16950408274069],[175.96411858329296,-39.159446017290506],[175.97161503345004,-39.1576991167318],[175.97596313406223,-39.150023216461186],[176.0440647167551,-39.156916616570136],[176.07752038409126,-39.15595091643167],[176.08095791696772,-39.15724680007525],[176.09683258418687,-39.154396967116085],[176.10162306623312,-39.151713349643046],[176.11159770062233,-39.15206143301707],[176.11624549989466,-39.14707453258776],[176.13443693404085,-39.14296144963517],[176.13561078340763,-39.1398946498363],[176.14729573306042,-39.134543833342306],[176.15469991715108,-39.1382650498567],[176.16171823266524,-39.13639066653715],[176.1761238668226,-39.14390086654113],[176.18466476604385,-39.13364421682987],[176.18258050008387,-39.12944048259693],[176.19739525046225,-39.12148783311408],[176.2079996670816,-39.11880900012207],[176.2317483670104,-39.10452191637994],[176.23322519997845,-39.09787466643699],[176.34035514975488,-39.17311544967133],[176.39401641699848,-39.161994600440686],[176.38601148391493,-39.14591376599241],[176.38685415043852,-39.1365799666605],[176.37652681681413,-39.13464571609411],[176.37255433389626,-39.13077913257934],[176.41680090026492,-39.116298699717966],[176.4434207498437,-39.12076665002051],[176.43784188325662,-39.1056223996999],[176.42017720039146,-39.06193878316337],[176.44922646739718,-39.00161889969321],[176.5470077666319,-39.00182245008569],[176.54103390034572,-38.997751132587055],[176.61035594997028,-38.998263899437035],[176.6128902336644,-38.98953676649078],[176.60517986658635,-38.984806866130285],[176.60585818406358,-38.98022789985118],[176.6008294509375,-38.973999649176044],[176.60189383382385,-38.96406571609511],[176.596668233362,-38.955216732695376],[176.59846518325907,-38.933293182515044],[176.69771335049404,-38.855955599434076],[176.648157266842,-38.783032583232846],[176.63718510003582,-38.76332909937748],[176.6241841833089,-38.75429389982045],[176.6174556661679,-38.70134643333674],[176.64594746687214,-38.60592681626827],[176.61780270017275,-38.59469571675382],[176.61120341708724,-38.607693349454514],[176.60562445024615,-38.608689449345725],[176.5520520171171,-38.580812583132875],[176.55131711641138,-38.57678361619585],[176.54070818327298,-38.56020343295714],[176.53904316738024,-38.553716816129025],[176.52953799988012,-38.5442918660124],[176.53336581694546,-38.535149982902354],[176.50282975010617,-38.526464616319046],[176.50218063293244,-38.510757216397366],[176.47627901701154,-38.51008543285975],[176.4747452840234,-38.51749586640155],[176.47731326758375,-38.52662439995473],[176.47642118414885,-38.53326763319051],[176.4684583670654,-38.530871883162526],[176.45979198350756,-38.53148346638112],[176.4554793337559,-38.52779740007224],[176.38679383370945,-38.50647161634434],[176.35896513284987,-38.56868753316191],[176.30217835003364,-38.5530361163982],[176.30386449974222,-38.54648270001601],[176.29839281621048,-38.53853289936067],[176.3113443009259,-38.527104316337415],[176.31099860035266,-38.52284333302205],[176.31760263353436,-38.514567483021345],[176.31848360053763,-38.50761253342486],[176.31348690067162,-38.49755726640813],[176.30261348447294,-38.48578789375012],[176.28380538286356,-38.48665076649686],[176.2759259839553,-38.489842949261785],[176.26390248267634,-38.5053717994661],[176.24738748333615,-38.50805601648082],[176.23113830003908,-38.51892111638436],[176.21086255029755,-38.52007999977484],[176.20289273506052,-38.52468638818446],[176.19139826102202,-38.51712030377763],[176.177864847643,-38.51818150663813],[176.17030921698048,-38.50209086666988],[176.1722903158919,-38.498060049610395],[176.1601224499532,-38.491392216044744],[176.147909250576,-38.48723376621759],[176.14509794999097,-38.47605476653881],[176.14651698330198,-38.463699416597436],[176.14277953395586,-38.46166304988269],[176.14244624924115,-38.45187871726155],[176.1376829509015,-38.44179343290419],[176.1387063333812,-38.4381650498409],[176.13185681695995,-38.43246471651821],[176.12610796604721,-38.42063298266207],[176.11858898399583,-38.413187049604204],[176.09654284984504,-38.412281483178354],[176.08896228382832,-38.40708628340678],[176.07400755069256,-38.4079302834494],[176.06870428256184,-38.40528721623156],[176.06353488329367,-38.39636183311732],[176.05311056673273,-38.38963371659711],[176.04269913376777,-38.38521036638198],[176.02786581597164,-38.38582673279154],[176.02286785040855,-38.38677761896504],[176.00225251697273,-38.40183816649269],[175.99236693328717,-38.406095399822256],[175.99207016733408,-38.41128508288093],[175.98463681592594,-38.411437549836464],[175.9581930503608,-38.42133771642834],[175.94044414981386,-38.42087823362613],[175.93172423317833,-38.41823273344214],[175.91532481672058,-38.421572150070205],[175.89620398406421,-38.429773433181374],[175.87989166669448,-38.42522755042566],[175.8620668008072,-38.42593736655135],[175.85570694933634,-38.43385596671626],[175.84463796751413,-38.438539816803676],[175.832238083922,-38.439817682719784],[175.82013133411803,-38.43567466633684],[175.81553055013396,-38.42515441608097],[175.8066983497627,-38.416186616982266],[175.80099860025072,-38.4151181833998],[175.78708520032208,-38.40652999985063],[175.77796228336928,-38.403896733078675],[175.76949121679493,-38.39281144930469],[175.78114918412552,-38.3798542659779],[175.7843902669186,-38.373249066535145],[175.78401040022658,-38.36635518348319],[175.77561400009017,-38.358289083098846],[175.76159818403423,-38.3537448993417],[175.74956143246243,-38.35306384963708],[175.73956806656034,-38.34956971645217],[175.7322742834397,-38.33738624995544],[175.72719733246132,-38.335203032886206],[175.71724133331563,-38.322064382617654],[175.6912952332556,-38.310346199304796],[175.6833370673077,-38.301233183274306],[175.6652272501952,-38.31074841615367],[175.66101113334048,-38.32128718281108],[175.68941023328443,-38.33521474993811],[175.68687726714683,-38.34181514981862],[175.69289388411192,-38.34739350012841],[175.6893937832853,-38.35226436699826],[175.68964510030875,-38.36200609995957],[175.69753355012833,-38.36936226684426],[175.69859383370556,-38.37926736636845],[175.6895956002196,-38.381707116193425],[175.68118946596286,-38.388207000164805],[175.67966128353697,-38.396665666885845],[175.6735792993465,-38.403830316785395],[175.66656433314915,-38.407945882854655],[175.6531512508584,-38.409367399593535],[175.64871863309327,-38.41461436657375],[175.64752689983914,-38.42210309934334],[175.64133858391276,-38.426293782907585],[175.63264916594127,-38.42685964990945],[175.62370455077357,-38.4306975505127],[175.61697035044136,-38.44125776650047],[175.61037366676342,-38.44550648346969],[175.61450851711356,-38.45078689968456],[175.60586425040302,-38.4615760666757],[175.6121851660495,-38.487611616186136]]]},"properties":{"shapeName":"Taupo District","shapeID":"76426892B49452595685205","shapeGroup":"NZL","shapeType":"ADM2"}},
{"type":"Feature","geometry":{"type":"MultiPolygon","coordinates":[[[[176.0225613735488,-37.49798230347342],[176.01369339638555,-37.486183642375444],[176.00676783150988,-37.479813460247684],[175.98509724400003,-37.47425740399996],[175.98310105612217,-37.48486918573869],[175.9839474644617,-37.49625811059373],[175.99451065024962,-37.50410726666934],[176.00662951691686,-37.51864339980989],[176.00910949700005,-37.51874923699995],[176.01952724970295,-37.536741816612285],[176.02792130018867,-37.54393595826067],[176.039169312,-37.54797363299997],[176.04875183100012,-37.557472228999984],[176.0541687010001,-37.565418242999954],[176.0621835105925,-37.569412738158064],[176.07455444300012,-37.58000183099995],[176.06919860800008,-37.58375167799994],[176.05708149974504,-37.57268814953735],[176.04927980042785,-37.57289368274803],[176.0381354138237,-37.56802659651446],[176.02961731000005,-37.57416534399994],[176.02958679200003,-37.58835983299997],[176.0448708933883,-37.60478703697513],[176.05166626000005,-37.603748321999944],[176.06330871600005,-37.606250762999935],[176.07044982900004,-37.61666488599997],[176.0766536836323,-37.62157553272338],[176.08751366759563,-37.61159464989294],[176.07843356696526,-37.602709166768804],[176.0874786380001,-37.594581603999984],[176.09910308301187,-37.60031728317684],[176.109146118,-37.61125183099995],[176.12554000031744,-37.61708808303281],[176.12991333000002,-37.62874984699994],[176.13914489700005,-37.63458251999998],[176.14910888700012,-37.64374923699995],[176.15931728321783,-37.63683754934654],[176.15190255427,-37.62669620664929],[176.1358617984331,-37.613017931094404],[176.11479948380435,-37.59787251669582],[176.0964486334032,-37.58195271668124],[176.05560186716653,-37.539071132953744],[176.04123274971576,-37.52250989970909],[176.0225613735488,-37.49798230347342]]],[[[175.8117176838209,-37.564267549565265],[175.82167326699715,-37.571569849452786],[175.82304446680644,-37.582641933423304],[175.83444001717112,-37.60007714951101],[175.84147919926488,-37.61330878291386],[175.8408192998062,-37.620577049574024],[175.83358671706492,-37.627487117319546],[175.84153858323174,-37.639078683810226],[175.8520600175732,-37.66204741621976],[175.86524489975346,-37.66811106625918],[175.864813483128,-37.67216763304813],[175.87086148410805,-37.67754664952707],[175.87455761718905,-37.692418266268334],[175.87949523315575,-37.69931153324206],[175.88974275020533,-37.701148132778094],[175.88990903307322,-37.70918908268047],[175.896830750723,-37.71180803319888],[175.89521266691335,-37.724222316124234],[175.92757971716466,-37.776156283331915],[175.90587381658335,-37.828551666945316],[175.93500571661957,-37.84263698329934],[175.92812740080808,-37.8471786326477],[175.93186003305954,-37.861603732647666],[175.93990766623924,-37.86801336641423],[175.93625078363897,-37.88136309948441],[175.9461668004841,-37.87844263324086],[175.95108573385136,-37.8802543494625],[175.96093161713586,-37.88939718293175],[175.95423776679007,-37.90190863290947],[175.95803905011357,-37.90575378277692],[175.97718783329054,-37.9136730327822],[175.94690101698066,-37.922747033333366],[175.94094583418857,-37.92942249979203],[175.9494264839545,-37.956743766267806],[175.95928416717004,-37.96750578259539],[175.9659441005787,-37.96573998296208],[175.97179451630194,-37.97115938327802],[175.9714801830433,-37.986408032646],[175.9833648659926,-37.98897354971964],[176.00824075054626,-37.99174073317421],[176.02295660081947,-37.998911866763336],[176.03492374999655,-38.00958631620785],[176.05758135078833,-38.021604516039325],[176.06225173404744,-38.026822932860135],[176.09830993345705,-37.9618698994911],[176.11684636656196,-37.96918584993124],[176.130045667393,-37.9611343334388],[176.14887673332885,-37.959069800099606],[176.1544366001037,-37.96169105015625],[176.17411788330003,-37.958572599472554],[176.18552128383402,-37.96021354970096],[176.2018328831392,-37.95997304972741],[176.22419505032875,-37.95426191624743],[176.23559005045124,-37.959552216151984],[176.2537047165907,-37.95549165010904],[176.26855758362416,-37.94534696613001],[176.28630173328776,-37.93704746651441],[176.35103153401,-37.93717341604828],[176.3515251170218,-37.94016090003961],[176.36954725001056,-37.947033499323226],[176.38429901651986,-37.94915368279293],[176.38407460056274,-37.95493856593094],[176.42820588406232,-37.956198850231715],[176.4403280833804,-37.95781451605934],[176.46934345005306,-37.96692133268165],[176.47237806753824,-37.958815415998814],[176.50004678316333,-37.958815933331834],[176.4980614171569,-37.96251964958397],[176.50350020034278,-37.98808810001198],[176.51062993383283,-37.99505161667061],[176.52493795066502,-37.990578166503354],[176.536180150217,-37.992104966533816],[176.54186445035054,-37.99901901667856],[176.55324688377468,-38.00226899939465],[176.55310535038333,-38.009190849678035],[176.5976542174791,-38.009147632853264],[176.60294503322004,-38.011347065966966],[176.6024620160911,-37.88195141677398],[176.60255570072047,-37.82978584991528],[176.58475390056114,-37.82081524926481],[176.5437304495486,-37.798044182767356],[176.5150398004392,-37.7812757994072],[176.49837981716112,-37.77062894993928],[176.49450691635442,-37.778831799938466],[176.48500061000004,-37.77458190999994],[176.47669573354975,-37.77615873307493],[176.46905696695435,-37.769649366339806],[176.47760045090277,-37.754141049953674],[176.47033285041988,-37.7451041826011],[176.4591369630001,-37.75880432099996],[176.44583129900002,-37.76541519199998],[176.44166565000012,-37.76374816899994],[176.42832946700003,-37.76461029099994],[176.42333984300012,-37.75794601499996],[176.41291809000006,-37.75502777099996],[176.41489759991762,-37.747527399632894],[176.41325924936015,-37.75110191597974],[176.39585428389603,-37.75149624944678],[176.37537476669084,-37.745552683398365],[176.36966959987308,-37.74712071606811],[176.36038259989698,-37.74456708307152],[176.35389908323452,-37.73766809987148],[176.3285893331108,-37.72713336607987],[176.31340840004086,-37.723345699585614],[176.30725713351492,-37.71971879931956],[176.30727841623735,-37.71436439985994],[176.29283204997418,-37.71433083344062],[176.28430221711997,-37.723925383100465],[176.27596380045352,-37.72396504968067],[176.2654520169461,-37.71693311607229],[176.24983201652097,-37.72083129934775],[176.23717194979412,-37.71626061606616],[176.2229542836388,-37.71955713326353],[176.21722640004873,-37.71904048257177],[176.20959976705038,-37.726086832592415],[176.20475621639872,-37.744045983383145],[176.194524367163,-37.74344078184295],[176.19002168325434,-37.7497974825723],[176.1815396337629,-37.7487061672107],[176.17006766715386,-37.75821796636366],[176.15880083261928,-37.76008976654216],[176.154094367031,-37.75279329980835],[176.1453190665431,-37.75081314961241],[176.1432585666222,-37.75698396616201],[176.1348402353133,-37.75721078716709],[176.11884683329117,-37.754363433111884],[176.11474145061672,-37.761300399309256],[176.11625511420047,-37.7705647331487],[176.1040887168019,-37.76603104950746],[176.09671003367797,-37.768977116644486],[176.0945856165853,-37.763438783427844],[176.08070586712768,-37.76132753285418],[176.07231949444858,-37.75749061034866],[176.0726337498113,-37.749823933334646],[176.0845454837241,-37.73571915007621],[176.0942786008954,-37.728494416388614],[176.10266848338003,-37.709523599800754],[176.09901533411025,-37.70034453388701],[176.093825283738,-37.69809581604373],[176.09145974973174,-37.69144324974441],[176.09431971748057,-37.68669458327706],[176.09668107175838,-37.68094859868249],[176.0928072842993,-37.66377639799998],[176.08497619600007,-37.66377639799998],[176.07526731229268,-37.658741977956076],[176.06619262700008,-37.661666869999976],[176.0562286380001,-37.66922378499993],[176.05458069000008,-37.680000303999975],[176.04750061000004,-37.68214034899995],[176.0408418007619,-37.66859534927805],[176.04483251668978,-37.66502954982318],[176.03757038329357,-37.65539129939795],[176.0358496508349,-37.64975483275965],[176.04211603327443,-37.64529116663276],[176.03747558600003,-37.63963699399994],[176.01638935066944,-37.63901319927518],[176.0161034674352,-37.62782661648972],[176.0099945070001,-37.62710952599997],[176.0000000000001,-37.633777616999964],[175.99888610900007,-37.64086150999998],[175.99085495037014,-37.640780399414254],[175.9915189336259,-37.63211349990758],[175.9768284941555,-37.62509796771684],[175.96933723417766,-37.6241977665052],[175.97319461708608,-37.61763003341035],[175.97943394946716,-37.61655704956477],[175.98190926978955,-37.609574941714],[175.9683074950001,-37.606250761999945],[175.95753479000007,-37.61377716099997],[175.95795124959434,-37.60001409978215],[175.96947865031157,-37.59757736644938],[175.97885088367502,-37.5862963997297],[175.97270944762445,-37.57459639051531],[175.96752929700006,-37.58455657999997],[175.95832824700005,-37.587112426999965],[175.95002746500006,-37.59544372499994],[175.94800816040743,-37.586239617032646],[175.9400211337839,-37.58060658309577],[175.9465991497884,-37.573230233095295],[175.9443832744596,-37.57028957336533],[175.93127175728256,-37.579338240882976],[175.92485928291964,-37.57363250010302],[175.93100956655783,-37.570293133465974],[175.94360566749165,-37.55539138321689],[175.95191713388894,-37.55753623325033],[175.95123256711153,-37.54718584930347],[175.93417358400006,-37.53791809099994],[175.91830468322775,-37.54100888303758],[175.91784348393605,-37.53362524994127],[175.93565238295125,-37.530340699754554],[175.94536920064806,-37.53010291677512],[175.9624786380001,-37.51788711599994],[175.97813506717208,-37.51452783316264],[175.97637022237527,-37.508657265797524],[175.96808123319946,-37.49982106609266],[175.9590945839039,-37.4931384668685],[175.95541381800012,-37.498359678999975],[175.94494629000008,-37.50210952799995],[175.93583679200003,-37.502082824999945],[175.92906511707824,-37.49393433314341],[175.9372135992084,-37.49162111688346],[175.94286550056907,-37.486542833456355],[175.93711313366265,-37.476388366718],[175.93821133321055,-37.46538039990643],[175.956867933215,-37.44882719980733],[175.9647709170294,-37.44815886707743],[175.97379991624555,-37.45102759987397],[175.97767303368255,-37.46802374987942],[175.99003218698516,-37.46594423814562],[175.98035091707428,-37.45327210654668],[175.96122741700003,-37.43083190899995],[175.94842383371352,-37.41271019952791],[175.93844048282398,-37.39609563276531],[175.94187833317542,-37.39321886634809],[175.93708398250334,-37.38158151640579],[175.94010400040455,-37.37324154937948],[175.92894704960034,-37.376101683154026],[175.92282748333417,-37.37418776655451],[175.91660153360806,-37.37930898266087],[175.9260470832221,-37.38334553335405],[175.92099501647127,-37.38692284977741],[175.91718888308358,-37.40281421673381],[175.90516663319684,-37.404090532918424],[175.9067340496426,-37.41624334963209],[175.91349221693517,-37.425586716768144],[175.91008126602867,-37.43031569989035],[175.89084250001702,-37.44368624985735],[175.88243778332028,-37.44003563330623],[175.8788436666905,-37.44608386617442],[175.86085873398707,-37.46109983292831],[175.87203636672592,-37.473477866987],[175.88055998401302,-37.469500167059394],[175.89736559993628,-37.488634200305306],[175.89928606757877,-37.49568306683944],[175.87071361625428,-37.495550949357856],[175.87067406609629,-37.50052681617015],[175.85762176654356,-37.49727093306378],[175.843653217193,-37.486992666192705],[175.83277586755773,-37.47160198315951],[175.81352626685285,-37.484910049290576],[175.81723490023106,-37.49498344996168],[175.80851571744833,-37.501059433741865],[175.8059208170995,-37.50801446649897],[175.80966741720482,-37.51381314973331],[175.82079878340127,-37.51459196639954],[175.82459980086819,-37.520593699862346],[175.82417423339362,-37.5276860163488],[175.83091888376532,-37.537630167037825],[175.82521556718496,-37.546883683105335],[175.8143017331348,-37.5535875833798],[175.8117176838209,-37.564267549565265]]]]},"properties":{"shapeName":"Western Bay of Plenty District","shapeID":"76426892B94819834972279","shapeGroup":"NZL","shapeType":"ADM2"}},
{"type":"Feature","geometry":{"type":"Polygon","coordinates":[[[176.41489759991762,-37.747527399632894],[176.3843511497245,-37.73566476603599],[176.34706108354072,-37.71712569936249],[176.31814025035564,-37.70693559975094],[176.29397946714568,-37.699243832794686],[176.250032000857,-37.68003959957941],[176.23167426665063,-37.66920549948621],[176.1999664320001,-37.647945403999984],[176.18681253866848,-37.634850691589634],[176.17801305069926,-37.63153461660415],[176.17378853390665,-37.62511031612763],[176.16705322200005,-37.62830734299996],[176.1703006881989,-37.63590959284971],[176.17586670059066,-37.633828416571355],[176.18371582200007,-37.64416503899997],[176.1837463380001,-37.662555692999945],[176.1812286380001,-37.669166564999955],[176.1942594172147,-37.68090533313217],[176.20216193376172,-37.67631086666477],[176.2053833010001,-37.67916488599997],[176.20622253400006,-37.68833160299994],[176.2008361820001,-37.69374847399996],[176.1857757560001,-37.687915801999964],[176.18218803390423,-37.6953460501346],[176.19142582069867,-37.70531357099726],[176.2066476004249,-37.69780031659906],[176.2080857664396,-37.69078716699895],[176.2152797329709,-37.68641086622575],[176.22031577765165,-37.69224233603375],[176.23660653373364,-37.696912816985844],[176.23083496100003,-37.706306455999936],[176.23517386617357,-37.71049803277393],[176.22914123500004,-37.71544265599994],[176.2124786380001,-37.71208190899995],[176.20581054700006,-37.71374893199993],[176.20208740300006,-37.720027923999965],[176.1925048820001,-37.72458267099995],[176.17691426678007,-37.72484201622671],[176.18410083390657,-37.716303732584166],[176.16333007800006,-37.722888946999944],[176.15951255037564,-37.728387166630284],[176.1499997499837,-37.72519339982693],[176.15504966736677,-37.71511201684207],[176.1665822662524,-37.712010383226136],[176.16634668412604,-37.69538803287292],[176.17059683261292,-37.688557783222635],[176.1711091996763,-37.679004836513755],[176.16622924800004,-37.679195403999984],[176.16375732400002,-37.68833160299994],[176.15499878000003,-37.697082517999945],[176.15046941591058,-37.69460476648781],[176.14612470034248,-37.67979521620352],[176.1552263001746,-37.67912576648673],[176.16266493382562,-37.66924171630625],[176.14493919025495,-37.66377639799998],[176.1291351320001,-37.66044616599993],[176.11622619600007,-37.669166564999955],[176.12701226657694,-37.67073266654277],[176.12875366200012,-37.67416763299997],[176.12168884300002,-37.67961120599995],[176.10417175300006,-37.682918548999965],[176.09431971748057,-37.68669458327706],[176.09145974973174,-37.69144324974441],[176.093825283738,-37.69809581604373],[176.09901533411025,-37.70034453388701],[176.10266848338003,-37.709523599800754],[176.0942786008954,-37.728494416388614],[176.0845454837241,-37.73571915007621],[176.0726337498113,-37.749823933334646],[176.07231949444858,-37.75749061034866],[176.08070586712768,-37.76132753285418],[176.0945856165853,-37.763438783427844],[176.09671003367797,-37.768977116644486],[176.1040887168019,-37.76603104950746],[176.11625511420047,-37.7705647331487],[176.11474145061672,-37.761300399309256],[176.11884683329117,-37.754363433111884],[176.1348402353133,-37.75721078716709],[176.1432585666222,-37.75698396616201],[176.1453190665431,-37.75081314961241],[176.154094367031,-37.75279329980835],[176.15880083261928,-37.76008976654216],[176.17006766715386,-37.75821796636366],[176.1815396337629,-37.7487061672107],[176.19002168325434,-37.7497974825723],[176.194524367163,-37.74344078184295],[176.20475621639872,-37.744045983383145],[176.20959976705038,-37.726086832592415],[176.21722640004873,-37.71904048257177],[176.2229542836388,-37.71955713326353],[176.23717194979412,-37.71626061606616],[176.24983201652097,-37.72083129934775],[176.2654520169461,-37.71693311607229],[176.27596380045352,-37.72396504968067],[176.28430221711997,-37.723925383100465],[176.29283204997418,-37.71433083344062],[176.30727841623735,-37.71436439985994],[176.30725713351492,-37.71971879931956],[176.31340840004086,-37.723345699585614],[176.3285893331108,-37.72713336607987],[176.35389908323452,-37.73766809987148],[176.36038259989698,-37.74456708307152],[176.36966959987308,-37.74712071606811],[176.37537476669084,-37.745552683398365],[176.39585428389603,-37.75149624944678],[176.41325924936015,-37.75110191597974],[176.41489759991762,-37.747527399632894]]]},"properties":{"shapeName":"Tauranga City","shapeID":"76426892B41625514987736","shapeGroup":"NZL","shapeType":"ADM2"}},
{"type":"Feature","geometry":{"type":"Polygon","coordinates":[[[176.02786581597164,-38.38582673279154],[176.04269913376777,-38.38521036638198],[176.05311056673273,-38.38963371659711],[176.06353488329367,-38.39636183311732],[176.06870428256184,-38.40528721623156],[176.07400755069256,-38.4079302834494],[176.08896228382832,-38.40708628340678],[176.09654284984504,-38.412281483178354],[176.11858898399583,-38.413187049604204],[176.12610796604721,-38.42063298266207],[176.13185681695995,-38.43246471651821],[176.1387063333812,-38.4381650498409],[176.1376829509015,-38.44179343290419],[176.14244624924115,-38.45187871726155],[176.14277953395586,-38.46166304988269],[176.14651698330198,-38.463699416597436],[176.14509794999097,-38.47605476653881],[176.147909250576,-38.48723376621759],[176.1601224499532,-38.491392216044744],[176.1722903158919,-38.498060049610395],[176.17030921698048,-38.50209086666988],[176.177864847643,-38.51818150663813],[176.19139826102202,-38.51712030377763],[176.20289273506052,-38.52468638818446],[176.21086255029755,-38.52007999977484],[176.23113830003908,-38.51892111638436],[176.24738748333615,-38.50805601648082],[176.26390248267634,-38.5053717994661],[176.2759259839553,-38.489842949261785],[176.28380538286356,-38.48665076649686],[176.30261348447294,-38.48578789375012],[176.31348690067162,-38.49755726640813],[176.31848360053763,-38.50761253342486],[176.31760263353436,-38.514567483021345],[176.31099860035266,-38.52284333302205],[176.3113443009259,-38.527104316337415],[176.29839281621048,-38.53853289936067],[176.30386449974222,-38.54648270001601],[176.30217835003364,-38.5530361163982],[176.35896513284987,-38.56868753316191],[176.38679383370945,-38.50647161634434],[176.4554793337559,-38.52779740007224],[176.45979198350756,-38.53148346638112],[176.4684583670654,-38.530871883162526],[176.47642118414885,-38.53326763319051],[176.47731326758375,-38.52662439995473],[176.4747452840234,-38.51749586640155],[176.47627901701154,-38.51008543285975],[176.4999383835581,-38.43247391630849],[176.50532476715688,-38.40221379929919],[176.52147308332695,-38.419351549951934],[176.57810625029677,-38.4269626666663],[176.58051939984796,-38.32928894973227],[176.5816518334707,-38.32293599967751],[176.58130955048944,-38.29131074941448],[176.58402206675356,-38.12465791632838],[176.60359876707503,-38.12056103307392],[176.60338503581633,-38.06557979286136],[176.61413346663093,-38.05969584985389],[176.60306169996232,-38.05196258250251],[176.60294503322004,-38.011347065966966],[176.5976542174791,-38.009147632853264],[176.55310535038333,-38.009190849678035],[176.55324688377468,-38.00226899939465],[176.54186445035054,-37.99901901667856],[176.536180150217,-37.992104966533816],[176.52493795066502,-37.990578166503354],[176.51062993383283,-37.99505161667061],[176.50350020034278,-37.98808810001198],[176.4980614171569,-37.96251964958397],[176.50004678316333,-37.958815933331834],[176.47237806753824,-37.958815415998814],[176.46934345005306,-37.96692133268165],[176.4403280833804,-37.95781451605934],[176.42820588406232,-37.956198850231715],[176.38407460056274,-37.95493856593094],[176.38429901651986,-37.94915368279293],[176.36954725001056,-37.947033499323226],[176.3515251170218,-37.94016090003961],[176.35103153401,-37.93717341604828],[176.28630173328776,-37.93704746651441],[176.26855758362416,-37.94534696613001],[176.2537047165907,-37.95549165010904],[176.23559005045124,-37.959552216151984],[176.22419505032875,-37.95426191624743],[176.2018328831392,-37.95997304972741],[176.18552128383402,-37.96021354970096],[176.17411788330003,-37.958572599472554],[176.1544366001037,-37.96169105015625],[176.14887673332885,-37.959069800099606],[176.130045667393,-37.9611343334388],[176.11684636656196,-37.96918584993124],[176.09830993345705,-37.9618698994911],[176.06225173404744,-38.026822932860135],[176.05677550013027,-38.03702438287055],[176.02087730024374,-38.09586691651669],[176.0050538673019,-38.12287019992785],[175.99908803392177,-38.131476366859246],[175.9817465670807,-38.13857803342354],[175.98445604984056,-38.14200233270696],[176.0201918163667,-38.142279583446886],[176.03074470015738,-38.13924254969893],[176.03071251687805,-38.166580649424525],[176.05829829986922,-38.166685049524446],[176.0583110001873,-38.16415961610008],[176.08874611666647,-38.164273899659115],[176.090610617604,-38.166806666673246],[176.1101085331215,-38.16686299999948],[176.15033483418685,-38.2181863994961],[176.1205172831886,-38.26791361674014],[176.1292748171215,-38.27316321681678],[176.10862998324023,-38.27577621610947],[176.11395809999146,-38.28036634983734],[176.12710111665805,-38.28212513337614],[176.13758905001762,-38.29003233340671],[176.13174948398583,-38.30230463389581],[176.1264995168469,-38.308789683249245],[176.11765154926476,-38.31419761643334],[176.10868934483352,-38.31348420264644],[176.09347409673168,-38.317476304505675],[176.089199400058,-38.321518049537765],[176.07418350430046,-38.326600105798555],[176.06325880461577,-38.33504741805001],[176.06301041695076,-38.339892749482715],[176.04261205024997,-38.35707583308191],[176.02363420045614,-38.36548491616695],[176.03125308312383,-38.37975449945837],[176.02786581597164,-38.38582673279154]]]},"properties":{"shapeName":"Rotorua District","shapeID":"76426892B632863576138","shapeGroup":"NZL","shapeType":"ADM2"}},
{"type":"Feature","geometry":{"type":"Polygon","coordinates":[[[176.69771335049404,-38.855955599434076],[176.70418540002743,-38.84480106649251],[176.7002113829001,-38.8381117492802],[176.70404830056208,-38.82780329984767],[176.69597065002088,-38.82159176614769],[176.69633303366194,-38.81051456670453],[176.70166551763873,-38.800084266593736],[176.70001188369625,-38.79411324973911],[176.7078862008853,-38.78887828291011],[176.7035844161556,-38.783814116002965],[176.70969338346123,-38.76914503275489],[176.7105451337726,-38.759526199506226],[176.70752561663016,-38.7562013500501],[176.7139025833362,-38.736316149926154],[176.713910133868,-38.72827208310816],[176.71728306646762,-38.724524299419514],[176.72875538362698,-38.722442782663514],[176.73346575065898,-38.7278003161604],[176.74230401668464,-38.72808904976279],[176.7442186004145,-38.7119322996514],[176.75871474989987,-38.709246815975284],[176.7671789999619,-38.7003245493817],[176.76674673365105,-38.68930968306701],[176.7746252663259,-38.684172532922695],[176.787352366681,-38.68074651671499],[176.79939056702375,-38.68052524987425],[176.8205778663592,-38.6912271999995],[176.83260450007515,-38.68009804935111],[176.83998581664375,-38.678247265965965],[176.84444963417243,-38.67312799937201],[176.85626629993124,-38.6723826498722],[176.86232348408424,-38.67971079991355],[176.87866763316038,-38.667134649199106],[176.88683716710867,-38.66650271643567],[176.89343965057344,-38.67014974947126],[176.89861266655262,-38.68161119947283],[176.91643363351884,-38.68998999970568],[176.9219074000447,-38.69011849969772],[176.928204749377,-38.69757513298269],[176.943419266821,-38.69489053242044],[176.95307439985066,-38.69725639915717],[176.96185651715638,-38.69683383349489],[176.96515433343734,-38.70325965026586],[176.9733861834904,-38.70390956595248],[176.9852086333231,-38.69446498264323],[176.99144806666223,-38.69369458304304],[177.0064011507244,-38.67592253297205],[177.0170015671214,-38.66717086636719],[177.0212299840075,-38.659653599430534],[177.02154856678644,-38.651313133176856],[177.02647760094584,-38.6403221163025],[177.03439941731926,-38.62971968259654],[177.04149595031916,-38.62679603266018],[177.04597950037694,-38.62080223279554],[177.0598436676066,-38.62226604907402],[177.070477400644,-38.613290533215235],[177.0784207335781,-38.61074861646473],[177.0864079836769,-38.62062273316331],[177.09473471684572,-38.618335665816026],[177.10158265025353,-38.624742049371335],[177.10345618329728,-38.60952816692502],[177.10717986665384,-38.602429133129355],[177.11650226689892,-38.592899766345695],[177.12217079982733,-38.58392093323062],[177.13399730042306,-38.57798694947733],[177.14054983291078,-38.57756926608271],[177.146791200026,-38.583946049907794],[177.1524688331079,-38.583781366207816],[177.1640317502636,-38.57297564985974],[177.16653770063056,-38.56744119958637],[177.17804591696495,-38.55934181643844],[177.1892451671508,-38.5369542163073],[177.19606718390682,-38.53285981612927],[177.20305166645437,-38.52421871627721],[177.20686141741407,-38.5132478829436],[177.20606441770784,-38.50318611626384],[177.1829319505784,-38.49268986583836],[177.18630513302213,-38.48477359960801],[177.18724608319351,-38.47492536592379],[177.19028890021386,-38.46993299951744],[177.19108006638982,-38.45058461635188],[177.18820473335512,-38.440607849628655],[177.1942624166543,-38.4307270490928],[177.19452804940218,-38.420180232600345],[177.1979817000388,-38.41407223292082],[177.20987348328444,-38.406322099500706],[177.21224433329775,-38.400710849313434],[177.20385558347968,-38.38754659939611],[177.20928508333793,-38.37975916615479],[177.22472381680822,-38.37901481636326],[177.22697798350973,-38.36810016606259],[177.23913093326723,-38.36549146635596],[177.23801898363075,-38.347457133449105],[177.21545616702358,-38.34294674961532],[177.21583723433287,-38.31932871650783],[177.2238897827561,-38.318008732717566],[177.2308116173276,-38.31174059964966],[177.230181000987,-38.28944968263461],[177.2275731002655,-38.28580799975762],[177.21472278270588,-38.27802439905071],[177.2080210004172,-38.26460273306376],[177.20054701743106,-38.265034266249785],[177.1832166009527,-38.262309249770226],[177.1736139502085,-38.265453549479936],[177.16253250023692,-38.25306219936114],[177.16126658347562,-38.23983141613078],[177.15285341655854,-38.23040613275613],[177.14497760063014,-38.22688828305301],[177.15167731685645,-38.22226253248405],[177.15083785033738,-38.20987335028557],[177.15469093369205,-38.204233516540455],[177.15580066666564,-38.19595351645616],[177.15017376771604,-38.18941021588159],[177.15691275012279,-38.17901816601588],[177.15664121695758,-38.16680454918926],[177.16404520107022,-38.160637815953194],[177.16416025027857,-38.15202189948377],[177.15673666695636,-38.142619232821055],[177.16138380088688,-38.12630003305921],[177.15902701681856,-38.11987543294625],[177.17065543431602,-38.119628798985154],[177.17275606694275,-38.11507033268844],[177.16499760099808,-38.10734601655847],[177.16632466713745,-38.09638681640967],[177.16321703309708,-38.08366471580911],[177.1534899006046,-38.08179701618103],[177.15231829974505,-38.07438054963881],[177.13790981688203,-38.074587133346434],[177.12860663392328,-38.0699306327831],[177.12917800106035,-38.05844951641391],[177.12126313376552,-38.05879053286546],[177.11173208387422,-38.038892815722456],[177.10255373368867,-38.024868648197504],[177.10486901718025,-38.014928214854294],[177.11305370187597,-38.010644200011875],[177.1108398440001,-38.00547409099994],[177.09619140600012,-38.00585937499994],[177.09753418000003,-38.01463699399994],[177.08869934100005,-38.017555235999964],[177.08397670057545,-38.01409626642632],[177.08604196656427,-38.00592903338979],[177.06958007800006,-38],[177.07205200200008,-38.00836181699998],[177.06916809000006,-38.01544570899995],[177.06093720060377,-38.009502882343845],[177.06244438345436,-38.0046268827447],[177.05676143416972,-37.99709856623713],[177.06253578332445,-37.99375874990499],[177.07028870030368,-37.98170798310828],[177.08386978340658,-37.97881408263545],[177.08891095058735,-37.98263068303042],[177.1014049007986,-37.981775033461176],[177.11879454998808,-37.988247499352326],[177.14665111705358,-37.99242549905053],[177.1471643342723,-37.9883922662505],[177.1383361820001,-37.98377609099998],[177.11917114400012,-37.982082366999975],[177.07496643100012,-37.97460937499994],[177.05937311672722,-37.970668332904694],[177.03446276737228,-37.962395199451876],[177.02495408344444,-37.957896117074085],[177.01922883429557,-37.950638849913254],[177.0215145336798,-37.94631968295311],[177.0152900424964,-37.94014992456516],[177.00830078100012,-37.94791793899998],[176.99664306600005,-37.94958496099997],[176.99700298344038,-37.94146655008931],[176.96137058342822,-37.92713561605485],[176.93242406151091,-37.917136994165624],[176.90496826100002,-37.915443419999974],[176.8957511464704,-37.91151409705261],[176.88664245600012,-37.911251067999956],[176.82000732400002,-37.894638061999956],[176.8099517820001,-37.894611356999974],[176.78829956000004,-37.89044570799996],[176.77833557100007,-37.89044570799996],[176.7599487320001,-37.886276244999976],[176.73614375007836,-37.8795955829941],[176.67475151731753,-37.85867131615467],[176.63870564925716,-37.845514682558694],[176.60255570072047,-37.82978584991528],[176.6024620160911,-37.88195141677398],[176.60294503322004,-38.011347065966966],[176.60306169996232,-38.05196258250251],[176.61413346663093,-38.05969584985389],[176.60338503581633,-38.06557979286136],[176.60359876707503,-38.12056103307392],[176.58402206675356,-38.12465791632838],[176.58130955048944,-38.29131074941448],[176.5816518334707,-38.32293599967751],[176.58051939984796,-38.32928894973227],[176.57810625029677,-38.4269626666663],[176.52147308332695,-38.419351549951934],[176.50532476715688,-38.40221379929919],[176.4999383835581,-38.43247391630849],[176.47627901701154,-38.51008543285975],[176.50218063293244,-38.510757216397366],[176.50282975010617,-38.526464616319046],[176.53336581694546,-38.535149982902354],[176.52953799988012,-38.5442918660124],[176.53904316738024,-38.553716816129025],[176.54070818327298,-38.56020343295714],[176.55131711641138,-38.57678361619585],[176.5520520171171,-38.580812583132875],[176.60562445024615,-38.608689449345725],[176.61120341708724,-38.607693349454514],[176.61780270017275,-38.59469571675382],[176.64594746687214,-38.60592681626827],[176.6174556661679,-38.70134643333674],[176.6241841833089,-38.75429389982045],[176.63718510003582,-38.76332909937748],[176.648157266842,-38.783032583232846],[176.69771335049404,-38.855955599434076]],[[176.72660759598443,-38.05848025773922],[176.73912105034796,-38.05630574956851],[176.74289148347512,-38.06133413327914],[176.73128625012185,-38.07711691624001],[176.72166723321865,-38.078057382648744],[176.7123142509518,-38.09305188305635],[176.70324720096437,-38.10467040347692],[176.69508124614808,-38.11201259846148],[176.67560091658595,-38.11448913304065],[176.6619304999582,-38.10708353324574],[176.64422176600985,-38.10655263299985],[176.6414454330531,-38.1016129499786],[176.6529766171654,-38.08802641673301],[176.71607098318847,-38.068112416602446],[176.72660759598443,-38.05848025773922]]]},"properties":{"shapeName":"Whakatane District","shapeID":"76426892B18513134445034","shapeGroup":"NZL","shapeType":"ADM2"}},
{"type":"Feature","geometry":{"type":"Polygon","coordinates":[[[176.2705264840209,-40.78082465010105],[176.26214494180448,-40.775314297341914],[176.2652367833058,-40.77245691644714],[176.25923291738388,-40.75743913321064],[176.26989381666746,-40.749505482811365],[176.27148299995827,-40.744524149893316],[176.26528895081037,-40.73988571679361],[176.25956633336241,-40.74384193299127],[176.2460407669896,-40.74036399951678],[176.24375504968208,-40.730989266338135],[176.2364796332686,-40.72263136635587],[176.23977603364034,-40.72011025002705],[176.23159830029192,-40.71066786657243],[176.22244513254182,-40.70319338332005],[176.19008443390322,-40.700304599778605],[176.1850062337933,-40.697264283130345],[176.17527368290072,-40.700717733381815],[176.15720196603314,-40.692162916289305],[176.16245931696955,-40.68220000004228],[176.15317656700782,-40.67699604942863],[176.13306206725238,-40.68461863315654],[176.10819248283235,-40.677771466633786],[176.10718530011482,-40.67422254964484],[176.09370920042,-40.675167649965275],[176.08233418344142,-40.708152716894034],[176.07484206650065,-40.71323574946185],[176.0555966171878,-40.716800216034684],[176.04388604990757,-40.715870366167344],[176.02244929986884,-40.71148866681768],[176.0171824161417,-40.70563873290116],[176.01067475021227,-40.713126750181026],[175.9953932170584,-40.72502731648419],[175.98882701654796,-40.72587384985518],[175.97971346667651,-40.722200383020024],[175.97547466713547,-40.738324800092116],[175.96430858315537,-40.73892086669424],[175.95553005023012,-40.74326899992012],[175.9434308005506,-40.74065101645797],[175.93497938316557,-40.76681358342032],[175.90985420079454,-40.750931466420106],[175.88546533334525,-40.773286599291055],[175.87163683419547,-40.77790473330651],[175.86277494986214,-40.769806616763866],[175.84949854985993,-40.7616229001822],[175.84218031640975,-40.76911191666518],[175.8258110993592,-40.762065166640696],[175.81092746717349,-40.779584600110645],[175.79601433413998,-40.77307731640864],[175.78545896597797,-40.772332449423466],[175.76473918399688,-40.76809056667458],[175.76771959979592,-40.75314016668988],[175.7753519330226,-40.750842566363],[175.7907459497372,-40.725597099911724],[175.7781911023873,-40.723818064569414],[175.77447928858493,-40.71848458671446],[175.7810954493899,-40.707572483398145],[175.77010965014045,-40.69888839980715],[175.75709981747252,-40.707082249274826],[175.75241098381554,-40.69741813261023],[175.69065011594793,-40.69656233295284],[175.69388430076057,-40.70495124930522],[175.69373155038824,-40.71629634958146],[175.68297104980977,-40.71669009935156],[175.68347483258137,-40.72290518307662],[175.6759520003818,-40.729427482619734],[175.6615308004288,-40.72538726606105],[175.65826710012936,-40.72821783289935],[175.6532224667942,-40.742489482673186],[175.62844903416914,-40.74249651610823],[175.62980433391365,-40.748469233144824],[175.62435543330577,-40.75195823313257],[175.59770515022825,-40.738688517179064],[175.57596718371204,-40.733134699790895],[175.56564714957395,-40.73639499988972],[175.5596969669727,-40.73437979947827],[175.56053836651836,-40.728763349523966],[175.47344356666633,-40.693397099720364],[175.44772578336017,-40.72517933292076],[175.44235660009323,-40.740643900107045],[175.43506913386884,-40.74604864954279],[175.4404316831225,-40.74658036617563],[175.45573446749393,-40.76467025001153],[175.47416171729577,-40.771799333332794],[175.48959931691246,-40.776260466773785],[175.4914435169694,-40.78414141610106],[175.4893965665826,-40.79835448289903],[175.49064204986843,-40.80423426628116],[175.4848878665993,-40.810175333364],[175.4795303835158,-40.831905016767664],[175.47367145011052,-40.84534051666932],[175.47696726656372,-40.854615416846585],[175.49246934985982,-40.86553698307257],[175.49475963412632,-40.87923353298893],[175.50039653413214,-40.88416439965452],[175.51661160002274,-40.882652182936404],[175.5361270324397,-40.89665514972753],[175.54749953258104,-40.90042776719991],[175.5556841505604,-40.91735328348817],[175.56146011758534,-40.924703099936735],[175.5677848826445,-40.925599882693966],[175.5828889174634,-40.93988004943865],[175.5935848666989,-40.946121650036616],[175.59775289933413,-40.95504036616345],[175.6126781340669,-40.968072467330515],[175.61976249972847,-40.971097316431006],[175.6362434006098,-40.98912146669125],[175.65181686750083,-40.99918236629576],[175.66000346691408,-41.00146821671974],[175.66436426705775,-41.007986749406456],[175.66131323353736,-41.02341966651328],[175.65616288278298,-41.0301389995765],[175.65744279994288,-41.04054054978465],[175.64887980023883,-41.049537983325926],[175.64069611746802,-41.0484013003591],[175.62864764940602,-41.05585811649462],[175.62822508374163,-41.059882366415245],[175.64691778324976,-41.06941828295475],[175.65766503344855,-41.06699428336605],[175.66079555074097,-41.05942264935126],[175.67549573298228,-41.048815199657746],[175.67417118410702,-41.042619983097985],[175.69005875056783,-41.04120154940283],[175.69371583336363,-41.03433608279821],[175.68854244995708,-41.0261545164644],[175.69270326650965,-41.022659382611195],[175.70240931661695,-41.022875983047676],[175.7205656831313,-41.019794866478364],[175.72905533376274,-41.019733632909805],[175.73632833300263,-41.01166239987958],[175.75115546702733,-41.00259528318378],[175.75673000085135,-41.00515886622698],[175.75401101692813,-41.01643508319945],[175.75859103361591,-41.022565699336035],[175.76990908366278,-41.029371266435504],[175.77703366660236,-41.04118678335745],[175.75394893351236,-41.05240254967865],[175.75219526699428,-41.06710534968992],[175.73894198353804,-41.08360449946365],[175.7496951504361,-41.08715456618187],[175.76382458309573,-41.08643625013453],[175.75930608397726,-41.09369079990168],[175.77343954996707,-41.1018570329313],[175.77365871605645,-41.10900371666933],[175.78984286600385,-41.11367741627065],[175.79198405090284,-41.121443266356835],[175.7985111997079,-41.1255759998071],[175.80035231696613,-41.13107546604157],[175.81054156615647,-41.13310638391993],[175.81745586686688,-41.139713367134746],[175.81410131737343,-41.14392823270887],[175.81759859929178,-41.150688082877664],[175.82446878244068,-41.15168021652989],[175.8380398666292,-41.159999599542985],[175.85972060072527,-41.14374056609632],[175.86513358333502,-41.14464141608342],[175.8782276832819,-41.14085265006789],[175.8822661669748,-41.147657600000684],[175.8983377671942,-41.15559908277022],[175.9035514998265,-41.15090843314959],[175.90154405855114,-41.145586271211776],[175.9281718835096,-41.15189859990541],[175.93275083393146,-41.1636459501714],[175.9332540006773,-41.17156508284155],[175.9376194331202,-41.17530266667223],[175.93857555086853,-41.185270316671186],[175.9528450841735,-41.18857619992292],[175.96527111645642,-41.19468136613803],[175.9725698500936,-41.19188278307899],[175.98128203376862,-41.19606126613729],[175.9922468159086,-41.19631268325391],[175.99611576755007,-41.1813415331968],[176.00331084980257,-41.17170691602909],[176.02086983421174,-41.15693246655617],[176.0291891166594,-41.15364118369554],[176.0466133504034,-41.14253704993434],[176.05716581666636,-41.13214829939074],[176.06247941691853,-41.13101574978013],[176.06728118297644,-41.12150498306519],[176.0659712164919,-41.11540166682148],[176.06998350090257,-41.111299300131044],[176.06931099952607,-41.09979428324927],[176.07703205011686,-41.08356291628146],[176.08558046696905,-41.07742041627039],[176.0854773004578,-41.07193419970064],[176.09458745007439,-41.05816255012953],[176.09800368318014,-41.042470249865104],[176.10354233363017,-41.039739666217656],[176.10295258353597,-41.03151793283884],[176.10692563344972,-41.015220899260996],[176.1139435832181,-41.011885916725596],[176.12673273347392,-41.0005443493439],[176.1328352833592,-40.987145333085294],[176.13245146762708,-40.98048030011651],[176.139093000856,-40.96708515029038],[176.15489923406295,-40.94815054948928],[176.1762426841338,-40.9355604667383],[176.18396986723056,-40.92796368304814],[176.1968337332158,-40.921802782698606],[176.20714598420028,-40.91255218383063],[176.22448701758063,-40.906474716774724],[176.22505559987138,-40.901448283332925],[176.2196408842411,-40.89612803381063],[176.21985198269866,-40.886297099322306],[176.22786434989033,-40.87021751683215],[176.2405549509255,-40.86038528339666],[176.2447669007892,-40.844235783006646],[176.25381349923822,-40.83164756624462],[176.2575467325728,-40.822565483028896],[176.25585446724182,-40.81652868285782],[176.25885848321002,-40.80488091680545],[176.2705264840209,-40.78082465010105]]]},"properties":{"shapeName":"Masterton District","shapeID":"76426892B14950908560920","shapeGroup":"NZL","shapeType":"ADM2"}},
{"type":"Feature","geometry":{"type":"Polygon","coordinates":[[[175.43506913386884,-40.74604864954279],[175.4253133834475,-40.74539755018691],[175.4227296170329,-40.74859758291089],[175.4052192327872,-40.75208683313548],[175.39578593319555,-40.75877848282286],[175.39279148358406,-40.76774638293887],[175.38418923337136,-40.7785999660784],[175.38074036694437,-40.77978628340111],[175.37601124994328,-40.79390768308724],[175.37702981599583,-40.80891893309518],[175.35972035019367,-40.81221173345667],[175.35388766739874,-40.8266404663482],[175.3577900159886,-40.83421086655288],[175.3554449991503,-40.838758533923034],[175.35714555025976,-40.85348790004686],[175.36051498309902,-40.86127039978798],[175.36107469985976,-40.872932033172596],[175.35370893276342,-40.8923598995156],[175.3468647669745,-40.89870181647691],[175.3381490833839,-40.899817432918205],[175.33374891731637,-40.91390583316907],[175.3180702829263,-40.917783883321675],[175.31086860053549,-40.925359166659725],[175.29990935021843,-40.92581536685696],[175.2924629992699,-40.930888882675504],[175.27022391683056,-40.93895119982449],[175.27990140028166,-40.94954061716833],[175.2920876671184,-40.94289136633638],[175.3039375491918,-40.93409243263684],[175.33159311697742,-40.93741184971663],[175.35540026697677,-40.93268013372716],[175.3696042992851,-40.92556043339401],[175.3912176997297,-40.92349656689547],[175.40434598318484,-40.934301149367045],[175.3929179675963,-40.945523649773556],[175.3838532339718,-40.964630449387016],[175.38194461731877,-40.97368461676869],[175.39317978247192,-40.987420783110124],[175.38774236716498,-40.99583356610116],[175.3940108000764,-41.00461323341511],[175.39056871606783,-41.00741514990269],[175.40197205063728,-41.020403416874906],[175.3939180331735,-41.02805513268158],[175.39579325018045,-41.03816429933003],[175.40058828326616,-41.041860400044555],[175.3972206501899,-41.05262858347567],[175.40052714992117,-41.05741206683703],[175.41366023329937,-41.06367418274152],[175.42214929960448,-41.06075609983722],[175.44098478390183,-41.05966891648091],[175.45562840076218,-41.060271382965176],[175.48203506700176,-41.0641227830999],[175.49204874990835,-41.058523466074675],[175.49851970020666,-41.06273483283774],[175.49837903263648,-41.0681984662703],[175.50819423328036,-41.07162499951194],[175.5028668492176,-41.08386014981008],[175.5126844835555,-41.09729063284651],[175.50651945077283,-41.10401204961353],[175.49633970004382,-41.109331816302486],[175.49063861664345,-41.117485616092516],[175.47979825052573,-41.11835618340494],[175.48817090055778,-41.13091409949649],[175.47648506673426,-41.13538643318141],[175.4755066829462,-41.14255779979475],[175.48934971749284,-41.14872618346862],[175.49301065052583,-41.14522175005997],[175.5148011827825,-41.14860733325119],[175.52996396716577,-41.15517501642358],[175.56360464995336,-41.16162179971503],[175.57761840061264,-41.16075934968105],[175.5762317337777,-41.17005639982796],[175.5879617992903,-41.17323484981947],[175.59071081682166,-41.18074209975296],[175.58259886659587,-41.19395244932381],[175.58325875003197,-41.198567782911496],[175.59473649973006,-41.20550653334927],[175.61354596697353,-41.20609881679465],[175.63672018253143,-41.21194801674822],[175.6765997165675,-41.21782399947342],[175.68078288257763,-41.224617783483716],[175.68736481734797,-41.224728849380256],[175.6884890993996,-41.23112209982279],[175.69625841744988,-41.23050149960344],[175.702827566897,-41.23551119980406],[175.71551941714716,-41.22823561665762],[175.72093105806468,-41.2293587736954],[175.73018001623078,-41.20310343288918],[175.7507983665861,-41.20372156626816],[175.75584656860508,-41.208954659989644],[175.74666618382628,-41.234928583019396],[175.7326271508333,-41.24533783285332],[175.72711501668923,-41.25449526726376],[175.73438964952052,-41.25892176631052],[175.74610110025415,-41.25287474963603],[175.75562626642218,-41.26089494981384],[175.7503606341425,-41.27544293356858],[175.80175560035119,-41.28562176676982],[175.7955599002999,-41.3024013168799],[175.7735094835928,-41.297964633124224],[175.7669070659555,-41.31667909988783],[175.80977548415535,-41.325200550135705],[175.784751849585,-41.34319381624112],[175.798958750725,-41.348759049996744],[175.8021006169485,-41.35411999972927],[175.80117478413,-41.362338649854706],[175.80754085064498,-41.36199158330581],[175.81713266699404,-41.354684999818474],[175.82027268405102,-41.34850163293513],[175.82771936695653,-41.34590053335595],[175.84788931704082,-41.324999083411406],[175.8628688171037,-41.3170128167699],[175.8669527342253,-41.30166471655942],[175.8663834841391,-41.29284990015231],[175.8703288841013,-41.28535495005002],[175.88275573314982,-41.274160166705194],[175.89929481675662,-41.2632956998994],[175.9145429335957,-41.25648926650155],[175.9308989669957,-41.250824766362086],[175.9469976664818,-41.246761416570074],[175.9618358837786,-41.244774900052704],[175.9699928173741,-41.229994667289816],[175.98434406677393,-41.216352833033774],[175.98646186697937,-41.20547598298903],[175.9921257165167,-41.202061666239025],[175.9922468159086,-41.19631268325391],[175.98128203376862,-41.19606126613729],[175.9725698500936,-41.19188278307899],[175.96527111645642,-41.19468136613803],[175.9528450841735,-41.18857619992292],[175.93857555086853,-41.185270316671186],[175.9376194331202,-41.17530266667223],[175.9332540006773,-41.17156508284155],[175.93275083393146,-41.1636459501714],[175.9281718835096,-41.15189859990541],[175.90154405855114,-41.145586271211776],[175.9035514998265,-41.15090843314959],[175.8983377671942,-41.15559908277022],[175.8822661669748,-41.147657600000684],[175.8782276832819,-41.14085265006789],[175.86513358333502,-41.14464141608342],[175.85972060072527,-41.14374056609632],[175.8380398666292,-41.159999599542985],[175.82446878244068,-41.15168021652989],[175.81759859929178,-41.150688082877664],[175.81410131737343,-41.14392823270887],[175.81745586686688,-41.139713367134746],[175.81054156615647,-41.13310638391993],[175.80035231696613,-41.13107546604157],[175.7985111997079,-41.1255759998071],[175.79198405090284,-41.121443266356835],[175.78984286600385,-41.11367741627065],[175.77365871605645,-41.10900371666933],[175.77343954996707,-41.1018570329313],[175.75930608397726,-41.09369079990168],[175.76382458309573,-41.08643625013453],[175.7496951504361,-41.08715456618187],[175.73894198353804,-41.08360449946365],[175.75219526699428,-41.06710534968992],[175.75394893351236,-41.05240254967865],[175.77703366660236,-41.04118678335745],[175.76990908366278,-41.029371266435504],[175.75859103361591,-41.022565699336035],[175.75401101692813,-41.01643508319945],[175.75673000085135,-41.00515886622698],[175.75115546702733,-41.00259528318378],[175.73632833300263,-41.01166239987958],[175.72905533376274,-41.019733632909805],[175.7205656831313,-41.019794866478364],[175.70240931661695,-41.022875983047676],[175.69270326650965,-41.022659382611195],[175.68854244995708,-41.0261545164644],[175.69371583336363,-41.03433608279821],[175.69005875056783,-41.04120154940283],[175.67417118410702,-41.042619983097985],[175.67549573298228,-41.048815199657746],[175.66079555074097,-41.05942264935126],[175.65766503344855,-41.06699428336605],[175.64691778324976,-41.06941828295475],[175.62822508374163,-41.059882366415245],[175.62864764940602,-41.05585811649462],[175.64069611746802,-41.0484013003591],[175.64887980023883,-41.049537983325926],[175.65744279994288,-41.04054054978465],[175.65616288278298,-41.0301389995765],[175.66131323353736,-41.02341966651328],[175.66436426705775,-41.007986749406456],[175.66000346691408,-41.00146821671974],[175.65181686750083,-40.99918236629576],[175.6362434006098,-40.98912146669125],[175.61976249972847,-40.971097316431006],[175.6126781340669,-40.968072467330515],[175.59775289933413,-40.95504036616345],[175.5935848666989,-40.946121650036616],[175.5828889174634,-40.93988004943865],[175.5677848826445,-40.925599882693966],[175.56146011758534,-40.924703099936735],[175.5556841505604,-40.91735328348817],[175.54749953258104,-40.90042776719991],[175.5361270324397,-40.89665514972753],[175.51661160002274,-40.882652182936404],[175.50039653413214,-40.88416439965452],[175.49475963412632,-40.87923353298893],[175.49246934985982,-40.86553698307257],[175.47696726656372,-40.854615416846585],[175.47367145011052,-40.84534051666932],[175.4795303835158,-40.831905016767664],[175.4848878665993,-40.810175333364],[175.49064204986843,-40.80423426628116],[175.4893965665826,-40.79835448289903],[175.4914435169694,-40.78414141610106],[175.48959931691246,-40.776260466773785],[175.47416171729577,-40.771799333332794],[175.45573446749393,-40.76467025001153],[175.4404316831225,-40.74658036617563],[175.43506913386884,-40.74604864954279]]]},"properties":{"shapeName":"Carterton District","shapeID":"76426892B89020441057678","shapeGroup":"NZL","shapeType":"ADM2"}},
{"type":"Feature","geometry":{"type":"Polygon","coordinates":[[[175.27990140028166,-40.94954061716833],[175.28047096735682,-40.95732971611333],[175.2766885001552,-40.96130696702573],[175.26112483272178,-40.97087628311035],[175.27177106696814,-40.985822499467844],[175.29670836657846,-40.98384795008486],[175.3062248674277,-40.98968516617531],[175.2931064670746,-41.005892982890884],[175.2835642834196,-41.01313489980362],[175.27437245041097,-41.023227366486125],[175.26528976647845,-41.02601255008137],[175.25898830034032,-41.039282633275576],[175.25478673346066,-41.053214049727266],[175.24410146753408,-41.06226713319019],[175.2416843163496,-41.07014069959222],[175.24992950011654,-41.08893180015699],[175.24560233355925,-41.0906214833287],[175.22897000062343,-41.10433909934211],[175.2329726829449,-41.11674435020723],[175.22498501688543,-41.11817596680591],[175.22141099946674,-41.12656194980352],[175.2096413166593,-41.13660531606728],[175.20655366725907,-41.148040682779],[175.1890482175453,-41.14960046652425],[175.1774776505636,-41.16595494974008],[175.16928759932046,-41.1700800831593],[175.15604468281944,-41.1876053667941],[175.15142160021918,-41.20311583282682],[175.14297619956264,-41.205659066530416],[175.13691199982102,-41.211553682840346],[175.12744841757242,-41.215392616875846],[175.12471501646846,-41.21092240017081],[175.09546278331032,-41.212370833270974],[175.08288105079822,-41.22307939938247],[175.0815861163949,-41.22620758274367],[175.08350960008747,-41.228079900175544],[175.08020343415077,-41.2409204665962],[175.07421289985666,-41.244907632751705],[175.07829446676575,-41.25504788269019],[175.08680536692836,-41.262069899753946],[175.08135174992913,-41.2681135331193],[175.08699768375408,-41.27823504983722],[175.0749130497955,-41.28787411622139],[175.072886316143,-41.29463376674002],[175.06529148390652,-41.29672914972852],[175.05362266579525,-41.31050139940139],[175.04710263277835,-41.314118499464755],[175.04811585031732,-41.3188302496857],[175.022505299185,-41.34132346671191],[175.02025368401343,-41.34946891633301],[175.01242580064832,-41.35007129990243],[175.0038646335273,-41.344566566396416],[174.9940255499233,-41.344784833372735],[174.98589496694166,-41.3549285001857],[174.98084140010835,-41.364809882794646],[174.97078139993587,-41.37050048332416],[174.9586535495155,-41.38291559978375],[174.9860622329,-41.39595168330828],[174.99444783322326,-41.39040191673747],[175.01469328305836,-41.38980101661672],[175.01822483386317,-41.38661276669913],[175.03427223328003,-41.37957190020103],[175.0432684835658,-41.37331729956295],[175.09106343402254,-41.38243128302427],[175.1009071835197,-41.38536509985134],[175.11044311600006,-41.384193418999985],[175.11419677700007,-41.37544632],[175.12208557100007,-41.37250137299998],[175.13079834000007,-41.359584807999966],[175.13793945300006,-41.36999893099994],[175.14707946800002,-41.375026702999946],[175.1479492190001,-41.38166809099994],[175.14429720017702,-41.39801831659389],[175.17495931703746,-41.409406449928085],[175.19813368304017,-41.41976709957525],[175.21403078306497,-41.42859374957416],[175.21791076600005,-41.433334350999985],[175.21622949782972,-41.44147493382502],[175.22103938371188,-41.45121758348774],[175.21958923300008,-41.461666106999985],[175.2110441970363,-41.46890754738661],[175.20877075200008,-41.47835922099995],[175.2088012700001,-41.502498626999966],[175.2045898450001,-41.511695861999954],[175.19569262357118,-41.5230564084784],[175.19659299390176,-41.52786370147041],[175.2070305663851,-41.53157236684558],[175.2187500000001,-41.54166793699994],[175.22197139971587,-41.55177723342862],[175.22291062400637,-41.572125527218006],[175.22733456603993,-41.58182046630543],[175.23390983359891,-41.584844033058836],[175.2328991196243,-41.59587197293334],[175.236840728488,-41.60728247815944],[175.24246931687443,-41.603250650128516],[175.25678165066967,-41.60308006633945],[175.26988133282083,-41.607125500307426],[175.274762466125,-41.611799649894756],[175.28530883304833,-41.61065643274385],[175.29057074995336,-41.61354891637469],[175.30830863289773,-41.607971566197264],[175.32540653348428,-41.60595896616509],[175.33701741721822,-41.59522086684876],[175.34882918348006,-41.59226901630761],[175.35787983341308,-41.584872966123264],[175.3653016504917,-41.57188079983746],[175.38367290040293,-41.5677827669814],[175.39573146685893,-41.56875891688384],[175.4026764503589,-41.56597498318021],[175.42115470049126,-41.56638028284479],[175.4333814163025,-41.56883571689677],[175.44147160029368,-41.566326066247015],[175.4531807324632,-41.55724111710107],[175.45628780079508,-41.55259015050401],[175.46483645017003,-41.55185708293531],[175.4797458165116,-41.536925949860226],[175.49712866703084,-41.52822258293733],[175.50712000052658,-41.51094776646629],[175.51886610018838,-41.50485200001524],[175.5307875998669,-41.50388651649266],[175.53310003311694,-41.496545233431895],[175.5467299666246,-41.49612028291064],[175.5668494165561,-41.49163273335024],[175.5757856331393,-41.48418838324897],[175.58518594995954,-41.48737283267228],[175.59458558302595,-41.478306333051655],[175.60355911734322,-41.47480061684532],[175.60837325003948,-41.465951249845304],[175.6343003832608,-41.45331248291452],[175.6428219997553,-41.44302609986543],[175.6480441671344,-41.44233819969939],[175.65781589962756,-41.43042488284269],[175.66408674420813,-41.428003557033875],[175.66902013385305,-41.41868488269228],[175.67558390073407,-41.41379523304521],[175.68499143309006,-41.413953449983325],[175.69018988363425,-41.408074999332],[175.71012096659206,-41.40539303317821],[175.72083968245963,-41.39684619990379],[175.72978818406798,-41.393156866447626],[175.74434174984322,-41.3912993665924],[175.74960479984142,-41.386969066938775],[175.76698479982878,-41.37883069990865],[175.77036814931938,-41.37017556658321],[175.78267853309683,-41.36822063261202],[175.80117478413,-41.362338649854706],[175.8021006169485,-41.35411999972927],[175.798958750725,-41.348759049996744],[175.784751849585,-41.34319381624112],[175.80977548415535,-41.325200550135705],[175.7669070659555,-41.31667909988783],[175.7735094835928,-41.297964633124224],[175.7955599002999,-41.3024013168799],[175.80175560035119,-41.28562176676982],[175.7503606341425,-41.27544293356858],[175.75562626642218,-41.26089494981384],[175.74610110025415,-41.25287474963603],[175.73438964952052,-41.25892176631052],[175.72711501668923,-41.25449526726376],[175.7326271508333,-41.24533783285332],[175.74666618382628,-41.234928583019396],[175.75584656860508,-41.208954659989644],[175.7507983665861,-41.20372156626816],[175.73018001623078,-41.20310343288918],[175.72093105806468,-41.2293587736954],[175.71551941714716,-41.22823561665762],[175.702827566897,-41.23551119980406],[175.69625841744988,-41.23050149960344],[175.6884890993996,-41.23112209982279],[175.68736481734797,-41.224728849380256],[175.68078288257763,-41.224617783483716],[175.6765997165675,-41.21782399947342],[175.63672018253143,-41.21194801674822],[175.61354596697353,-41.20609881679465],[175.59473649973006,-41.20550653334927],[175.58325875003197,-41.198567782911496],[175.58259886659587,-41.19395244932381],[175.59071081682166,-41.18074209975296],[175.5879617992903,-41.17323484981947],[175.5762317337777,-41.17005639982796],[175.57761840061264,-41.16075934968105],[175.56360464995336,-41.16162179971503],[175.52996396716577,-41.15517501642358],[175.5148011827825,-41.14860733325119],[175.49301065052583,-41.14522175005997],[175.48934971749284,-41.14872618346862],[175.4755066829462,-41.14255779979475],[175.47648506673426,-41.13538643318141],[175.48817090055778,-41.13091409949649],[175.47979825052573,-41.11835618340494],[175.49063861664345,-41.117485616092516],[175.49633970004382,-41.109331816302486],[175.50651945077283,-41.10401204961353],[175.5126844835555,-41.09729063284651],[175.5028668492176,-41.08386014981008],[175.50819423328036,-41.07162499951194],[175.49837903263648,-41.0681984662703],[175.49851970020666,-41.06273483283774],[175.49204874990835,-41.058523466074675],[175.48203506700176,-41.0641227830999],[175.45562840076218,-41.060271382965176],[175.44098478390183,-41.05966891648091],[175.42214929960448,-41.06075609983722],[175.41366023329937,-41.06367418274152],[175.40052714992117,-41.05741206683703],[175.3972206501899,-41.05262858347567],[175.40058828326616,-41.041860400044555],[175.39579325018045,-41.03816429933003],[175.3939180331735,-41.02805513268158],[175.40197205063728,-41.020403416874906],[175.39056871606783,-41.00741514990269],[175.3940108000764,-41.00461323341511],[175.38774236716498,-40.99583356610116],[175.39317978247192,-40.987420783110124],[175.38194461731877,-40.97368461676869],[175.3838532339718,-40.964630449387016],[175.3929179675963,-40.945523649773556],[175.40434598318484,-40.934301149367045],[175.3912176997297,-40.92349656689547],[175.3696042992851,-40.92556043339401],[175.35540026697677,-40.93268013372716],[175.33159311697742,-40.93741184971663],[175.3039375491918,-40.93409243263684],[175.2920876671184,-40.94289136633638],[175.27990140028166,-40.94954061716833]]]},"properties":{"shapeName":"South Wairarapa District","shapeID":"76426892B24718175617028","shapeGroup":"NZL","shapeType":"ADM2"}},
{"type":"Feature","geometry":{"type":"MultiPolygon","coordinates":[[[[173.13020339705656,-41.2581267115581],[173.11140386864318,-41.25211538284337],[173.10664367700008,-41.25461196899994],[173.1044335040271,-41.263031171395895],[173.13098675179953,-41.27265611659288],[173.14209300110724,-41.28003129211026],[173.15328858385297,-41.28329745009131],[173.16541821601194,-41.28018828226477],[173.18075267900008,-41.28100743899995],[173.18535702821228,-41.28648829039361],[173.19624141952318,-41.28484460737116],[173.19172668500005,-41.27875137299998],[173.171646118,-41.27044296299994],[173.13020339705656,-41.2581267115581]]],[[[173.1996717028464,-41.33124923699995],[173.176048788091,-41.32185820452896],[173.16309690192224,-41.319581337535254],[173.15482007387814,-41.31132229685911],[173.15788269000006,-41.305805206999935],[173.14200946065867,-41.29132895093257],[173.13570825859895,-41.28785364375473],[173.12289428700012,-41.28919601399997],[173.0908660890001,-41.28794479399994],[173.0975494390001,-41.278778074999934],[173.08836364700005,-41.27627944899996],[173.07526151668813,-41.277173316521456],[173.0833129880001,-41.26458358599996],[173.07327270500002,-41.26458358599996],[173.0824267662479,-41.254684616968035],[173.08937991613178,-41.259145133624074],[173.10205798334215,-41.255845792358855],[173.10793487689105,-41.25061176562979],[173.10352701722945,-41.2454938664468],[173.0941314700001,-41.24127960199996],[173.0830075332817,-41.22583073293857],[173.08495530549715,-41.212625163978075],[173.0713546829717,-41.19595416638911],[173.06602741847092,-41.184748758312686],[173.0549926760001,-41.174610137999935],[173.04760850013503,-41.18312215013577],[173.02727676611727,-41.163684783733196],[173.01906344988444,-41.158580633540744],[173.0173112825424,-41.15255071686926],[173.00880948484792,-41.14110745707087],[173.0133560703382,-41.12839387547797],[173.02108988327825,-41.13253485043638],[173.02975958289895,-41.11206916627135],[173.0295390819469,-41.09567633657458],[173.03378296000005,-41.09000015299995],[173.01669311500007,-41.08044433499998],[173.00331468361722,-41.06493419986282],[173.0007616171047,-41.05901338337837],[173.00787223316163,-41.05124673277963],[173.02311064519517,-41.045382272770546],[173.01706771616986,-41.03816324965665],[173.0220740533642,-41.02845834616421],[173.0172192174063,-41.02097796636853],[173.01956447880062,-41.015421843067415],[173.00579834000007,-41.012916564999955],[173.01039666666435,-41.00450103298302],[173.01372676652326,-40.99090834979802],[173.03489948416956,-40.989680733720625],[173.04200315049835,-40.97489186677264],[173.04893271583342,-40.96814635002633],[173.0564736999548,-40.96442261724249],[173.06638883398767,-40.964242916583046],[173.06914361669635,-40.95626878390727],[173.058364868,-40.95875167899993],[173.0507812500001,-40.95461273099994],[173.04788208000002,-40.946723937999934],[173.05696420046542,-40.94214716675992],[173.05878263455827,-40.93025721560681],[173.05038452200006,-40.91583251999998],[173.05903238393307,-40.915015750504196],[173.0635178168262,-40.905749465735674],[173.0536879019087,-40.898542082678134],[173.04610773313433,-40.886705683105156],[173.0549926760001,-40.88124847299997],[173.06154668343865,-40.88273424923588],[173.06555183170525,-40.878216949327715],[173.06050678394905,-40.861960698866724],[173.0467838667119,-40.85573596686651],[173.04336547900004,-40.86041641099996],[173.02336120600012,-40.86208343499993],[173.01496887300004,-40.86630630399998],[173.00877380400004,-40.86086273099994],[173.02330017100007,-40.86044311599994],[173.0220286664213,-40.853037550023856],[173.01390321652343,-40.84678904948434],[173.01480820006927,-40.84045591662591],[173.00621194926924,-40.8286472168321],[173.006567133533,-40.81665651679847],[173.01569863375428,-40.81484451621972],[173.01232685078497,-40.80688246674185],[173.0029382506066,-40.80161936648246],[172.9931244498986,-40.787918216819726],[172.98666381800012,-40.782112119999965],[172.98083496100003,-40.787109373999954],[172.9657863171148,-40.78468584666428],[172.95869445800008,-40.792526244999976],[172.95625305300007,-40.80080413799993],[172.95788574200003,-40.81330490099998],[172.95291137700008,-40.821693420999964],[172.94502258300008,-40.82708358599996],[172.93767381607998,-40.82670589934093],[172.93913269000006,-40.81375122099996],[172.91918945300006,-40.80291747999996],[172.9195861820001,-40.810859679999965],[172.91329956000004,-40.81541824399994],[172.91082763700012,-40.823776244999976],[172.90382690064723,-40.82296844950537],[172.89500427200005,-40.831275939999955],[172.88827514600007,-40.83380508299996],[172.84538269100005,-40.83416747999996],[172.8160797354104,-40.82024060887393],[172.79800966722783,-40.8162795663909],[172.78923429966784,-40.80704416671281],[172.79203784997378,-40.80252651630507],[172.78289006942816,-40.79709184627235],[172.77332498334582,-40.79564638296419],[172.7613971346023,-40.78737639653409],[172.7534116005453,-40.78442034973107],[172.7333760999941,-40.772123416563446],[172.71083171677196,-40.746304182723705],[172.70143962579579,-40.73209491813089],[172.6952664497659,-40.72869351706493],[172.69004821800002,-40.73461151099997],[172.68202953249954,-40.734673949971445],[172.67584331651736,-40.724819683348635],[172.67855533396855,-40.71999646661363],[172.68873510007705,-40.7132382993644],[172.6864410004577,-40.67897400017772],[172.67473768284015,-40.6803016500492],[172.6655826994188,-40.67901901604167],[172.66112881631528,-40.67084391650907],[172.666050596613,-40.664829892612936],[172.65666198700012,-40.66210937499994],[172.65409056602908,-40.65221768333266],[172.6624003168237,-40.64270093337309],[172.66919553290865,-40.638875016027605],[172.67840638358754,-40.6450169668826],[172.68070621655446,-40.63214684990539],[172.68134580030522,-40.61643286668313],[172.69003143257606,-40.59535379991972],[172.68249511800002,-40.592971801999965],[172.68122863700012,-40.58750152599998],[172.68732816725654,-40.583274916209945],[172.7000893327713,-40.56910816605706],[172.70785505010443,-40.558332616184906],[172.72469898394357,-40.54257615060543],[172.72311460047766,-40.53752043323461],[172.73091696696378,-40.52751231642959],[172.7382701326657,-40.52521530047972],[172.75210733337477,-40.516428983446445],[172.76095526646208,-40.51422018392809],[172.7953337018718,-40.513603315684655],[172.80334310119335,-40.51475058331836],[172.83113346655463,-40.51503059908654],[172.85353448338415,-40.5176301826222],[172.8897282016808,-40.52003256560947],[172.90404323357748,-40.52354549970285],[172.918767385226,-40.5236600657474],[172.9475203181973,-40.529230132095115],[172.9598436349825,-40.534340000426035],[172.96676868373598,-40.534287516930846],[172.98366655120384,-40.53935576653605],[172.9954475518047,-40.544358199527935],[173.01004231743863,-40.55362926578197],[173.00978540029803,-40.54530146616793],[172.99669990010642,-40.53974414923822],[172.9796955156925,-40.53009479921722],[172.94625227729682,-40.52184842466577],[172.92002868600002,-40.51794433499998],[172.89486758159916,-40.51294326799996],[172.86963003374066,-40.51081073468967],[172.86077880800008,-40.51130676099996],[172.83812113422562,-40.50835166636691],[172.82071838416866,-40.50494156592965],[172.7865937655113,-40.50458283049142],[172.75500488300008,-40.509582517999945],[172.7375335690001,-40.509609222999984],[172.72165153332472,-40.503878666117494],[172.71414184600008,-40.50377654999994],[172.69169616700003,-40.49877929699994],[172.68418884300002,-40.504554748999965],[172.66289830667893,-40.50726049695251],[172.6510677010925,-40.51005939984743],[172.63583374000007,-40.516250610999975],[172.62416076800002,-40.52711105199995],[172.6125335690001,-40.52875137199993],[172.59541320800008,-40.54413986199995],[172.58919746149778,-40.546189680175615],[172.58422851600005,-40.552082061999954],[172.5741882320001,-40.55627822899993],[172.56916809000006,-40.56294632],[172.5624694820001,-40.562915800999974],[172.55297851700004,-40.57252883899997],[172.55714416500007,-40.57749938799998],[172.55207824800004,-40.58083343399994],[172.55476266660784,-40.58761039957164],[172.56653420065692,-40.584948999410805],[172.57575626778382,-40.56650195005878],[172.58453648566015,-40.57079250037948],[172.59982135002647,-40.57062569998738],[172.6056819334334,-40.564664766917296],[172.61643308339498,-40.56694763391922],[172.61907198402432,-40.56038694935902],[172.62570668464465,-40.55439478362218],[172.63294982900004,-40.55752944999995],[172.62878417900004,-40.57749938799998],[172.62922668500005,-40.586250304999965],[172.61611765187493,-40.58958750928081],[172.59336853000002,-40.58961105399993],[172.58085632400002,-40.59125137199993],[172.57044982900004,-40.59833145199997],[172.57175833754954,-40.60469266871023],[172.58253479000007,-40.60455703599996],[172.58082580600012,-40.61294555499995],[172.5697687902195,-40.60904379995357],[172.5445861820001,-40.61330413699994],[172.53997802800006,-40.62127685599995],[172.52499389600007,-40.623748777999936],[172.51557479991163,-40.632189682855],[172.50997903412795,-40.63116546672143],[172.50537613258197,-40.622264999484266],[172.51100418364234,-40.61703378276349],[172.52695480021222,-40.60825291655414],[172.53565720031503,-40.60663776637037],[172.53345424991753,-40.60145589968826],[172.5435746497236,-40.596416049521316],[172.53547844950606,-40.584001361991106],[172.51913452200006,-40.596248625999976],[172.4895629880001,-40.60916518999994],[172.4841918950001,-40.61794280999993],[172.47253417900004,-40.62044525199997],[172.46418762200005,-40.62705612099995],[172.44830322300004,-40.63127899199998],[172.4370574950001,-40.641639708999946],[172.40747070300006,-40.664611814999944],[172.3999786380001,-40.667945860999964],[172.39128112900005,-40.67583465599995],[172.38880920400004,-40.68336105199995],[172.36955261200012,-40.70166778599997],[172.36502075200008,-40.70127868499998],[172.34500122100008,-40.71461105399993],[172.33836364800004,-40.71627807699997],[172.32333374000007,-40.72463989299996],[172.3041992190001,-40.74205398599997],[172.29371643100012,-40.74916839499997],[172.27421569800003,-40.75624847399996],[172.2629241940001,-40.76666641299994],[172.25578308100012,-40.76708221299998],[172.24417114200003,-40.77380370999998],[172.2341918950001,-40.77624893199993],[172.2267150880001,-40.774612426999965],[172.2180466685077,-40.77736260801504],[172.22392451735993,-40.7848055161702],[172.235333450447,-40.792703733364824],[172.24783209998628,-40.804617483313685],[172.24646169939436,-40.81809313299217],[172.23817628339623,-40.82966899934167],[172.24041815021945,-40.83986463339158],[172.23766713374349,-40.845564899777884],[172.23045474996823,-40.85008086687605],[172.22903610022132,-40.85588066642815],[172.23341326745162,-40.86880316668485],[172.23917028312735,-40.87114181658115],[172.24485569983915,-40.866459799793915],[172.2599317159287,-40.85861718334918],[172.2634145495661,-40.865859032704485],[172.2703014003182,-40.871926816240936],[172.2862040001029,-40.87444586689065],[172.29007313395155,-40.87793244969392],[172.28820313307472,-40.88931133304167],[172.2815415327744,-40.898926749600875],[172.28836279988815,-40.903800799713565],[172.2956125997661,-40.90341995007387],[172.30122551672747,-40.91065829945636],[172.29407658334668,-40.91933936682887],[172.30524103264688,-40.925463916234136],[172.31569818360998,-40.92432329986233],[172.3289126336341,-40.936324932834374],[172.3514723498168,-40.93196509973615],[172.36890043305783,-40.936623999710505],[172.37674679980594,-40.93527569949459],[172.3811440336156,-40.94545578276655],[172.38634679979992,-40.949343582885305],[172.37549363346895,-40.961072700179066],[172.3700782169579,-40.970752467165376],[172.35016288378807,-40.98332828281761],[172.33617316754857,-40.984258199813574],[172.3245925175024,-40.99231699972452],[172.3103350336138,-41.01355811630122],[172.32315513290646,-41.02764913325798],[172.33331963398936,-41.03421695012926],[172.33045496731748,-41.04651805063609],[172.3245044500375,-41.05243663319422],[172.32771240036882,-41.06100478339446],[172.3509086500011,-41.06167486644168],[172.35051958345062,-41.05429974933582],[172.36243473285847,-41.05106996653857],[172.36091098308387,-41.04435716656269],[172.36640203338095,-41.03690126621706],[172.38359926593,-41.022432816647814],[172.40644606708736,-41.02733796630264],[172.41714235078516,-41.0332759994843],[172.42304001709292,-41.033011266305735],[172.43529446624814,-41.02762730014179],[172.43949251687025,-41.02047193342555],[172.4662194672883,-41.02254846616751],[172.47894939990067,-41.02506856679252],[172.48987841687617,-41.02231673301674],[172.49393829921607,-41.02452420021731],[172.49615433248883,-41.039972066738756],[172.49443783373206,-41.045068516548554],[172.4859684505071,-41.05424273272165],[172.49209239984768,-41.064741483346644],[172.51169084977093,-41.0660081497037],[172.52242063321944,-41.08116423311235],[172.51807178351797,-41.091560016479335],[172.52014971748164,-41.095883082915506],[172.53131819974854,-41.09604811632827],[172.54202571711718,-41.10087311699341],[172.5536816668367,-41.103210900219935],[172.55973073300225,-41.11554741720351],[172.5728453000422,-41.124611216616955],[172.58086003244227,-41.136392283401335],[172.59057678326462,-41.13745359947948],[172.5962903335083,-41.14769650019616],[172.61800498359491,-41.159895649413436],[172.62451654979316,-41.18385134980425],[172.62906883349402,-41.18685303351549],[172.62827290023964,-41.19325978296627],[172.6376933326613,-41.19564848329323],[172.65880865031235,-41.19276540017129],[172.66296469927084,-41.19453134959144],[172.67283525045374,-41.18820988311483],[172.6825049326673,-41.19249005007638],[172.6920823336502,-41.20024926610516],[172.69031106656269,-41.21178178330916],[172.67863246693008,-41.221935716545126],[172.66206948395072,-41.23211166655604],[172.65793758320248,-41.23916899954397],[172.63607516660187,-41.24517729943464],[172.6252801168879,-41.24307256652375],[172.60952573314665,-41.249757633322986],[172.60460595022636,-41.25354311672064],[172.57978451632238,-41.25410680006706],[172.57456269981358,-41.25804524943108],[172.57416116742127,-41.26570228274539],[172.5813823492915,-41.27159786665028],[172.58585556693507,-41.28808621611905],[172.59619271745757,-41.29232729932761],[172.60031203411262,-41.301833232660556],[172.59754818361017,-41.31100821623623],[172.58976148367617,-41.31827293335701],[172.58718396670324,-41.326402749711946],[172.58951224945918,-41.33477481629271],[172.5826659837139,-41.34114881679559],[172.5858204506898,-41.352836300164775],[172.58211033283712,-41.359618666034564],[172.5865438335356,-41.366051366049206],[172.58436156750457,-41.37619449996896],[172.57250366710258,-41.377405616231975],[172.55807488335253,-41.384392366905175],[172.5526720659423,-41.39804321655525],[172.5346511668596,-41.40128403271367],[172.532480349839,-41.40526659969883],[172.51954343314486,-41.40799998376464],[172.50876261702317,-41.41242876664611],[172.50457108405635,-41.4087062333567],[172.49321776657624,-41.407017550160184],[172.48466300019493,-41.408050566748685],[172.46311268412964,-41.40437756651752],[172.4627551824421,-41.39687743293331],[172.45789289924537,-41.39546964963371],[172.43699833333218,-41.408570333266205],[172.41965940039245,-41.410461150192155],[172.41528216722838,-41.41598756628437],[172.4217731331993,-41.42482851608871],[172.42905159978827,-41.42517113289238],[172.4305872159966,-41.43396623281535],[172.4220897835418,-41.44131893320591],[172.42437955026443,-41.45415301635101],[172.4196651325712,-41.45859788328747],[172.41801828257778,-41.4716592493225],[172.39499978334135,-41.480019299422224],[172.3888785837117,-41.49060756608619],[172.3717391171445,-41.494013816480965],[172.35255074977138,-41.50797964957384],[172.34245996745017,-41.5131613498026],[172.34652035025712,-41.53225783378045],[172.343807816286,-41.538973699976175],[172.34470554970764,-41.55529204957396],[172.3268413175004,-41.560307183343184],[172.3344616334565,-41.58320199944922],[172.33035994922272,-41.59959378295139],[172.32066548412863,-41.61028736676728],[172.30021706738802,-41.618230882942335],[172.29314416681441,-41.62392183302798],[172.29151393330272,-41.63459239966324],[172.28085971619882,-41.636500666505164],[172.27637099984767,-41.63149550012335],[172.26377671676394,-41.62739804950882],[172.25719139962985,-41.63210960004349],[172.2381306493187,-41.63951809996266],[172.2408750829547,-41.64339654936293],[172.23921951692932,-41.65292695046993],[172.24423760060523,-41.66071039965591],[172.25017336716013,-41.66192523283531],[172.2538063341407,-41.66902173282193],[172.24707896748416,-41.68421771670885],[172.25973465014974,-41.694397617321506],[172.25084766583637,-41.70307284987843],[172.24084934980206,-41.69963013316206],[172.2359843667791,-41.692975032764394],[172.2246489338691,-41.69339628294138],[172.21368483342468,-41.68905494952279],[172.2124617996046,-41.6960466667803],[172.18782255022842,-41.692551433460615],[172.17517811677521,-41.70273230014543],[172.16160169945553,-41.70279931643968],[172.15546213390232,-41.69966008273173],[172.15037658353975,-41.71081454972297],[172.13886810081004,-41.71586406699619],[172.12932229974447,-41.71400163294378],[172.12512548403362,-41.72210626631994],[172.1193573505398,-41.72514245005965],[172.11576624998057,-41.731786982828],[172.1242227670469,-41.735393766728876],[172.1240493499689,-41.74211031623145],[172.1181896164495,-41.74968159981311],[172.11786306686685,-41.75622946661563],[172.10760801737155,-41.764284616849814],[172.10027236710386,-41.76750596649369],[172.0972923333153,-41.77417323306673],[172.1003026008527,-41.78419804953511],[172.108030850245,-41.78973663346273],[172.1162842501492,-41.78915219977461],[172.11573056714496,-41.868404799666955],[172.10189806755068,-41.86927648297768],[172.0931320333591,-41.87597945006793],[172.09289293398606,-41.891947383221655],[172.07767898332963,-41.89653524941288],[172.07070728273945,-41.89292679985777],[172.06351630020956,-41.8990170828279],[172.0687531667449,-41.904202732861016],[172.06869548291453,-41.91034614960411],[172.07719493419444,-41.92088738293237],[172.0684474000686,-41.92924125013427],[172.0645272665784,-41.93698031619681],[172.05789875085128,-41.93757893325302],[172.05212681699263,-41.94518213297842],[172.05058670008373,-41.95225923309272],[172.05316638414914,-41.95887486652807],[172.06961893403798,-41.96414181688908],[172.06916901668774,-41.97313309989755],[172.07656871695394,-41.98717846676651],[172.07115668323326,-41.99871908317518],[172.08125226631273,-42.00785398293523],[172.10437326678658,-42.012899949929],[172.11408856690278,-42.012004182770056],[172.12057346694522,-42.01626828314497],[172.1174422333085,-42.02094968330036],[172.11813931653933,-42.02886560006588],[172.10548155066454,-42.04506311678265],[172.10500245027077,-42.04911651638855],[172.11560413309672,-42.06741991610805],[172.122751416181,-42.076479033039966],[172.13253318355504,-42.080634433478046],[172.1298513830194,-42.092441099741364],[172.13520366615745,-42.104043983379725],[172.16815526703863,-42.1039016498861],[172.17615301637966,-42.10034665026953],[172.18444348379725,-42.105163999639906],[172.20673074994843,-42.098314783216495],[172.20581761645042,-42.1047976502103],[172.21361535087013,-42.10731166667767],[172.2171055339352,-42.11424828343502],[172.21702041722415,-42.1252217332343],[172.2209638331677,-42.13163216649881],[172.23499958267308,-42.133612399329955],[172.24766796666063,-42.13237315017116],[172.2520440169957,-42.14440968323798],[172.26099479982003,-42.14831248343123],[172.31622066620233,-42.14788393274712],[172.33195021658267,-42.15063928293132],[172.34486098378378,-42.17631173277072],[172.34123273344215,-42.180620966873384],[172.34026715086733,-42.199055766471204],[172.34354590090103,-42.200582466884136],[172.34413221670877,-42.21428758331925],[172.34937866671984,-42.22151971736959],[172.3475450335226,-42.226270983236134],[172.3358758332329,-42.23420796603565],[172.33490025047874,-42.24293563317939],[172.34176516695453,-42.2448394663071],[172.3464855175163,-42.254121999414075],[172.35252929997134,-42.254984916681124],[172.3566065168162,-42.26687654971197],[172.34789779949614,-42.276699216844186],[172.35520500025663,-42.28030394968542],[172.36959353256762,-42.280602516815215],[172.4021248830845,-42.29826188360134],[172.419133066487,-42.30096076656087],[172.4309265502236,-42.30557390036138],[172.43867623368706,-42.301755916291725],[172.44465388310746,-42.29077831641952],[172.44539019986914,-42.28477768351782],[172.45362631731433,-42.27479359933243],[172.4672094660499,-42.278295983265714],[172.47205778402002,-42.27493028317927],[172.47903094981865,-42.27702943309731],[172.47854981625613,-42.27286314957872],[172.48710444974748,-42.26576030017909],[172.50211203344523,-42.268383299755826],[172.5151933168825,-42.26402665015782],[172.51708721705145,-42.257151716633864],[172.5295582327175,-42.24869616646469],[172.53396865002748,-42.241360433133394],[172.54576521668653,-42.23792336648693],[172.5591934334307,-42.22008806678215],[172.56924838342303,-42.21504478303455],[172.58277956739988,-42.216652316441326],[172.59274886721116,-42.21307640045037],[172.59679331740944,-42.207970632758695],[172.60518848254216,-42.20419461633391],[172.6071602167079,-42.1994778669327],[172.61471343352426,-42.195462649880874],[172.61696784998887,-42.18888603346537],[172.6116615328386,-42.1805489829166],[172.60964298350183,-42.16610060026184],[172.61199616730016,-42.15780213347069],[172.62813470013103,-42.14020571642797],[172.64076323337264,-42.13157333288901],[172.63165668341938,-42.12189971610597],[172.6329532503968,-42.10750383337155],[172.63918305011697,-42.10079468294368],[172.65801714955322,-42.09827056695071],[172.67840339966355,-42.087850099731035],[172.6813829671866,-42.08849961707292],[172.68686258354165,-42.10439496684137],[172.69126833376876,-42.106644717076186],[172.70200906616856,-42.10130431685444],[172.71723829942735,-42.10162688308199],[172.7214732495261,-42.10349183334138],[172.72731980006657,-42.09199396700303],[172.7235411994261,-42.08275484990215],[172.72551465013396,-42.07407885038085],[172.73117596694294,-42.070112983419],[172.7352988503079,-42.057895316305284],[172.73183863315913,-42.05475905021915],[172.7329589665692,-42.03464145030715],[172.7390903833299,-42.031990850004526],[172.75024743378327,-42.03265218286007],[172.75714116673882,-42.036003133208624],[172.76477866645752,-42.025773116416154],[172.77169073341645,-42.02338746658245],[172.7833175333816,-42.00892249987426],[172.77868800025476,-41.998534783396764],[172.78719473334945,-41.99166768365017],[172.7911267170213,-41.99273324964633],[172.80298666697223,-41.98517838363116],[172.80947650057163,-41.97458008332915],[172.81165623355128,-41.96445793344212],[172.80846353363026,-41.95786224997229],[172.82221775033173,-41.95080743327361],[172.84645590018437,-41.94320499980207],[172.8503225168834,-41.9316595003359],[172.86109413319113,-41.92246311689193],[172.86455874947794,-41.90768099970337],[172.86002868321248,-41.897550750013494],[172.85213978314962,-41.89205073319961],[172.8449126496489,-41.8911037503489],[172.84757055019367,-41.874287466346075],[172.85982731702168,-41.86663140024816],[172.86810226666069,-41.865880399737435],[172.8685582327228,-41.854113883236735],[172.87230178324108,-41.84494043339236],[172.89100443274046,-41.81821218374244],[172.90800660059813,-41.80852251677643],[172.9172526997322,-41.79834436679831],[172.92631335089422,-41.7938580664288],[172.92995621697239,-41.78739058360941],[172.94568001647278,-41.78093333311055],[172.9415079166047,-41.772269350052866],[172.93306076593086,-41.769175316761405],[172.93297535047853,-41.76185594948707],[172.92623519945172,-41.75773361705188],[172.92603806737105,-41.74840819933647],[172.93062224947943,-41.74380996627661],[172.94980771669856,-41.7501814164004],[172.95788926679342,-41.74952035024687],[172.96398293368418,-41.744315049877876],[173.00379038301284,-41.72480346687595],[173.0573755832291,-41.668460749797866],[173.05793683408623,-41.6595601661572],[173.05396909923422,-41.65194181688922],[173.05387838243206,-41.63640501678858],[173.05959026619402,-41.62516724999675],[173.0672360825472,-41.6235530327835],[173.08665261699332,-41.62492523336678],[173.0975642331374,-41.61881553307483],[173.1045380665122,-41.60985168290965],[173.12130138325213,-41.60814021700936],[173.12588370043014,-41.60297539966816],[173.13004601667822,-41.59102128313307],[173.13920435027686,-41.59017176646506],[173.15161498274415,-41.58547108364394],[173.15353806723158,-41.57338515044699],[173.16541813312023,-41.54999041681004],[173.17449573270233,-41.542625267113635],[173.16870053359446,-41.531154700431145],[173.17209260023847,-41.524447117148085],[173.18579668305534,-41.52877033286008],[173.19413710081167,-41.527180366412665],[173.2036661999537,-41.5202632664981],[173.2165593006864,-41.51824530012614],[173.23546625009695,-41.52037763328503],[173.24002171726173,-41.52332568309894],[173.2522997170368,-41.52381828360183],[173.2649654665299,-41.52167416631106],[173.27946459949362,-41.51649551677549],[173.28730535044764,-41.51821876650924],[173.29760951684727,-41.516246150122726],[173.30414950050434,-41.506032133643004],[173.29065886685632,-41.49444113297575],[173.27407310022392,-41.48834878311729],[173.27371145016278,-41.48538903290359],[173.25083138412685,-41.4665801165558],[173.26063373375922,-41.45788578287225],[173.2647248830063,-41.45076648323795],[173.27354435030313,-41.44894588289903],[173.2774575169473,-41.438505150344305],[173.29485091709157,-41.42563703296099],[173.28889518402184,-41.41720104971199],[173.28619149928647,-41.40108581616196],[173.2974439833663,-41.39314151628021],[173.27221444925604,-41.37873391661117],[173.25636651718415,-41.382201266429995],[173.2480231005056,-41.370523882768445],[173.2396003838829,-41.36826286687231],[173.23003528364782,-41.36882281609739],[173.23124339977238,-41.36204796688757],[173.22416908350826,-41.36035291676179],[173.21782836665565,-41.35475635027508],[173.21910278314547,-41.34890979972277],[173.1996717028464,-41.33124923699995]]]]},"properties":{"shapeName":"Tasman District","shapeID":"76426892B40420864534448","shapeGroup":"NZL","shapeType":"ADM2"}},
{"type":"Feature","geometry":{"type":"Polygon","coordinates":[[[173.2974439833663,-41.39314151628021],[173.30430226753091,-41.39339018269525],[173.32167013402739,-41.3869471001926],[173.33719410053035,-41.38562841607083],[173.34077841699806,-41.378116782756386],[173.35721351688798,-41.36095236612727],[173.36074555076152,-41.35319538264394],[173.3760017662868,-41.3423394165102],[173.39396886728997,-41.33672655017864],[173.40678916666,-41.330958350174654],[173.41468891667716,-41.3231459170096],[173.41663671592605,-41.31344578319806],[173.42036848307885,-41.310062333363746],[173.4209934675888,-41.29977370025862],[173.41541929965712,-41.28914169950372],[173.43691098309415,-41.272944449617626],[173.4418159335574,-41.26418975006577],[173.45574071757204,-41.25605325014473],[173.47145278409153,-41.24244793279406],[173.4763740658563,-41.22882278273773],[173.48704293327503,-41.22201565007289],[173.51579918352863,-41.21389568336556],[173.51924458323055,-41.21045591689067],[173.52300785071225,-41.197991866747685],[173.53429221698758,-41.195883683482954],[173.54390886611228,-41.189791116809225],[173.5491947998891,-41.191362599982476],[173.56836581649642,-41.18973096616106],[173.57282976751628,-41.18406456656759],[173.5799789994201,-41.16414301605359],[173.58146301622398,-41.14838896621214],[173.5785742168461,-41.13594361625547],[173.5807963335756,-41.131320916799545],[173.57986014986898,-41.12080406658572],[173.5843577000837,-41.11772076677031],[173.5901665667883,-41.10731296644894],[173.5882089160218,-41.10010719958932],[173.59617041750653,-41.09025674966527],[173.59237501752054,-41.07756400020859],[173.59785568283186,-41.072630132942955],[173.59702790003288,-41.05808118273808],[173.59441757215995,-41.0522876446268],[173.588714599,-41.0625],[173.58328247000009,-41.06627655099993],[173.57257861550283,-41.06480796512563],[173.57122802700007,-41.07083511199994],[173.56039428700012,-41.08416748099995],[173.54593271711246,-41.09730933323526],[173.53585815400004,-41.102973937999934],[173.52410888700012,-41.102085113999976],[173.50955200200008,-41.11338805999998],[173.51043701100002,-41.126693725999985],[173.50375366200012,-41.139194488999976],[173.49664306600005,-41.14294433599997],[173.49169921800012,-41.15041732699996],[173.48246765200008,-41.157081603999984],[173.47351868079488,-41.15795860005867],[173.46414184600008,-41.16627883799998],[173.4466194903521,-41.16630169781145],[173.4307199994529,-41.1761697668634],[173.42454200026583,-41.16951896714285],[173.41329646645207,-41.16312169990673],[173.41146129984756,-41.15860116719573],[173.40317934195977,-41.156592509236496],[173.39669799800004,-41.163776395999946],[173.38749694800003,-41.16961288299996],[173.37441896614902,-41.173026549830425],[173.36331176800002,-41.18458175699993],[173.32361723312974,-41.203745016590716],[173.32996081740598,-41.21818788348834],[173.3198196508803,-41.22623134938003],[173.3155422604146,-41.236486737147565],[173.3138122570001,-41.24919509899996],[173.3008270260001,-41.25547409099994],[173.2941741940001,-41.26458358599996],[173.27078247100008,-41.261249540999984],[173.25085449200003,-41.279609678999975],[173.23585510200007,-41.279609678999975],[173.2324676510001,-41.28705596899994],[173.22708129800003,-41.28916549699994],[173.22053970694904,-41.29658339230318],[173.21789550800008,-41.310859679999965],[173.2112426760001,-41.31835937499994],[173.20753479000007,-41.32958221399997],[173.1996717028464,-41.33124923699995],[173.21910278314547,-41.34890979972277],[173.21782836665565,-41.35475635027508],[173.22416908350826,-41.36035291676179],[173.23124339977238,-41.36204796688757],[173.23003528364782,-41.36882281609739],[173.2396003838829,-41.36826286687231],[173.2480231005056,-41.370523882768445],[173.25636651718415,-41.382201266429995],[173.27221444925604,-41.37873391661117],[173.2974439833663,-41.39314151628021]]]},"properties":{"shapeName":"Nelson City","shapeID":"76426892B89864020181471","shapeGroup":"NZL","shapeType":"ADM2"}},
{"type":"Feature","geometry":{"type":"MultiPolygon","coordinates":[[[[174.07363876635918,-41.524398850447085],[174.07041034944226,-41.531916649653944],[174.08350728251708,-41.52848163394116],[174.07363876635918,-41.524398850447085]]],[[[174.3816041241144,-41.08806823460158],[174.38037065158042,-41.09869736679665],[174.37261816765923,-41.10641269850141],[174.36426801798365,-41.107996900062005],[174.35753638514456,-41.117808582064725],[174.34899814329802,-41.11643152760032],[174.34018400049047,-41.12281268223588],[174.33852304990853,-41.1275275160554],[174.3269552260001,-41.12975748699995],[174.31972533456462,-41.1244525830217],[174.3034990014528,-41.126936198769556],[174.29552893364166,-41.134678832535265],[174.30032925075878,-41.137883983337964],[174.30696806761938,-41.13200553207834],[174.31982540005973,-41.13064540058861],[174.32821145015,-41.1335316325197],[174.32570400500003,-41.14017680408763],[174.32928325117325,-41.14718006629134],[174.3391020338943,-41.14679263188341],[174.3534285017866,-41.143031916860885],[174.35969793421634,-41.1373186817475],[174.3688996828108,-41.124542149456445],[174.37452646835231,-41.125191148292664],[174.37493313260958,-41.13752744955722],[174.36426391704165,-41.15087813340679],[174.3646902000103,-41.15578468335829],[174.34520473800012,-41.16478403699995],[174.3354037808807,-41.166166161277076],[174.33270871585782,-41.174890199843674],[174.32498333329366,-41.176636716922545],[174.31061946744805,-41.17504458325394],[174.3185689346135,-41.16546966728994],[174.31148286854986,-41.16253698391054],[174.29436417077687,-41.16751261742882],[174.28772487900005,-41.183117471999935],[174.28108730600002,-41.18142374599995],[174.26254982713664,-41.18242933994914],[174.2500866996243,-41.190611282901756],[174.25975351721152,-41.19313614896316],[174.25469709874372,-41.198977833209405],[174.2412538016368,-41.2067714828687],[174.23103847800007,-41.217285714999946],[174.21688238370342,-41.210097550562914],[174.21459888355272,-41.20686026641878],[174.19397053031452,-41.20975550299994],[174.1868948010001,-41.218952737999984],[174.1759335380117,-41.221547270273874],[174.17641338263914,-41.22744006543599],[174.16680817346227,-41.228143017155254],[174.16074956683374,-41.2393808826498],[174.16253269993564,-41.24307251518155],[174.18489775083503,-41.240921133003916],[174.189827184398,-41.234645333141266],[174.20253443326612,-41.237011933521025],[174.21247739933617,-41.23513658192565],[174.21819237673884,-41.23105257204938],[174.222017335072,-41.22345158301469],[174.22925821790878,-41.22154659991571],[174.2326298683964,-41.22585841713413],[174.23133557410196,-41.234765349666006],[174.24565198497646,-41.23328955003025],[174.25095545072216,-41.23709331654506],[174.26856786836305,-41.219397516260095],[174.28057035093005,-41.21460361640478],[174.282981101645,-41.207920099521445],[174.29550903495903,-41.20996944888166],[174.30535017276813,-41.20550386774916],[174.30566883361692,-41.20223311734607],[174.32517311641232,-41.209645116385786],[174.3317485830705,-41.20518868306139],[174.3369448664661,-41.19590466670285],[174.3425631846579,-41.191872266657434],[174.35351580144365,-41.1929856653634],[174.35551836839102,-41.19881583380249],[174.36430053323144,-41.20046476654801],[174.37404717700193,-41.19432553899808],[174.37471268408945,-41.18298219885975],[174.36754573312973,-41.174622131858946],[174.3698277360005,-41.1709868646945],[174.3700646660771,-41.15912444991284],[174.3757265008577,-41.15354659955443],[174.38192483438706,-41.142258715875904],[174.38234463000003,-41.134338937999985],[174.3867924554666,-41.130462163826145],[174.38632636777203,-41.12253288254495],[174.3913827701099,-41.1182447143316],[174.3888345493204,-41.11250819955299],[174.39125766764695,-41.09343106636384],[174.3816041241144,-41.08806823460158]]],[[[172.7214732495261,-42.10349183334138],[172.7186331502855,-42.11491454981893],[172.72484713271837,-42.12226361692506],[172.7226758501993,-42.127943150215415],[172.72600944978868,-42.13478231629352],[172.7193780834164,-42.13839558294862],[172.71900529971737,-42.149610466982644],[172.72163946682767,-42.15869828329444],[172.72907740024795,-42.165275216739246],[172.74430708329436,-42.16828849991012],[172.7489608000936,-42.1721615831367],[172.78182051728155,-42.167307982948785],[172.78609065004636,-42.162330599617526],[172.79911658354985,-42.16473806687771],[172.7951589004007,-42.170360866652544],[172.79564174995141,-42.179224983118985],[172.80901829913972,-42.18985429940581],[172.82064396631935,-42.18279486637083],[172.83205498360115,-42.18445741687749],[172.8344030168207,-42.19011428291396],[172.8314088497351,-42.1990650996297],[172.82329009909907,-42.204707016751186],[172.82279774943908,-42.22508536683648],[172.82532643256596,-42.229145300026666],[172.82656375009097,-42.24822913341909],[172.8540376823974,-42.25299131656728],[172.85889825069884,-42.25528036653577],[172.8614506000829,-42.266088066398524],[172.851848349633,-42.277175266497856],[172.8510655330465,-42.28199536644973],[172.84243633332028,-42.289184066450915],[172.8467545176034,-42.30772511642],[172.85534416623952,-42.310257616844744],[172.869000815913,-42.3175853329517],[172.8726593176034,-42.31463024973843],[172.89017366696535,-42.309889499632895],[172.89453834986173,-42.31431749987891],[172.9073316332578,-42.308268100375024],[172.91414483324795,-42.30860890007513],[172.92192365079134,-42.32545596709652],[172.91822379995392,-42.329269582691595],[172.91969463314985,-42.34600558349626],[172.92451028307292,-42.35031441642336],[172.94355958416457,-42.351041549908174],[172.93837349974572,-42.37206516645536],[172.94139345023044,-42.37782503351434],[172.96854863396658,-42.393173100193536],[172.97832721644593,-42.39571546615517],[172.99088908308565,-42.39167036631495],[173.00289067397082,-42.393277453951136],[173.00103871632268,-42.39953556712299],[172.99291374998958,-42.403850366547985],[172.98971771713624,-42.41380855028973],[172.98448579992964,-42.42027945028239],[172.9865090334752,-42.42495746679945],[172.98355208384172,-42.43295688342865],[172.97643016633123,-42.43350095000083],[172.9727433984201,-42.4488952454334],[172.98287386685377,-42.451974549682554],[173.00118229977684,-42.45172065003727],[173.00630674944793,-42.446518116879915],[173.01449424915825,-42.44629149991694],[173.03276073385425,-42.457670732814826],[173.0330816172385,-42.46516644973711],[173.03914805072287,-42.4720159168912],[173.0357890007556,-42.483470532870705],[173.05561391643064,-42.48774514959834],[173.06885075019633,-42.481032332939044],[173.0763874836311,-42.46876116602735],[173.07638356620367,-42.46080701642544],[173.0927591992395,-42.461464233030384],[173.09977424949702,-42.45881915024097],[173.1062509496593,-42.44768113342811],[173.11155126649194,-42.445941600008005],[173.1194700494612,-42.45038388282002],[173.14311403331584,-42.45132933348279],[173.1523201997733,-42.44960276636395],[173.16056770001362,-42.43063768305692],[173.1599375824154,-42.425528866023726],[173.16430443291057,-42.4185066330797],[173.17098195045548,-42.415067032769365],[173.18989553286397,-42.41054639950187],[173.2028030661761,-42.39825731647139],[173.2048644669005,-42.3886631500777],[173.20907071735874,-42.38305174933774],[173.22134168416173,-42.378663332741034],[173.2186005501599,-42.36608478263855],[173.22456356678737,-42.356047482886176],[173.23449743315985,-42.35464496659351],[173.24331679963674,-42.35608476709663],[173.2259005994493,-42.346328449511844],[173.18065146606727,-42.34640404989541],[173.1854520164147,-42.33504069992834],[173.191285100592,-42.33210308273884],[173.2045218501558,-42.33421085011479],[173.20723108330185,-42.33024371621738],[173.20692474977636,-42.3172831494302],[173.2164926833447,-42.315124566065805],[173.234228666892,-42.30556783300717],[173.2445247174798,-42.30310411615459],[173.2550493337297,-42.29571888299976],[173.25982820043603,-42.28959621617948],[173.270715617342,-42.283680333139195],[173.29627688414607,-42.265420099738066],[173.3018352000402,-42.257180432657144],[173.29576330079186,-42.24979906659082],[173.30313126670217,-42.24614959974436],[173.31220136690268,-42.25038159969642],[173.33392405037605,-42.24626511688784],[173.33757683376717,-42.241468783306345],[173.33994266645863,-42.22874678313587],[173.34813346711283,-42.23413444963021],[173.34423073312914,-42.238138182674376],[173.3517866999091,-42.24272289974698],[173.36809771619704,-42.23560653386076],[173.36873956649055,-42.2239922498513],[173.37431940090937,-42.22424766662425],[173.3832084339146,-42.217404949640255],[173.3912707002629,-42.221885282649815],[173.4040251672621,-42.21943616604094],[173.4175396332676,-42.21021948307809],[173.42280006655474,-42.209102800089624],[173.43626798312604,-42.21433349963857],[173.44122056657557,-42.203861017046385],[173.44929806617432,-42.19904569999861],[173.46446335014727,-42.195673699901405],[173.4646867830422,-42.17953516639855],[173.4848102006189,-42.178560049963025],[173.480530467442,-42.17227510029283],[173.48286288390057,-42.16637576603756],[173.4781548498766,-42.16322353336938],[173.47380086718834,-42.150600233192286],[173.4718764164671,-42.1331884002231],[173.4669724831718,-42.125096633089434],[173.46796983339155,-42.11584661680609],[173.47657010056923,-42.116546383554926],[173.4882347169138,-42.10680553348319],[173.48401536724086,-42.09941186697149],[173.4909166497909,-42.08808891702947],[173.49913466649386,-42.07873714975605],[173.51766559947538,-42.06939340040631],[173.5468361163202,-42.06978779987053],[173.54465866717342,-42.06124898356926],[173.5530547828736,-42.05353181707812],[173.55514088288433,-42.0459223831097],[173.56304658385267,-42.04210533324971],[173.57038408275162,-42.034840116598915],[173.58148895000033,-42.029271266347855],[173.59450423262933,-42.029289550210144],[173.60092578331492,-42.02261766643376],[173.60744706649186,-42.00698448305754],[173.6183184669094,-42.006044116139094],[173.6228549828459,-42.010315932997045],[173.63779953412183,-42.00941581634178],[173.66247668416824,-41.9960826173044],[173.66037480045918,-41.985822483132864],[173.66902129986514,-41.97999944963648],[173.67584196698564,-41.97971709937619],[173.68202684990416,-41.97428248326977],[173.7002612498212,-41.971966900113706],[173.71148294973563,-41.96419691647312],[173.72024588303918,-41.960759766287275],[173.71335613336103,-41.94987438340722],[173.714284500138,-41.940463966841264],[173.72370903358424,-41.931613983027326],[173.7231868170586,-41.927728966546276],[173.72876970011257,-41.918477216819646],[173.74440786676823,-41.90737309977452],[173.76686406612785,-41.92180396652913],[173.78945255054114,-41.95817926706416],[173.79507639996228,-41.95174740014978],[173.80752244967024,-41.94462921699156],[173.8172933165046,-41.932977383606655],[173.83738883374582,-41.93109744957196],[173.8495623169608,-41.931745616374414],[173.88424964990986,-41.923556200230216],[173.9145576663198,-41.915210749793275],[173.92389606418865,-41.92113432649733],[173.93176725057853,-41.92043995042245],[173.943591599724,-41.91232551699101],[173.95556276693816,-41.912651850268794],[173.96107673366075,-41.915608382969104],[173.96993360001545,-41.92615834965788],[173.9793928999219,-41.925613216935886],[173.97716993313313,-41.93336320008105],[174.00355380037368,-41.932064750169666],[174.0195625833629,-41.93955034983656],[174.03036279749423,-41.93144326612956],[174.03546205032472,-41.93476764941259],[174.04940518304608,-41.92908793282534],[174.05481436602275,-41.93381463323604],[174.06119596634682,-41.94481390042933],[174.06026925012625,-41.95438864963145],[174.0499156500984,-41.96379020035244],[174.0488000445246,-41.96811536113054],[174.06667913327053,-41.95422360033298],[174.08274263389566,-41.94464538360165],[174.08359443385788,-41.94141153308708],[174.09719316730332,-41.929871883489604],[174.0972222004792,-41.92389676625997],[174.11593538269057,-41.905174799579456],[174.12671175056943,-41.89892965008499],[174.1349913338278,-41.891167750146934],[174.16134959999715,-41.871447532715315],[174.1603274832506,-41.865457583132304],[174.16783845038432,-41.85665554989423],[174.18104943315242,-41.84996013305441],[174.18226011621198,-41.84561626711436],[174.1968045663657,-41.83556988336344],[174.19338249941603,-41.830827716629116],[174.1977840671569,-41.822635083047835],[174.2127469832227,-41.813513699968475],[174.21280928304054,-41.801295332903685],[174.21802708364518,-41.79208933317779],[174.23072046649128,-41.78459408359288],[174.2418335499525,-41.76898134990727],[174.2500112831686,-41.76186361669381],[174.25579288382522,-41.76030538296312],[174.26530079986694,-41.74948558364247],[174.27505973335533,-41.742861116779146],[174.27562609955552,-41.7359458997547],[174.24330139200003,-41.73205566399997],[174.22410583600004,-41.72377777],[174.2149963380001,-41.729610442999956],[174.19670105000012,-41.722946165999986],[174.18511310023422,-41.714509483548426],[174.17272184986308,-41.69858896655251],[174.15988113314904,-41.67136500040276],[174.15696689977483,-41.647655032993754],[174.16241084977898,-41.62069304979709],[174.16575148312518,-41.610583050354855],[174.1659486126943,-41.602188895544614],[174.16077227501088,-41.59445866901264],[174.15305681672976,-41.58844103330971],[174.14834156651534,-41.57441549957618],[174.1504235838234,-41.559424700238964],[174.13577270600013,-41.55374908299996],[174.12919616700003,-41.54627609099998],[174.1225088503395,-41.546875917127274],[174.11029539948854,-41.55705044973854],[174.0984830003435,-41.55820678341343],[174.08151185007804,-41.553336899911656],[174.0856911996457,-41.548987866316345],[174.0790535838154,-41.542785700180616],[174.0709695664786,-41.553666166165094],[174.05938714856046,-41.552276113424526],[174.05401185057616,-41.53758480018596],[174.0692974834103,-41.53275258308614],[174.07204843273587,-41.5239523333791],[174.05649140044713,-41.507858950083964],[174.06082973871096,-41.50129213597113],[174.05747844086278,-41.49648638297374],[174.0491638190001,-41.49460983299997],[174.04122924800004,-41.48919296299994],[174.0304366999878,-41.468135233449544],[174.02899108383036,-41.45584403356346],[174.03158531691673,-41.435729983577126],[174.03962621623845,-41.410443250169806],[174.04844864971847,-41.39310694983478],[174.05701696728582,-41.38599489982412],[174.0619495004912,-41.38942175042565],[174.07318603288596,-41.374355216535726],[174.07684847036245,-41.36396142375895],[174.0709441170781,-41.35910701631271],[174.08886986634903,-41.35418758289322],[174.10241719102657,-41.336753949639174],[174.09772113365077,-41.334552933051505],[174.11170588317415,-41.323133616565165],[174.11776173369483,-41.31437150010947],[174.11341384999548,-41.29879276652926],[174.12500241697362,-41.29937883304086],[174.13150933303316,-41.29516413338036],[174.13306229955944,-41.28532944966655],[174.15021404998942,-41.284781432985184],[174.15069871583654,-41.29172561623478],[174.14707946800002,-41.303390502999946],[174.1494312997595,-41.30614804962165],[174.16168481706563,-41.29099073358575],[174.18049073312795,-41.285987450115606],[174.1889036836099,-41.292182099704554],[174.18753051900012,-41.297973630999934],[174.17752075200008,-41.297084806999976],[174.1787567140001,-41.30416488599997],[174.1698404669758,-41.3085477670418],[174.17538452100007,-41.31672286899993],[174.1699981690001,-41.32041549499996],[174.1616668700001,-41.32044601399997],[174.1583557130001,-41.33041763299997],[174.1508026130001,-41.32961273199993],[174.1479187010001,-41.33502960199996],[174.13916015600012,-41.34208297799995],[174.13204956100003,-41.34172057999996],[174.12561363555332,-41.34785889678805],[174.15242568400038,-41.34804716666107],[174.15727248284998,-41.340307516330554],[174.167332899838,-41.33574496671696],[174.17303765049678,-41.33716134999611],[174.18051508321687,-41.3337175837389],[174.19160438285596,-41.33686485021862],[174.1962577504675,-41.33232656674925],[174.19479336680627,-41.31627844983025],[174.20089949973135,-41.310241099601654],[174.21044921800012,-41.314998626999966],[174.2146391834077,-41.323530416685855],[174.22178501636145,-41.315573850257074],[174.23660083304043,-41.31621788316464],[174.24075380048785,-41.31071004978504],[174.230299883465,-41.29762555033242],[174.2228019661455,-41.29274061698857],[174.22820614987705,-41.28823014972012],[174.24170361643846,-41.286793750055296],[174.25013189951994,-41.28124521669221],[174.25634038329403,-41.28259956627452],[174.25338105039225,-41.269740049108975],[174.26230808379893,-41.26864799981365],[174.26675266706067,-41.27289135007044],[174.27504730049478,-41.26830308343882],[174.27473496707114,-41.255628032877],[174.2827340837554,-41.25233541592744],[174.28848028383706,-41.24635843299499],[174.28750610400004,-41.22955703799994],[174.27420044000007,-41.234584806999976],[174.27542114200003,-41.24169540299994],[174.25941961759403,-41.24532658248126],[174.2670593260001,-41.250862121999944],[174.25094465142394,-41.259137666041404],[174.25165074975703,-41.25215201491305],[174.24461364700005,-41.249999998999954],[174.2203674320001,-41.25336074899997],[174.21170044000007,-41.25708389299996],[174.20787958414994,-41.253445948370654],[174.20788828897258,-41.24625729915918],[174.19833374200005,-41.24544525099998],[174.18674146672524,-41.252975283394406],[174.18711640480777,-41.259678706942815],[174.19830476675256,-41.26614459958984],[174.21078328283986,-41.265918632627304],[174.20246887200005,-41.27791595499997],[174.19697743944548,-41.270474948553115],[174.1803513002926,-41.26567534986618],[174.1767121840031,-41.25955649963972],[174.1779894690048,-41.25125370519077],[174.1645507820001,-41.25747299099993],[174.15404210026858,-41.25702721668744],[174.15086364800004,-41.24961089999994],[174.13996887200005,-41.261276244999976],[174.13255590015154,-41.256450899812336],[174.14489780021566,-41.24066568343138],[174.14083862400003,-41.234584806999976],[174.1283111570001,-41.24211120599995],[174.12127106813216,-41.23670824030849],[174.1074676510001,-41.24211120599995],[174.1000213630001,-41.24791717599993],[174.09416198700012,-41.24458312999997],[174.08247375500002,-41.24874877999997],[174.07630920500003,-41.25505447299997],[174.08305326754848,-41.25833298297239],[174.0874786380001,-41.26963805999998],[174.07743835500003,-41.27125167799994],[174.07506111638324,-41.2632617335403],[174.06375122100008,-41.25580596799995],[174.05580139200003,-41.26041793699994],[174.0483093260001,-41.26874923599996],[174.03712141656374,-41.267354333628184],[174.0412542330565,-41.25750726637317],[174.03747558600003,-41.255416869999976],[174.0266723630001,-41.26961135899995],[174.0216369630001,-41.27044296299994],[174.01455688500005,-41.279193877999944],[174.0104545649666,-41.288561299060824],[173.99836731000005,-41.282112119999965],[173.99469295233024,-41.27498803274278],[174.0030254000563,-41.267157600174365],[173.99499511900012,-41.26458358599996],[173.97573287376645,-41.26869894443547],[173.96697216640953,-41.268064566907796],[173.9683074950001,-41.274612426999965],[173.95909243358932,-41.27297194956505],[173.95799468617065,-41.268775939999955],[173.93666076700003,-41.27044296299994],[173.9300231940001,-41.274612426999965],[173.91993713400007,-41.27624893199993],[173.9171142570001,-41.28083419699993],[173.90445415025937,-41.280329333681806],[173.910987450396,-41.26618788336087],[173.92731514986122,-41.26361823319508],[173.9392674334023,-41.25466636665962],[173.94630436687098,-41.25663641605841],[173.95618166667776,-41.25225538263398],[173.96909283325397,-41.255101749481405],[173.9712313635614,-41.24029578102572],[173.96428893338495,-41.231697466401606],[173.97429783355463,-41.229731933462915],[173.98283821681463,-41.23507296647447],[173.9872323163935,-41.24256356687995],[173.99651289966187,-41.24083138349488],[173.9944835174527,-41.23497569961963],[173.99803707314356,-41.23072296568755],[173.99676064949358,-41.220032249753125],[174.00824649981678,-41.224382333496656],[174.01006093372493,-41.23189104936642],[174.02210998600003,-41.23169326799996],[174.01948408363344,-41.23935690017487],[174.0312567997539,-41.237922233132075],[174.02671506695773,-41.221341650095624],[174.03100113305737,-41.209612732680846],[174.03759206747202,-41.221743916045526],[174.04728148295092,-41.222723200113656],[174.04351600025225,-41.21538805011789],[174.04995510067488,-41.20922906657845],[174.05501964981613,-41.21613058319505],[174.0694854172745,-41.20531513366407],[174.07440999989012,-41.21030636627883],[174.0754358832841,-41.222105266453454],[174.08003391594045,-41.22874816613582],[174.08832930447554,-41.22530768983531],[174.08502181664986,-41.211935450025116],[174.09172309991706,-41.211435116037364],[174.09313436676157,-41.2015597328709],[174.0988468670308,-41.20253220018928],[174.10526614972196,-41.20924894991043],[174.10411203335136,-41.22005749934143],[174.11140603395054,-41.22306443327986],[174.1195939166745,-41.220066999471214],[174.12310200053352,-41.21549736608884],[174.11316235032183,-41.20675423301194],[174.1165721993531,-41.19828180006334],[174.12788391100003,-41.194972991999975],[174.12762923803143,-41.20391767499738],[174.1377093167871,-41.20371681671658],[174.14492100023932,-41.2087972494982],[174.14538574200003,-41.214973449999945],[174.15640323210138,-41.21163229502491],[174.1485095835097,-41.20696583293373],[174.1488398004302,-41.20109904971195],[174.15531273331098,-41.19825854973925],[174.15132216695423,-41.192128432812716],[174.15417297248575,-41.18712051231354],[174.1496555492142,-41.180815000161466],[174.16351753393985,-41.176366699394116],[174.17262445032333,-41.1799286001089],[174.18050446753642,-41.17972128267484],[174.17877703683487,-41.19046400822108],[174.18719238307904,-41.19385879952688],[174.1924758335946,-41.18223488273691],[174.2007490502339,-41.18288733282365],[174.19855171649158,-41.175382366048424],[174.18913269000006,-41.17711257999997],[174.1841619667827,-41.174712533207206],[174.18812890067935,-41.166961562849984],[174.19389208382424,-41.16248958305115],[174.19166565000012,-41.157081603999984],[174.18167114200003,-41.158748626999966],[174.17083740300006,-41.15041732699996],[174.16009575033308,-41.15017188268286],[174.16633966075398,-41.143279739461576],[174.16296725254315,-41.13210119073424],[174.1533725670905,-41.13081989948088],[174.14957794964235,-41.122578782889015],[174.14774169999083,-41.10848649961728],[174.15826664990573,-41.116951399722375],[174.1640357167743,-41.11628336645037],[174.1700217174439,-41.10842254979149],[174.1762991500688,-41.08775844945145],[174.18603340051226,-41.09153773331382],[174.18881225600012,-41.09669494499997],[174.18205261200012,-41.11419296299994],[174.18567892082908,-41.12646562065989],[174.19702148400006,-41.126693725999985],[174.1870880130001,-41.136695861999954],[174.205402082513,-41.13666251609503],[174.2105522835717,-41.13303140004651],[174.21762103235557,-41.14100383549769],[174.22084045400004,-41.13124847399996],[174.20977418409407,-41.12697829959839],[174.21901989942475,-41.11329883288441],[174.22479383346212,-41.11152808299712],[174.22826270060708,-41.118637449981755],[174.23662125009295,-41.120037283222224],[174.2424094669533,-41.12591829990755],[174.24718903329406,-41.122057633456976],[174.24811665215762,-41.104607083411125],[174.24085998600003,-41.10458374099994],[174.23344886720557,-41.09321115015363],[174.23486593320447,-41.09029871689644],[174.2503552168986,-41.088270383472135],[174.25171523325187,-41.076434182753765],[174.26174546592512,-41.077306866525475],[174.2639148665422,-41.06797571655649],[174.27160684933588,-41.06910896611135],[174.27587658270673,-41.059375699832],[174.27363121673,-41.04299630045027],[174.27791826645574,-41.0398330162534],[174.29035743250049,-41.03897711692435],[174.29813696747627,-41.034827583071376],[174.30467213340413,-41.01982436710868],[174.31207184983734,-41.01671801639917],[174.3104400630001,-41],[174.30535888600002,-41.004196165999986],[174.30705261200012,-41.010860442999956],[174.29745723340955,-41.014610974144816],[174.29289245600012,-41.03083419799998],[174.28669738700012,-41.034584043999985],[174.27395009334015,-41.02958297599997],[174.2691650390001,-41.03044509899996],[174.26080322300004,-41.04461288299996],[174.2506644423408,-41.041020142109375],[174.24244690000012,-41.041248321999944],[174.23919677700007,-41.05044555499995],[174.2262268070001,-41.05497360099997],[174.2279205320001,-41.069221496999944],[174.21749877900004,-41.07210922199994],[174.20321932120933,-41.064582824999945],[174.1974945070001,-41.064582824999945],[174.19140453679933,-41.059608243240085],[174.18417358400006,-41.059581754999954],[174.17822263418736,-41.05293376670247],[174.1686779491752,-41.049246049639976],[174.16732243367002,-41.04261676663821],[174.17513988327357,-41.04165018319064],[174.1847223665441,-41.02919789984373],[174.18963623100012,-41.03419494499997],[174.19115578580858,-41.04290952954739],[174.19920318404004,-41.039803166637995],[174.1997685001052,-41.02983391636456],[174.19485368266683,-41.01879238308654],[174.199833399693,-41.00801001626098],[174.2155832337792,-41.009085316888196],[174.22474680915795,-41.001489283766425],[174.21708679200003,-40.99750137299998],[174.2100067140001,-41.00461196899994],[174.19583129900002,-41.00374984599995],[174.19328308100012,-41.00877761899994],[174.1833343500001,-41.01208496099997],[174.17271331641956,-41.0074745168464],[174.17527573363853,-40.99424209561667],[174.16583165064756,-40.973862616316204],[174.1566314700001,-40.97047042899993],[174.1479950658112,-40.978259258743186],[174.15185894983088,-40.98156413337134],[174.1628198339431,-40.98254204997053],[174.1562194820001,-40.99252700799997],[174.15536499000007,-40.99833297699996],[174.1443722110025,-41.00574160003067],[174.14869690000012,-41.01333236599993],[174.14582824700005,-41.020416259999934],[174.13410949700005,-41.020416259999934],[174.12574192042874,-41.008257513105235],[174.11660766600005,-41.00624847299997],[174.1082259973417,-40.99526986993931],[174.10083007800006,-40.99544524999993],[174.09664133406503,-41.0019670006623],[174.10172293299854,-41.0063421826986],[174.10164102990296,-41.0236766825402],[174.1070861810001,-41.03752899099993],[174.10232199983597,-41.044591416368824],[174.09311873321494,-41.036329266320706],[174.08442098322365,-41.02310151638505],[174.07560614278955,-41.01541519199998],[174.0650432997969,-41.013646866600176],[174.07127552824153,-41.0067831477713],[174.0658111570001,-40.99877929699994],[174.0537567140001,-41.01083373899996],[174.04994201700003,-41.01794433499998],[174.02047211747976,-41.01596421650163],[174.01544931586832,-41.01043511619811],[174.00833714970497,-41.009185882775746],[174.01502138398624,-40.99311549954715],[174.0121467833232,-40.986775750488114],[174.02236916529193,-40.97709739105919],[174.01583862300004,-40.96705627499995],[173.99420118715386,-40.97289563382362],[173.99539390003454,-40.98626086673766],[174.00288391100003,-40.99000167699995],[173.99496460000012,-40.99708175599994],[173.98585510400005,-40.997943877999944],[173.97302841615505,-40.991233349853815],[173.96618586188686,-40.99322085614726],[173.968069549514,-41.00258936671547],[173.97595941666594,-41.00632205007182],[173.9875335690001,-41.01708221499996],[173.97666931100002,-41.01880645799997],[173.97105918386708,-41.02209568343371],[173.9649658200001,-41.017971038999974],[173.95581054700006,-41.02208328299997],[173.94752502500012,-41.016304015999935],[173.93833923300008,-41.019611356999974],[173.94618581654987,-41.02625261614684],[173.95230976686588,-41.02672543300652],[173.9508667010001,-41.03627777099996],[173.9365934904399,-41.03380098403924],[173.9398182667049,-41.04135204950046],[173.95095939949272,-41.036836066434226],[173.95735613246046,-41.04468413302142],[173.97288473316104,-41.04006469981613],[173.97642111586853,-41.034948332636645],[173.98545555056182,-41.036243016254225],[173.99644208242057,-41.040752500074106],[173.99773049937156,-41.03219908298074],[174.0092101165577,-41.01737378263888],[174.01987976697123,-41.01603833317939],[174.0256271325881,-41.01952023282342],[174.03511053417085,-41.01830873339092],[174.04194966626042,-41.0220739662756],[174.04773720002802,-41.02049231637522],[174.0529603180812,-41.02521566706014],[174.0537567140001,-41.03416824399994],[174.04708862300004,-41.045028686999956],[174.05035400400004,-41.05250167899993],[174.0391387940001,-41.05541610599994],[174.03166198700012,-41.06208419699993],[174.02499389700006,-41.05710983299997],[174.01788105137487,-41.06165789946943],[174.0187530510001,-41.07005691599994],[174.03047030186687,-41.08142849933248],[174.03230521592903,-41.09579268241527],[174.04635256598542,-41.10573926680529],[174.03919982900004,-41.11461257899998],[174.03113777619345,-41.10630876034739],[174.01104397306634,-41.09550682475938],[174.00920105000012,-41.09958267199994],[173.995864868,-41.102943419999974],[173.9883270260001,-41.12041854699993],[173.9912703668218,-41.1254802329846],[173.99163818300008,-41.13627624399993],[173.984146118,-41.136306762999936],[173.97433118034849,-41.12873430884556],[173.97084045400004,-41.137916564999955],[173.96563680112075,-41.14347271573719],[173.95750427300004,-41.14710998499993],[173.95610776668312,-41.137269249921566],[173.95288794974508,-41.13306556678834],[173.95725061656896,-41.1251697832055],[173.95020578371359,-41.11461411656619],[173.95718656642114,-41.11029403337527],[173.97173124983195,-41.08668818317751],[173.97809896718792,-41.08445161663907],[173.97588807679588,-41.077931374168614],[173.96746826200012,-41.085445403999984],[173.95969403342121,-41.08042096942101],[173.94830322400003,-41.08460998499993],[173.93830175050516,-41.084634415747225],[173.9270629890001,-41.09585952599997],[173.93379608327794,-41.10160369948176],[173.92989339149563,-41.106433813103784],[173.93167114300002,-41.11461257899998],[173.91163635300006,-41.109584807999966],[173.90461731000005,-41.11500167899993],[173.902114868,-41.121639251999966],[173.92177475071983,-41.12352543341151],[173.91081237800006,-41.13047409099994],[173.9007720950001,-41.13294601299998],[173.8975067140001,-41.13708496099997],[173.8766937250001,-41.137111662999985],[173.86791992100007,-41.14252853399995],[173.87922944979732,-41.14838701637865],[173.8985503671421,-41.14894485021806],[173.8866882320001,-41.156307218999984],[173.86999511700003,-41.15380477799994],[173.86955261200012,-41.15919494599996],[173.87741206753952,-41.16681704943004],[173.89128920046528,-41.16594773305128],[173.89771695032024,-41.167717682981845],[173.88919067400002,-41.17711257999997],[173.88333129900002,-41.177944183999955],[173.88708496100003,-41.19255447399996],[173.8791351320001,-41.196277616999964],[173.88196714972756,-41.20354076606299],[173.88880786683657,-41.19887171618017],[173.90109269990575,-41.19942303346348],[173.9111929333333,-41.19762944972096],[173.91834631735225,-41.199557366694016],[173.92849059995888,-41.19733586676072],[173.93309350141297,-41.18916656600278],[173.9396230182457,-41.18516808211169],[173.9496707177568,-41.183936515448124],[173.95926386638087,-41.17630868185426],[173.96973703360422,-41.17240158380155],[173.9749915505632,-41.18334549961415],[173.97099431776397,-41.1926742499139],[173.97933858192874,-41.19294529907214],[173.98230940011516,-41.185862950462024],[173.98963923371386,-41.19259173283583],[173.99610581670603,-41.18686955064792],[173.98596895170846,-41.181794517117986],[174.00674465162524,-41.17810696676032],[174.00166715085115,-41.17080376580157],[174.01333560003,-41.16716713305704],[174.02644055167605,-41.16858036634567],[174.02818460048692,-41.16535706514232],[174.04623361792068,-41.15782139854709],[174.05044786767218,-41.164463733280236],[174.04580688500005,-41.17127609099998],[174.04686419972566,-41.17685633353917],[174.06983991702984,-41.178429132221474],[174.07750265142687,-41.176750899210624],[174.08761173304416,-41.17112943234033],[174.09881761639528,-41.17301371518609],[174.11864769978774,-41.1669580163191],[174.11917114200003,-41.17464065599995],[174.09913635200007,-41.18711090099998],[174.07916259800004,-41.188777922999975],[174.0716705320001,-41.19544601299998],[174.06714369677061,-41.19195194380254],[174.0549926760001,-41.19044494499997],[174.0471038820001,-41.19586181699998],[174.0341839498711,-41.195678131324556],[174.03250122000009,-41.20297241299994],[174.01666259800004,-41.19958495999998],[174.01080322200005,-41.20544433599997],[173.9974517820001,-41.21041488499998],[173.97917175300006,-41.20958328099994],[173.9724816839009,-41.21315793327543],[173.9632245579943,-41.2129556518267],[173.94836425800008,-41.21547317399995],[173.94780786687068,-41.20735056647057],[173.93994140600012,-41.20711135899995],[173.92832946800002,-41.21122360099997],[173.908309937,-41.208778381999934],[173.8946075440001,-41.21413803099995],[173.89413452100007,-41.21877670199996],[173.87211569942806,-41.225835500134394],[173.88138411747045,-41.22935393281525],[173.8887823838972,-41.22470326671464],[173.90057661725874,-41.22590576627118],[173.91410296723367,-41.223037600039774],[173.92687168358378,-41.22329850021217],[173.92660522500012,-41.227111814999944],[173.91833496100003,-41.23127746599994],[173.90661621100003,-41.23208236599993],[173.89747619600007,-41.23625182999996],[173.8849945060001,-41.24874877999997],[173.87312995009427,-41.250981716473596],[173.8675231950001,-41.25794601299998],[173.84997558600003,-41.262111663999974],[173.8441314690001,-41.25544357199993],[173.83830261200012,-41.260444640999935],[173.81829834000007,-41.26294326799996],[173.80752172632475,-41.27003319106139],[173.81129855031736,-41.27703363306535],[173.82695683316473,-41.285723266800545],[173.8478262167503,-41.28044381710089],[173.85235886678052,-41.284205866608076],[173.8399658200001,-41.293750761999945],[173.82244873000002,-41.29377746599994],[173.81582641600005,-41.28963851999998],[173.80366516100003,-41.28588867099995],[173.7932739250001,-41.271278381999934],[173.77915954600007,-41.263778686999956],[173.78375244100005,-41.27505493199993],[173.77707338307385,-41.28524754935688],[173.77136173380646,-41.28683361637168],[173.76947901371506,-41.27627452488393],[173.74277648245044,-41.270693916391956],[173.73904166743736,-41.26161091626506],[173.74934471617823,-41.2634781834314],[173.7577799003838,-41.25978886636588],[173.76217616691773,-41.261494750412304],[173.76937023289688,-41.25504271672806],[173.7802403169614,-41.253222166434036],[173.7967039006367,-41.258868049986],[173.80456853341389,-41.2539687332614],[173.7970712671981,-41.235962333132925],[173.80950031701778,-41.245405016519676],[173.8195448667253,-41.2498135833808],[173.82933846688482,-41.2488568167443],[173.84926431700083,-41.24144881648363],[173.84769026736612,-41.22244723325608],[173.8526429673942,-41.21020961680887],[173.85971126747643,-41.20348391632673],[173.8655132162887,-41.19000798324664],[173.8628820334572,-41.180759516732365],[173.86487454944378,-41.17604646641859],[173.8594960069715,-41.16963958799994],[173.84822727047398,-41.1688010613412],[173.83497619600007,-41.17291641099996],[173.83198885015565,-41.16898554979926],[173.8489078340422,-41.161531349423875],[173.84416198700012,-41.156276702999946],[173.83160400400004,-41.16041564999995],[173.81416320800008,-41.16294479199996],[173.79994071157645,-41.16299819110883],[173.7930877164905,-41.16738133185144],[173.78751488043494,-41.17623020391657],[173.77448006608208,-41.17137581675325],[173.78144763291863,-41.162062017078476],[173.7814391663354,-41.15230506631545],[173.78670033955396,-41.149915789941666],[173.79564430053975,-41.15503983285766],[173.81529558246882,-41.152366349775534],[173.81973891748711,-41.146667549566644],[173.81805440018059,-41.141291100169624],[173.83108351752858,-41.13929488381823],[173.83199548388342,-41.13485518329889],[173.84261733330644,-41.1320613164912],[173.8526765671247,-41.13343976690886],[173.85636898306754,-41.12192556635096],[173.85542891726323,-41.11406303323997],[173.8611770174116,-41.11002266667606],[173.87305618323214,-41.11475965019854],[173.87804111650163,-41.12111414991364],[173.88494191690168,-41.11822753346673],[173.8849446001217,-41.10987911628777],[173.88819300001913,-41.105598983394344],[173.882303892223,-41.098751067999956],[173.86187934068514,-41.098751067999956],[173.86783466725953,-41.09101623325879],[173.86934358279484,-41.0788882494224],[173.8788618833022,-41.08518458317307],[173.8792229504231,-41.07589763328141],[173.8855804159633,-41.07458849946754],[173.90299820039033,-41.081726882748306],[173.91119511744452,-41.07824321655477],[173.90475678336986,-41.072163433205695],[173.91572321702859,-41.069669666401516],[173.923009283284,-41.06154740013206],[173.91250610300006,-41.05544280999993],[173.9066619880001,-41.05875015099997],[173.90012485363445,-41.05709262153829],[173.88420105000012,-41.062915800999974],[173.8722420828662,-41.05840036638688],[173.86747741700003,-41.05377960199996],[173.85576356595575,-41.06294916653365],[173.84808052399526,-41.05523165436903],[173.83671569800003,-41.05710983299997],[173.83163452300005,-41.053749083999946],[173.8179473880001,-41.063331603999984],[173.82417297300003,-41.07291793799993],[173.81459045400004,-41.07166671599998],[173.81538391100003,-41.08000183099995],[173.8041687010001,-41.094554899999935],[173.79271138280026,-41.09253368269528],[173.78208923300008,-41.09505462699997],[173.79127502500012,-41.103332517999945],[173.78791809100005,-41.11086273199993],[173.77979350031617,-41.106430066634466],[173.76869201800002,-41.109138487999985],[173.76411438000002,-41.11875152499994],[173.7598424669386,-41.1186042497018],[173.7616718832338,-41.10261704954783],[173.77224754987057,-41.100036083494636],[173.76638548073691,-41.0932847055578],[173.75663757300003,-41.10291671799996],[173.75243640003328,-41.09821058343892],[173.76683836676585,-41.08564199933992],[173.7743616167461,-41.08735704153437],[173.7822379992382,-41.080209899415806],[173.7798329824362,-41.07181888351163],[173.78621644936706,-41.061117583477824],[173.78500279286547,-41.05627822899993],[173.77497863700012,-41.05541610599994],[173.7729894666214,-41.05108316674243],[173.778655483042,-41.04392186605085],[173.79290311630768,-41.042123449459886],[173.80081176800002,-41.03213882399996],[173.79350578305375,-41.031989033453904],[173.78916931300012,-41.02624893099994],[173.77167818379007,-41.022998416373945],[173.77926733283564,-41.015760066486465],[173.78266104964717,-41.00715874996389],[173.79007961649305,-41.00562024979443],[173.7975589664092,-41.009450933041734],[173.81141619975924,-41.001659632853546],[173.82341156637747,-40.9901875997559],[173.83332824700005,-40.99877929699994],[173.8271179200001,-41.002498626999966],[173.82461547900004,-41.010860442999956],[173.81544164073793,-41.01816476778726],[173.83576301663265,-41.01597573337096],[173.85097574394604,-41.022270960790216],[173.87080089971266,-41.01565024998674],[173.87765591017285,-41.00806644785352],[173.87778018275583,-41.00180809989558],[173.89048333333514,-41.00786938342158],[173.89485085075103,-40.99918236648863],[173.90349589372397,-40.998780267577125],[173.91087096642187,-40.99370378281761],[173.91896778331673,-40.99287144991088],[173.92426516739584,-40.98657729959761],[173.921646118,-40.98127746599994],[173.91003418000003,-40.989582061999954],[173.90002998361157,-40.987636949721924],[173.89848206660645,-40.97747749968729],[173.90856034552323,-40.97096182662454],[173.90752109998516,-40.965696966322206],[173.92151370066037,-40.96648303328248],[173.9260118002725,-40.9613191664958],[173.9459847329235,-40.96365105040713],[173.949790166477,-40.97055153270088],[173.9563443825489,-40.9647523165842],[173.9534310834917,-40.959935583333646],[173.95710737514446,-40.954173697806716],[173.94925341729945,-40.946917766269735],[173.95459221591926,-40.94153051649369],[173.9658672334988,-40.93645974965144],[173.97183325029627,-40.92705700019458],[173.96064413351456,-40.928110049838324],[173.96282438335095,-40.92043468284213],[173.97086089945043,-40.91282911684374],[173.97944956629578,-40.91277694968321],[173.98805690004156,-40.90914753319316],[173.99122619700006,-40.91419601299998],[173.99101711647754,-40.923241016704665],[173.99542985130958,-40.93040670199648],[174.0055093841075,-40.93783814952969],[174.01160558389978,-40.93314150005641],[174.0136662169261,-40.91793599861749],[174.0216369630001,-40.91208267099995],[174.01530450234924,-40.90915786075114],[174.00997924800004,-40.91291808999995],[173.99668884300002,-40.91210937499994],[173.98750305200008,-40.907081603999984],[173.9816436760001,-40.907112121999944],[173.97468631774166,-40.900885415250066],[173.96421814000007,-40.898750304999965],[173.95541381800012,-40.90583419799998],[173.945419312,-40.91833496099997],[173.93664550800008,-40.92124938999996],[173.93249511700003,-40.927944181999976],[173.92080688500005,-40.92464065399997],[173.90788269100005,-40.93083190799996],[173.91125658423215,-40.93817970005278],[173.9180621170762,-40.939586450256314],[173.9141387940001,-40.94625091399996],[173.8983306890001,-40.96294403],[173.8908538820001,-40.962112425999976],[173.8849945060001,-40.96625137299998],[173.87585449200003,-40.96791839499997],[173.87794494700006,-40.97414016699997],[173.8687286380001,-40.979194639999946],[173.8704223630001,-40.98338699399994],[173.86331176700003,-40.989612577999935],[173.84913635300006,-40.99213790899995],[173.83187028398572,-40.981097532457085],[173.83918762200005,-40.96625137299998],[173.83399396677757,-40.961604549901864],[173.84293043412913,-40.95016423316808],[173.84395703328968,-40.94270411702582],[173.85247802800006,-40.92961120499996],[173.8387507516712,-40.93123709886888],[173.8395843500001,-40.938331603999984],[173.83000183100012,-40.94874954199997],[173.8199768070001,-40.950416564999955],[173.81253051700003,-40.956275938999966],[173.81039428700012,-40.96666717499994],[173.80580139200003,-40.97455596899994],[173.7945164504295,-40.96510811483638],[173.78619384800004,-40.97085952699996],[173.79301789659704,-40.97622874910223],[173.79957580600012,-40.98586273199993],[173.78919982900004,-40.984584808999955],[173.7825317380001,-40.991249084999936],[173.77695025008686,-40.98993951667223],[173.76957201683413,-40.98067059928623],[173.76208496100003,-40.97916793799993],[173.7558288580001,-40.99377822799994],[173.75109078542684,-40.995709210560676],[173.75083923400007,-41.00377654999994],[173.74565803301152,-41.005906882268675],[173.73863220200008,-41.00102615199995],[173.7266387940001,-41.013721464999946],[173.7108306880001,-41.00958251999998],[173.70086669900002,-41.01461028999995],[173.6949768060001,-41.022140502999946],[173.6908111570001,-41.02210998399994],[173.67286682100007,-41.03586196799995],[173.67619605139038,-41.04314540431535],[173.68753811664178,-41.04917526629428],[173.689559937,-41.05583190899995],[173.70005845135452,-41.05517824910364],[173.7155630174507,-41.04665849928953],[173.72511704866992,-41.04692546570099],[173.7443815833992,-41.033126081721505],[173.7537231450001,-41.03669357199993],[173.74746704100005,-41.04291534399994],[173.75050870127114,-41.048407866320865],[173.76149853302934,-41.043516766883066],[173.7637176510001,-41.046638488999974],[173.75500488300008,-41.054584501999955],[173.73807479719935,-41.05569561735302],[173.73500061000004,-41.05877685599995],[173.7255141218979,-41.05825831320372],[173.7208557130001,-41.067916869999976],[173.71047973600002,-41.06833267199994],[173.70545628784942,-41.071466529593366],[173.6856485821233,-41.073948229092636],[173.6816406250001,-41.077056884999934],[173.6682681034186,-41.07640280639172],[173.6620788580001,-41.086666106999985],[173.6679382320001,-41.09500122099996],[173.67354380043466,-41.094688416259835],[173.67538452100007,-41.103359222999984],[173.6597328338672,-41.1115692831911],[173.6518770665789,-41.109188099428465],[173.65863268319583,-41.09835874934484],[173.6420593260001,-41.09249877999997],[173.63999939000007,-41.097946166999975],[173.62869262700008,-41.09663772599998],[173.62246704100005,-41.10377883799998],[173.6154748992233,-41.0972044329344],[173.624929883402,-41.0843049500088],[173.63085416674346,-41.08517691641009],[173.636563917055,-41.07905973339439],[173.63046767401804,-41.070466975418476],[173.62336731000005,-41.07458496099997],[173.61597168404313,-41.07247784952662],[173.61497161732441,-41.067343666429366],[173.60534818298206,-41.06367793270371],[173.599262150132,-41.053182949409766],[173.59441757215995,-41.0522876446268],[173.59702790003288,-41.05808118273808],[173.59785568283186,-41.072630132942955],[173.59237501752054,-41.07756400020859],[173.59617041750653,-41.09025674966527],[173.5882089160218,-41.10010719958932],[173.5901665667883,-41.10731296644894],[173.5843577000837,-41.11772076677031],[173.57986014986898,-41.12080406658572],[173.5807963335756,-41.131320916799545],[173.5785742168461,-41.13594361625547],[173.58146301622398,-41.14838896621214],[173.5799789994201,-41.16414301605359],[173.57282976751628,-41.18406456656759],[173.56836581649642,-41.18973096616106],[173.5491947998891,-41.191362599982476],[173.54390886611228,-41.189791116809225],[173.53429221698758,-41.195883683482954],[173.52300785071225,-41.197991866747685],[173.51924458323055,-41.21045591689067],[173.51579918352863,-41.21389568336556],[173.48704293327503,-41.22201565007289],[173.4763740658563,-41.22882278273773],[173.47145278409153,-41.24244793279406],[173.45574071757204,-41.25605325014473],[173.4418159335574,-41.26418975006577],[173.43691098309415,-41.272944449617626],[173.41541929965712,-41.28914169950372],[173.4209934675888,-41.29977370025862],[173.42036848307885,-41.310062333363746],[173.41663671592605,-41.31344578319806],[173.41468891667716,-41.3231459170096],[173.40678916666,-41.330958350174654],[173.39396886728997,-41.33672655017864],[173.3760017662868,-41.3423394165102],[173.36074555076152,-41.35319538264394],[173.35721351688798,-41.36095236612727],[173.34077841699806,-41.378116782756386],[173.33719410053035,-41.38562841607083],[173.32167013402739,-41.3869471001926],[173.30430226753091,-41.39339018269525],[173.2974439833663,-41.39314151628021],[173.28619149928647,-41.40108581616196],[173.28889518402184,-41.41720104971199],[173.29485091709157,-41.42563703296099],[173.2774575169473,-41.438505150344305],[173.27354435030313,-41.44894588289903],[173.2647248830063,-41.45076648323795],[173.26063373375922,-41.45788578287225],[173.25083138412685,-41.4665801165558],[173.27371145016278,-41.48538903290359],[173.27407310022392,-41.48834878311729],[173.29065886685632,-41.49444113297575],[173.30414950050434,-41.506032133643004],[173.29760951684727,-41.516246150122726],[173.28730535044764,-41.51821876650924],[173.27946459949362,-41.51649551677549],[173.2649654665299,-41.52167416631106],[173.2522997170368,-41.52381828360183],[173.24002171726173,-41.52332568309894],[173.23546625009695,-41.52037763328503],[173.2165593006864,-41.51824530012614],[173.2036661999537,-41.5202632664981],[173.19413710081167,-41.527180366412665],[173.18579668305534,-41.52877033286008],[173.17209260023847,-41.524447117148085],[173.16870053359446,-41.531154700431145],[173.17449573270233,-41.542625267113635],[173.16541813312023,-41.54999041681004],[173.15353806723158,-41.57338515044699],[173.15161498274415,-41.58547108364394],[173.13920435027686,-41.59017176646506],[173.13004601667822,-41.59102128313307],[173.12588370043014,-41.60297539966816],[173.12130138325213,-41.60814021700936],[173.1045380665122,-41.60985168290965],[173.0975642331374,-41.61881553307483],[173.08665261699332,-41.62492523336678],[173.0672360825472,-41.6235530327835],[173.05959026619402,-41.62516724999675],[173.05387838243206,-41.63640501678858],[173.05396909923422,-41.65194181688922],[173.05793683408623,-41.6595601661572],[173.0573755832291,-41.668460749797866],[173.00379038301284,-41.72480346687595],[172.96398293368418,-41.744315049877876],[172.95788926679342,-41.74952035024687],[172.94980771669856,-41.7501814164004],[172.93062224947943,-41.74380996627661],[172.92603806737105,-41.74840819933647],[172.92623519945172,-41.75773361705188],[172.93297535047853,-41.76185594948707],[172.93306076593086,-41.769175316761405],[172.9415079166047,-41.772269350052866],[172.94568001647278,-41.78093333311055],[172.92995621697239,-41.78739058360941],[172.92631335089422,-41.7938580664288],[172.9172526997322,-41.79834436679831],[172.90800660059813,-41.80852251677643],[172.89100443274046,-41.81821218374244],[172.87230178324108,-41.84494043339236],[172.8685582327228,-41.854113883236735],[172.86810226666069,-41.865880399737435],[172.85982731702168,-41.86663140024816],[172.84757055019367,-41.874287466346075],[172.8449126496489,-41.8911037503489],[172.85213978314962,-41.89205073319961],[172.86002868321248,-41.897550750013494],[172.86455874947794,-41.90768099970337],[172.86109413319113,-41.92246311689193],[172.8503225168834,-41.9316595003359],[172.84645590018437,-41.94320499980207],[172.82221775033173,-41.95080743327361],[172.80846353363026,-41.95786224997229],[172.81165623355128,-41.96445793344212],[172.80947650057163,-41.97458008332915],[172.80298666697223,-41.98517838363116],[172.7911267170213,-41.99273324964633],[172.78719473334945,-41.99166768365017],[172.77868800025476,-41.998534783396764],[172.7833175333816,-42.00892249987426],[172.77169073341645,-42.02338746658245],[172.76477866645752,-42.025773116416154],[172.75714116673882,-42.036003133208624],[172.75024743378327,-42.03265218286007],[172.7390903833299,-42.031990850004526],[172.7329589665692,-42.03464145030715],[172.73183863315913,-42.05475905021915],[172.7352988503079,-42.057895316305284],[172.73117596694294,-42.070112983419],[172.72551465013396,-42.07407885038085],[172.7235411994261,-42.08275484990215],[172.72731980006657,-42.09199396700303],[172.7214732495261,-42.10349183334138]]],[[[173.95635888386767,-40.69282823258569],[173.9512746334385,-40.69262749848257],[173.95458786679478,-40.70845924953796],[173.95580274969797,-40.72204203284878],[173.94192416790497,-40.73142726675581],[173.93693239900006,-40.73821337399994],[173.93946535800012,-40.745713068999976],[173.928199910026,-40.74529963432914],[173.92487795500006,-40.74946291599997],[173.9100124501771,-40.75442666725555],[173.90286705248417,-40.75339296560257],[173.8836600330997,-40.768959995693756],[173.89318873475398,-40.76791811526071],[173.90112255070233,-40.76976056686346],[173.904386667077,-40.7739907990051],[173.9266840674124,-40.76641588393753],[173.9323548334826,-40.76922196570161],[173.9228219353222,-40.776912017084655],[173.92664413469143,-40.783763666109856],[173.9110177494235,-40.78037546678843],[173.90830218113948,-40.7886533079966],[173.89485858496099,-40.77795384904026],[173.88695986400012,-40.78111979867902],[173.88732533376472,-40.78963028318709],[173.87943728100004,-40.790737940999975],[173.87151797,-40.80615694699998],[173.86735396716102,-40.80261793230171],[173.86976263414735,-40.79594401589278],[173.8688583491843,-40.783909598473784],[173.87409838355902,-40.781162415950305],[173.87147880073994,-40.77323685057267],[173.86110555185988,-40.77313411585604],[173.86417553435592,-40.76560841483008],[173.87220886686157,-40.75502668230818],[173.87265888259955,-40.748467131867336],[173.87846406816132,-40.740170766289594],[173.8720883333328,-40.7375521490507],[173.87055835015744,-40.730133015163226],[173.86076640799436,-40.737555512469456],[173.85490670036427,-40.74873943190115],[173.8411072030001,-40.753212763999954],[173.846127345,-40.75657351199993],[173.84202273100004,-40.767433954999944],[173.82702334100009,-40.77573855099996],[173.8246679849707,-40.78179207279371],[173.80695803300011,-40.801571680999984],[173.79710608273538,-40.80845321581489],[173.8092600999725,-40.817090766115655],[173.80698410054075,-40.82332826680785],[173.81378575064286,-40.83065878299677],[173.81556170086773,-40.837792665582015],[173.81365576858485,-40.847980699485845],[173.82854105037126,-40.856371816190006],[173.84478178536824,-40.85747028333272],[173.84533218270045,-40.862660582456385],[173.82129681661854,-40.86227056679352],[173.820182448746,-40.856435082252624],[173.79768907014343,-40.85624746961045],[173.7912048501221,-40.85758014955732],[173.79096886676587,-40.840819583080595],[173.78303014984093,-40.83796183338283],[173.77786884953719,-40.84697853894178],[173.77949221300003,-40.85154421499993],[173.77308233366045,-40.856886316276864],[173.7733952996519,-40.87083676236045],[173.7794616960001,-40.87654574099997],[173.7794311780001,-40.884877039999935],[173.79778750100002,-40.89154513099993],[173.79128195034502,-40.89972216642347],[173.79594198315093,-40.901821782298704],[173.7940796150001,-40.91032107099994],[173.77388497252446,-40.930589822424615],[173.7765403845306,-40.93988233339846],[173.78696626769909,-40.94182086687929],[173.7933926333944,-40.93936821611338],[173.80329683428135,-40.92848584970098],[173.81398396713215,-40.93046743316042],[173.82225903414547,-40.92205283240027],[173.83468425205655,-40.9174657152949],[173.83203451803902,-40.91407326628783],[173.83836101651846,-40.90305834873256],[173.8498836179596,-40.89855118350483],[173.85436406529186,-40.89913981630631],[173.86624844991863,-40.890543566870505],[173.86712841738145,-40.88083273275104],[173.87215756744888,-40.87257689962323],[173.8834748671557,-40.8662450160564],[173.8900320172438,-40.857839333263286],[173.8953958340863,-40.861060699873406],[173.9050058511923,-40.856597715974345],[173.90920531706374,-40.844390704537034],[173.9143413671164,-40.84188346623296],[173.9175350828096,-40.83296561586832],[173.92915200068362,-40.821925381978396],[173.93068543415504,-40.812485865977585],[173.94019273430365,-40.805306299359096],[173.9460782343159,-40.79435556599505],[173.93947201861374,-40.787451032814865],[173.94754656647495,-40.76905808285679],[173.96013975138325,-40.76447494955135],[173.96119105158675,-40.75327254938999],[173.954560215424,-40.74450336558124],[173.9591937841059,-40.737408699023256],[173.96307136661588,-40.72185816512703],[173.9633282837898,-40.711756566504704],[173.96747730124375,-40.70749540031807],[173.96040148382045,-40.704062199646394],[173.95635888386767,-40.69282823258569]]]]},"properties":{"shapeName":"Marlborough District","shapeID":"76426892B14162355231744","shapeGroup":"NZL","shapeType":"ADM2"}},
{"type":"Feature","geometry":{"type":"Polygon","coordinates":[[[173.24331679963674,-42.35608476709663],[173.25431771654192,-42.36285305015181],[173.2666935999175,-42.35582361675409],[173.27251075073417,-42.35762948343904],[173.28222419979812,-42.367119616618815],[173.2962080667054,-42.37023149558193],[173.30295796626007,-42.36456754974843],[173.31141738315276,-42.36238118358847],[173.31482543323236,-42.35287419993077],[173.3199871003627,-42.349956083028495],[173.35097481677244,-42.33901421640961],[173.36902016644643,-42.339264416927],[173.37358750032303,-42.3480855827768],[173.3680730331687,-42.362536166351994],[173.3737657168852,-42.369888617238395],[173.37836101685065,-42.36992874994859],[173.38423068293045,-42.37958936604205],[173.37317005034961,-42.384423633153304],[173.38538763361396,-42.40154668272251],[173.37870965019036,-42.404922650125314],[173.38623278286158,-42.41522108322487],[173.39472120032582,-42.411245832966536],[173.4028842334037,-42.411097766384806],[173.41178994968996,-42.419897183237495],[173.40047439971767,-42.42511000024854],[173.4203749829861,-42.44270569994462],[173.42196891672165,-42.44904344944682],[173.43495619973493,-42.456359166600116],[173.43486663379753,-42.46360436694551],[173.44075551615896,-42.47008616696788],[173.43503920004207,-42.47245835026028],[173.43297250030693,-42.48552090042994],[173.42971419957064,-42.48863186665631],[173.43103656710605,-42.49756344987509],[173.4277273164286,-42.51481448329986],[173.40840971725208,-42.509538516905984],[173.39764221647485,-42.508250599616794],[173.3946878496666,-42.50314463287863],[173.38149008323444,-42.509449733152955],[173.38041801674888,-42.513878382962],[173.38798909953425,-42.52410843325169],[173.40461870029884,-42.52804198369136],[173.4146992004891,-42.526167116588276],[173.41606304982085,-42.530226450299764],[173.42941578372807,-42.5345849329689],[173.43533480002125,-42.53916611690968],[173.44660491610247,-42.53871533340161],[173.44894723266563,-42.542684799838916],[173.45754306715682,-42.541763649834884],[173.46539469713736,-42.536203848065774],[173.47044478383,-42.54410641669827],[173.48657568307735,-42.55399096674203],[173.50100283274824,-42.56542941693989],[173.50907881658756,-42.565073433007605],[173.509566482877,-42.55981528342524],[173.51637747747904,-42.556068955421956],[173.50660705600012,-42.552139281999985],[173.5007443502272,-42.54562413345639],[173.50324614956799,-42.53846379956547],[173.5019152003865,-42.52894021655268],[173.5091235834004,-42.50563063307873],[173.5180772001454,-42.499360666803305],[173.52452020003867,-42.48763666674295],[173.52937783273146,-42.484324883662985],[173.53871965036157,-42.466603217014075],[173.54784631711965,-42.45911228371744],[173.55684828316652,-42.458445132965686],[173.57049830044537,-42.450689633061295],[173.583300750021,-42.447655999831376],[173.5867410334033,-42.43774648294558],[173.59447436703044,-42.42845248360292],[173.63133814981734,-42.41749634966904],[173.65067330046296,-42.41314556660592],[173.66538301612243,-42.41223560044857],[173.67575626663748,-42.41522798321574],[173.68205261200012,-42.42252731299993],[173.69071774939337,-42.425338066675366],[173.69699591619226,-42.43055660040845],[173.71222401665312,-42.42748775041702],[173.70416525926333,-42.41459048289891],[173.6949768060001,-42.41627883799998],[173.68499830034372,-42.4073486163038],[173.68147506696604,-42.39755961665552],[173.68206426729967,-42.381193150210464],[173.68581101634183,-42.36839496707782],[173.68860371710554,-42.367573883176554],[173.6980061838123,-42.35107114967283],[173.72645675001834,-42.333179500185004],[173.73957031629052,-42.32801579990575],[173.74861413289062,-42.32113743287275],[173.75224658361807,-42.31418090023658],[173.74798211656693,-42.299156233195106],[173.75295923314994,-42.29208814991218],[173.76963415021953,-42.279459949842916],[173.7893836337858,-42.27493749967126],[173.80771764965218,-42.26532370025494],[173.80939141686346,-42.25571948330159],[173.83072511650232,-42.247948233570106],[173.85059964958995,-42.2277351836631],[173.85703498338134,-42.225034450332465],[173.8576806672666,-42.21921088288969],[173.86754463373262,-42.218309066599566],[173.87351295005465,-42.21417275036723],[173.8763201668857,-42.203293766471354],[173.89253533270417,-42.1892177167437],[173.92880161622278,-42.17260430026735],[173.93976768306507,-42.16221661690015],[173.93986533345415,-42.15824303298021],[173.92499070012394,-42.13810423374087],[173.92520599968907,-42.1221178833445],[173.93171881664182,-42.10173014992939],[173.93933259985297,-42.08253693342955],[173.95187928382273,-42.061895149740366],[173.96657223382877,-42.04471093287511],[174.00001323309775,-42.01291453303215],[174.01158543355317,-42.0045565001454],[174.01123153322533,-42.00189329971818],[174.0218800500699,-41.98837021603295],[174.0488000445246,-41.96811536113054],[174.0499156500984,-41.96379020035244],[174.06026925012625,-41.95438864963145],[174.06119596634682,-41.94481390042933],[174.05481436602275,-41.93381463323604],[174.04940518304608,-41.92908793282534],[174.03546205032472,-41.93476764941259],[174.03036279749423,-41.93144326612956],[174.0195625833629,-41.93955034983656],[174.00355380037368,-41.932064750169666],[173.97716993313313,-41.93336320008105],[173.9793928999219,-41.925613216935886],[173.96993360001545,-41.92615834965788],[173.96107673366075,-41.915608382969104],[173.95556276693816,-41.912651850268794],[173.943591599724,-41.91232551699101],[173.93176725057853,-41.92043995042245],[173.92389606418865,-41.92113432649733],[173.9145576663198,-41.915210749793275],[173.88424964990986,-41.923556200230216],[173.8495623169608,-41.931745616374414],[173.83738883374582,-41.93109744957196],[173.8172933165046,-41.932977383606655],[173.80752244967024,-41.94462921699156],[173.79507639996228,-41.95174740014978],[173.78945255054114,-41.95817926706416],[173.76686406612785,-41.92180396652913],[173.74440786676823,-41.90737309977452],[173.72876970011257,-41.918477216819646],[173.7231868170586,-41.927728966546276],[173.72370903358424,-41.931613983027326],[173.714284500138,-41.940463966841264],[173.71335613336103,-41.94987438340722],[173.72024588303918,-41.960759766287275],[173.71148294973563,-41.96419691647312],[173.7002612498212,-41.971966900113706],[173.68202684990416,-41.97428248326977],[173.67584196698564,-41.97971709937619],[173.66902129986514,-41.97999944963648],[173.66037480045918,-41.985822483132864],[173.66247668416824,-41.9960826173044],[173.63779953412183,-42.00941581634178],[173.6228549828459,-42.010315932997045],[173.6183184669094,-42.006044116139094],[173.60744706649186,-42.00698448305754],[173.60092578331492,-42.02261766643376],[173.59450423262933,-42.029289550210144],[173.58148895000033,-42.029271266347855],[173.57038408275162,-42.034840116598915],[173.56304658385267,-42.04210533324971],[173.55514088288433,-42.0459223831097],[173.5530547828736,-42.05353181707812],[173.54465866717342,-42.06124898356926],[173.5468361163202,-42.06978779987053],[173.51766559947538,-42.06939340040631],[173.49913466649386,-42.07873714975605],[173.4909166497909,-42.08808891702947],[173.48401536724086,-42.09941186697149],[173.4882347169138,-42.10680553348319],[173.47657010056923,-42.116546383554926],[173.46796983339155,-42.11584661680609],[173.4669724831718,-42.125096633089434],[173.4718764164671,-42.1331884002231],[173.47380086718834,-42.150600233192286],[173.4781548498766,-42.16322353336938],[173.48286288390057,-42.16637576603756],[173.480530467442,-42.17227510029283],[173.4848102006189,-42.178560049963025],[173.4646867830422,-42.17953516639855],[173.46446335014727,-42.195673699901405],[173.44929806617432,-42.19904569999861],[173.44122056657557,-42.203861017046385],[173.43626798312604,-42.21433349963857],[173.42280006655474,-42.209102800089624],[173.4175396332676,-42.21021948307809],[173.4040251672621,-42.21943616604094],[173.3912707002629,-42.221885282649815],[173.3832084339146,-42.217404949640255],[173.37431940090937,-42.22424766662425],[173.36873956649055,-42.2239922498513],[173.36809771619704,-42.23560653386076],[173.3517866999091,-42.24272289974698],[173.34423073312914,-42.238138182674376],[173.34813346711283,-42.23413444963021],[173.33994266645863,-42.22874678313587],[173.33757683376717,-42.241468783306345],[173.33392405037605,-42.24626511688784],[173.31220136690268,-42.25038159969642],[173.30313126670217,-42.24614959974436],[173.29576330079186,-42.24979906659082],[173.3018352000402,-42.257180432657144],[173.29627688414607,-42.265420099738066],[173.270715617342,-42.283680333139195],[173.25982820043603,-42.28959621617948],[173.2550493337297,-42.29571888299976],[173.2445247174798,-42.30310411615459],[173.234228666892,-42.30556783300717],[173.2164926833447,-42.315124566065805],[173.20692474977636,-42.3172831494302],[173.20723108330185,-42.33024371621738],[173.2045218501558,-42.33421085011479],[173.191285100592,-42.33210308273884],[173.1854520164147,-42.33504069992834],[173.18065146606727,-42.34640404989541],[173.2259005994493,-42.346328449511844],[173.24331679963674,-42.35608476709663]]]},"properties":{"shapeName":"Kaikoura District","shapeID":"76426892B84594849147158","shapeGroup":"NZL","shapeType":"ADM2"}},
{"type":"Feature","geometry":{"type":"Polygon","coordinates":[[[172.2180466685077,-40.77736260801504],[172.2141723630001,-40.79127883899997],[172.20747375500002,-40.79208373899996],[172.18913269100005,-40.80211257999997],[172.1874694830001,-40.80625152599998],[172.1782989500001,-40.81127929599995],[172.17622375500002,-40.81666564799997],[172.1691741940001,-40.82125091399996],[172.16163635300006,-40.83041763199998],[172.13705444300012,-40.85502624399993],[172.13621521000005,-40.86333465499996],[172.13078308100012,-40.87627792199993],[172.11413574200003,-40.88208389199997],[172.10285949700005,-40.89752960199996],[172.10369873100012,-40.906665801999964],[172.09875488300008,-40.921638488999974],[172.10125732400002,-40.940834045999964],[172.10035705600012,-40.95086288299996],[172.1029205320001,-40.959194183999955],[172.10509585588864,-40.985095873445836],[172.11206054700006,-41.00502777],[172.1112518320001,-41.02086257999997],[172.11372375500002,-41.03669357199993],[172.10702514600007,-41.04333495999998],[172.10874939000007,-41.05583190899995],[172.1054382320001,-41.060859678999975],[172.10377502400002,-41.08336257999997],[172.10624694800003,-41.09669494499997],[172.10125732400002,-41.09916686899993],[172.10125732400002,-41.10772413840751],[172.1046142570001,-41.11086273199993],[172.1070861820001,-41.14919280899994],[172.10539245600012,-41.180000305999954],[172.10542297400002,-41.203334808999955],[172.10289001400008,-41.20666503899997],[172.0995788570001,-41.24005508399995],[172.1057333244134,-41.247334928095675],[172.1029205320001,-41.25255584599995],[172.10958862400003,-41.270862577999935],[172.1055746664721,-41.27606158319187],[172.10620117100007,-41.28255462499993],[172.10205078100012,-41.28916549699994],[172.09351404955618,-41.290198283358876],[172.08871460000012,-41.30669403099995],[172.0854187010001,-41.330860136999945],[172.08291626000005,-41.33669280999993],[172.0762176510001,-41.36336135899995],[172.06538391200002,-41.38836288299996],[172.0558929440001,-41.39211273199993],[172.04580688500005,-41.39877700699998],[172.03419494600007,-41.41380691399996],[172.02914428700012,-41.41458511199994],[172.01252746600005,-41.432056426999964],[172.00378418000003,-41.436721800999976],[172.0021057130001,-41.44172286999998],[171.98785400400004,-41.450000761999945],[171.9762268070001,-41.47000122099996],[171.9578552260001,-41.499221801999965],[171.9486999510001,-41.50752639799998],[171.93743896500007,-41.524612426999965],[171.9187164320001,-41.560859678999975],[171.9037017820001,-41.576694488999976],[171.89703369200004,-41.588359830999934],[171.86996460000012,-41.61624908299996],[171.8391723630001,-41.64461135899995],[171.8049926760001,-41.66213989299996],[171.7908325190001,-41.67047119199998],[171.77420043900008,-41.68294525199997],[171.7591705320001,-41.69041824399994],[171.7307739260001,-41.710445403999984],[171.70416259800004,-41.72627639799998],[171.68167114300002,-41.735389708999946],[171.67919921800012,-41.739582061999954],[171.66329956100003,-41.73963928099994],[171.6558074950001,-41.74377822799994],[171.64413452100007,-41.74625015299995],[171.63586425800008,-41.74213790799996],[171.619964599,-41.74211120599995],[171.60827636700003,-41.73627853399995],[171.59368896500007,-41.733386992999954],[171.59826179770963,-41.74490173261663],[171.59369029518632,-41.752398362692446],[171.57882444978077,-41.74868303293426],[171.58705670016727,-41.742537999885016],[171.58580017100007,-41.732112884999935],[171.55328369200004,-41.74958419799998],[171.5274963380001,-41.75297164899996],[171.50614420026855,-41.745329666870035],[171.4866333010001,-41.74627685399997],[171.47157803314502,-41.748672299321626],[171.46202087400002,-41.752498626999966],[171.4662017820001,-41.75752639799998],[171.458755493,-41.76499938999996],[171.46292114300002,-41.76919555699993],[171.457191000187,-41.77490551677115],[171.46035766600005,-41.81005477799994],[171.47285461400008,-41.82252883799998],[171.46949768100012,-41.826667784999984],[171.4704437250001,-41.83752822899993],[171.46617126500007,-41.83919525199997],[171.4670257560001,-41.822555541999975],[171.46122741700003,-41.81999969499998],[171.46295166000004,-41.84669494599996],[171.4612426760001,-41.855861662999985],[171.46624755900007,-41.86002731299993],[171.46038818300008,-41.864166258999944],[171.45953369200004,-41.88502883799998],[171.4558258070001,-41.89041519199998],[171.44908142100007,-41.89044570899995],[171.44660949800004,-41.89710998399994],[171.44078064000007,-41.89625167899993],[171.42500305200008,-41.91541671799996],[171.41792297300003,-41.92088699399994],[171.4195556640001,-41.926723478999975],[171.41702270500002,-41.939998626999966],[171.41288757300003,-41.95080566399997],[171.4103851320001,-41.969196317999945],[171.40708923400007,-41.97502899199998],[171.40699768100012,-41.99080657799993],[171.39703369200004,-42.00088882499995],[171.39703369200004,-42.01255416799995],[171.39122009400012,-42.02669524999993],[171.38494873100012,-42.031276702999946],[171.37164306700004,-42.03630447299997],[171.36641984849842,-42.0401922170668],[171.3695220950001,-42.04499816899994],[171.3653869630001,-42.05836105199995],[171.3653564450001,-42.065834043999985],[171.3616333010001,-42.072944639999946],[171.3566741950001,-42.07374954299996],[171.34997558600003,-42.083778381999934],[171.34411621100003,-42.084609985999975],[171.338714599,-42.091775778086244],[171.34205627400002,-42.100055693999934],[171.33453369200004,-42.11169433499998],[171.32708740200007,-42.115028379999956],[171.33041381800012,-42.12292491537333],[171.3355353499425,-42.12612100005059],[171.34457804947596,-42.123724916509396],[171.35164553410718,-42.135495250007885],[171.36335383479943,-42.13707384899226],[171.36215228466713,-42.148685799202966],[171.3758753518179,-42.163987299676464],[171.3861659000796,-42.1668576665499],[171.39444205209065,-42.172119499830394],[171.39332066733004,-42.18162168373483],[171.4007459348323,-42.182995448662155],[171.41259554960956,-42.178087932571906],[171.4116219175915,-42.18917316517168],[171.4036630162738,-42.19436081650179],[171.40537073467243,-42.201441017167625],[171.41539451839228,-42.21499671716895],[171.41268155213467,-42.22040898234932],[171.4173211344661,-42.22745478237485],[171.42689193325515,-42.23246739872411],[171.42900438321047,-42.237208198521486],[171.43907373455934,-42.239586732907206],[171.44434119986883,-42.22743121708544],[171.43923846813297,-42.21380308315222],[171.4403344356665,-42.20614591701038],[171.44854638492743,-42.19855459889533],[171.46071703425454,-42.19842831572985],[171.47175056759156,-42.18611521642504],[171.4884672674143,-42.181496599244795],[171.4994075324402,-42.167268715286205],[171.50051756664783,-42.16205498311647],[171.50878786696526,-42.15862191584632],[171.5116334503985,-42.14489339913782],[171.52224496764356,-42.13576188309412],[171.5255295830324,-42.121098567111936],[171.5396896833548,-42.11491429900141],[171.53654559912462,-42.10131123217894],[171.54674079990392,-42.09059725005969],[171.5433866834225,-42.07863871627955],[171.5450869003969,-42.07251803270224],[171.55820323301808,-42.06458913333944],[171.58304100061002,-42.06694264940099],[171.5817949004894,-42.05762188322501],[171.61393703320687,-42.06975758289558],[171.6266396831623,-42.0809528326244],[171.61894555083921,-42.09032663338605],[171.61355965047753,-42.10018159980576],[171.60616666741362,-42.103768399988326],[171.59624599916256,-42.11386974952442],[171.58145261752162,-42.12113983285937],[171.57651824927768,-42.13261373285434],[171.57778645027955,-42.14212408295607],[171.5882117833323,-42.15596138319963],[171.59957051647208,-42.17533201651783],[171.60190356580037,-42.18277168309933],[171.6170275332622,-42.18485016688844],[171.63839185084134,-42.19763946651415],[171.6436962004869,-42.20418680004425],[171.6401050213286,-42.21286915722417],[171.64979512499764,-42.220232314209944],[171.6480724738058,-42.225244622242684],[171.65394326673427,-42.23140426541198],[171.6584995487552,-42.247899351353574],[171.65464768325734,-42.25563542365371],[171.65461441709337,-42.27161961669102],[171.65063102082894,-42.28278931872843],[171.67817422752853,-42.289922969633686],[171.6825861968175,-42.28803768985263],[171.68821826665246,-42.29619231632552],[171.70193011589407,-42.30580303251847],[171.72325705075068,-42.31316240137985],[171.73705708830423,-42.32529611317931],[171.74580503927123,-42.32622136675475],[171.7511571225055,-42.33032583167592],[171.76917662772848,-42.339027388397774],[171.768110602171,-42.345263704190415],[171.78827564111643,-42.355000367319484],[171.79390373317688,-42.35990649940919],[171.81234856681715,-42.35938458302656],[171.82179673269238,-42.36104686687041],[171.8415769831556,-42.36914314946667],[171.84855812633637,-42.35958282344831],[171.8569414756532,-42.357579362256985],[171.86594943250788,-42.34485538300138],[171.8732011839911,-42.34989709986152],[171.88834190015214,-42.345009182818224],[171.90579966744266,-42.37503184952317],[171.9051420341153,-42.37810788312113],[171.91871683373066,-42.393461916643325],[171.91926238242897,-42.398822883298664],[171.92522998298972,-42.403933966127134],[171.9441307330168,-42.404427149542855],[171.95670006679018,-42.41003781617821],[171.96145686724765,-42.415833483431804],[171.95804405002133,-42.425752233096716],[171.9532131830246,-42.430519750164365],[171.94851433360333,-42.44056441617439],[171.93670968259272,-42.4389451664124],[171.9211478158709,-42.454731166639824],[171.9258813497901,-42.460887716245075],[171.91983571718853,-42.46680738303411],[171.92444063312598,-42.473353850111366],[171.92396331707508,-42.47997959945686],[171.93349153283634,-42.48905113283658],[171.9455092994529,-42.49664056644856],[171.95812171713223,-42.502474633451826],[171.96547973339742,-42.50922134992479],[171.9823742328293,-42.51131543351789],[171.9829500330328,-42.50721724957556],[171.99339105025075,-42.50352296679541],[172.00288478380983,-42.50951276691637],[172.02282244982837,-42.51253653268208],[172.02953744993422,-42.51615110013247],[172.03447263320265,-42.523188083181026],[172.05448773275668,-42.52403481624249],[172.06500043322967,-42.51889418358517],[172.07932404960044,-42.518215316423685],[172.08444090079658,-42.51389908342462],[172.11008726669067,-42.507326433030705],[172.1190057667072,-42.50892211670719],[172.13450341653845,-42.504543432948175],[172.1457437493367,-42.49873923308421],[172.15389505001346,-42.5000048333767],[172.16545634912802,-42.49516206629123],[172.17921556670916,-42.492727699501906],[172.1894373834063,-42.493026449528585],[172.1957729837063,-42.496329283321856],[172.22021325012577,-42.4852244331448],[172.2311371328858,-42.47393729948673],[172.23141419949857,-42.46607010014021],[172.23551380030213,-42.45672726631683],[172.24112160062126,-42.457025866924354],[172.25483196712577,-42.4512805330681],[172.26638088412244,-42.454795183083604],[172.27878693339943,-42.44989878314165],[172.2934059833409,-42.44014128340595],[172.30062856674178,-42.42866168342383],[172.2994689833065,-42.42279673266556],[172.31750576682768,-42.419797450137374],[172.32476896723674,-42.416448449641464],[172.33370018344542,-42.408315332744735],[172.33798009994214,-42.39924175008587],[172.34338888315472,-42.39805853350552],[172.34826051601755,-42.391389849363286],[172.3570343664049,-42.39016464962134],[172.36864546669855,-42.38502619953255],[172.39424308271654,-42.37791089997445],[172.4167019836267,-42.38378065019813],[172.42932036678172,-42.37204921633987],[172.4442569002039,-42.36596409986688],[172.44927698341408,-42.354019816184696],[172.44306013399793,-42.34468524980763],[172.4487954669676,-42.32839456633359],[172.45338906679754,-42.323411266059004],[172.4604533506091,-42.32364151603446],[172.46301175024897,-42.31701575000747],[172.46189441728825,-42.307136866872106],[172.46651075044474,-42.30067399981091],[172.47457863334844,-42.2967202498718],[172.47963583353308,-42.28601349967788],[172.47903094981865,-42.27702943309731],[172.47205778402002,-42.27493028317927],[172.4672094660499,-42.278295983265714],[172.45362631731433,-42.27479359933243],[172.44539019986914,-42.28477768351782],[172.44465388310746,-42.29077831641952],[172.43867623368706,-42.301755916291725],[172.4309265502236,-42.30557390036138],[172.419133066487,-42.30096076656087],[172.4021248830845,-42.29826188360134],[172.36959353256762,-42.280602516815215],[172.35520500025663,-42.28030394968542],[172.34789779949614,-42.276699216844186],[172.3566065168162,-42.26687654971197],[172.35252929997134,-42.254984916681124],[172.3464855175163,-42.254121999414075],[172.34176516695453,-42.2448394663071],[172.33490025047874,-42.24293563317939],[172.3358758332329,-42.23420796603565],[172.3475450335226,-42.226270983236134],[172.34937866671984,-42.22151971736959],[172.34413221670877,-42.21428758331925],[172.34354590090103,-42.200582466884136],[172.34026715086733,-42.199055766471204],[172.34123273344215,-42.180620966873384],[172.34486098378378,-42.17631173277072],[172.33195021658267,-42.15063928293132],[172.31622066620233,-42.14788393274712],[172.26099479982003,-42.14831248343123],[172.2520440169957,-42.14440968323798],[172.24766796666063,-42.13237315017116],[172.23499958267308,-42.133612399329955],[172.2209638331677,-42.13163216649881],[172.21702041722415,-42.1252217332343],[172.2171055339352,-42.11424828343502],[172.21361535087013,-42.10731166667767],[172.20581761645042,-42.1047976502103],[172.20673074994843,-42.098314783216495],[172.18444348379725,-42.105163999639906],[172.17615301637966,-42.10034665026953],[172.16815526703863,-42.1039016498861],[172.13520366615745,-42.104043983379725],[172.1298513830194,-42.092441099741364],[172.13253318355504,-42.080634433478046],[172.122751416181,-42.076479033039966],[172.11560413309672,-42.06741991610805],[172.10500245027077,-42.04911651638855],[172.10548155066454,-42.04506311678265],[172.11813931653933,-42.02886560006588],[172.1174422333085,-42.02094968330036],[172.12057346694522,-42.01626828314497],[172.11408856690278,-42.012004182770056],[172.10437326678658,-42.012899949929],[172.08125226631273,-42.00785398293523],[172.07115668323326,-41.99871908317518],[172.07656871695394,-41.98717846676651],[172.06916901668774,-41.97313309989755],[172.06961893403798,-41.96414181688908],[172.05316638414914,-41.95887486652807],[172.05058670008373,-41.95225923309272],[172.05212681699263,-41.94518213297842],[172.05789875085128,-41.93757893325302],[172.0645272665784,-41.93698031619681],[172.0684474000686,-41.92924125013427],[172.07719493419444,-41.92088738293237],[172.06869548291453,-41.91034614960411],[172.0687531667449,-41.904202732861016],[172.06351630020956,-41.8990170828279],[172.07070728273945,-41.89292679985777],[172.07767898332963,-41.89653524941288],[172.09289293398606,-41.891947383221655],[172.0931320333591,-41.87597945006793],[172.10189806755068,-41.86927648297768],[172.11573056714496,-41.868404799666955],[172.1162842501492,-41.78915219977461],[172.108030850245,-41.78973663346273],[172.1003026008527,-41.78419804953511],[172.0972923333153,-41.77417323306673],[172.10027236710386,-41.76750596649369],[172.10760801737155,-41.764284616849814],[172.11786306686685,-41.75622946661563],[172.1181896164495,-41.74968159981311],[172.1240493499689,-41.74211031623145],[172.1242227670469,-41.735393766728876],[172.11576624998057,-41.731786982828],[172.1193573505398,-41.72514245005965],[172.12512548403362,-41.72210626631994],[172.12932229974447,-41.71400163294378],[172.13886810081004,-41.71586406699619],[172.15037658353975,-41.71081454972297],[172.15546213390232,-41.69966008273173],[172.16160169945553,-41.70279931643968],[172.17517811677521,-41.70273230014543],[172.18782255022842,-41.692551433460615],[172.2124617996046,-41.6960466667803],[172.21368483342468,-41.68905494952279],[172.2246489338691,-41.69339628294138],[172.2359843667791,-41.692975032764394],[172.24084934980206,-41.69963013316206],[172.25084766583637,-41.70307284987843],[172.25973465014974,-41.694397617321506],[172.24707896748416,-41.68421771670885],[172.2538063341407,-41.66902173282193],[172.25017336716013,-41.66192523283531],[172.24423760060523,-41.66071039965591],[172.23921951692932,-41.65292695046993],[172.2408750829547,-41.64339654936293],[172.2381306493187,-41.63951809996266],[172.25719139962985,-41.63210960004349],[172.26377671676394,-41.62739804950882],[172.27637099984767,-41.63149550012335],[172.28085971619882,-41.636500666505164],[172.29151393330272,-41.63459239966324],[172.29314416681441,-41.62392183302798],[172.30021706738802,-41.618230882942335],[172.32066548412863,-41.61028736676728],[172.33035994922272,-41.59959378295139],[172.3344616334565,-41.58320199944922],[172.3268413175004,-41.560307183343184],[172.34470554970764,-41.55529204957396],[172.343807816286,-41.538973699976175],[172.34652035025712,-41.53225783378045],[172.34245996745017,-41.5131613498026],[172.35255074977138,-41.50797964957384],[172.3717391171445,-41.494013816480965],[172.3888785837117,-41.49060756608619],[172.39499978334135,-41.480019299422224],[172.41801828257778,-41.4716592493225],[172.4196651325712,-41.45859788328747],[172.42437955026443,-41.45415301635101],[172.4220897835418,-41.44131893320591],[172.4305872159966,-41.43396623281535],[172.42905159978827,-41.42517113289238],[172.4217731331993,-41.42482851608871],[172.41528216722838,-41.41598756628437],[172.41965940039245,-41.410461150192155],[172.43699833333218,-41.408570333266205],[172.45789289924537,-41.39546964963371],[172.4627551824421,-41.39687743293331],[172.46311268412964,-41.40437756651752],[172.48466300019493,-41.408050566748685],[172.49321776657624,-41.407017550160184],[172.50457108405635,-41.4087062333567],[172.50876261702317,-41.41242876664611],[172.51954343314486,-41.40799998376464],[172.532480349839,-41.40526659969883],[172.5346511668596,-41.40128403271367],[172.5526720659423,-41.39804321655525],[172.55807488335253,-41.384392366905175],[172.57250366710258,-41.377405616231975],[172.58436156750457,-41.37619449996896],[172.5865438335356,-41.366051366049206],[172.58211033283712,-41.359618666034564],[172.5858204506898,-41.352836300164775],[172.5826659837139,-41.34114881679559],[172.58951224945918,-41.33477481629271],[172.58718396670324,-41.326402749711946],[172.58976148367617,-41.31827293335701],[172.59754818361017,-41.31100821623623],[172.60031203411262,-41.301833232660556],[172.59619271745757,-41.29232729932761],[172.58585556693507,-41.28808621611905],[172.5813823492915,-41.27159786665028],[172.57416116742127,-41.26570228274539],[172.57456269981358,-41.25804524943108],[172.57978451632238,-41.25410680006706],[172.60460595022636,-41.25354311672064],[172.60952573314665,-41.249757633322986],[172.6252801168879,-41.24307256652375],[172.63607516660187,-41.24517729943464],[172.65793758320248,-41.23916899954397],[172.66206948395072,-41.23211166655604],[172.67863246693008,-41.221935716545126],[172.69031106656269,-41.21178178330916],[172.6920823336502,-41.20024926610516],[172.6825049326673,-41.19249005007638],[172.67283525045374,-41.18820988311483],[172.66296469927084,-41.19453134959144],[172.65880865031235,-41.19276540017129],[172.6376933326613,-41.19564848329323],[172.62827290023964,-41.19325978296627],[172.62906883349402,-41.18685303351549],[172.62451654979316,-41.18385134980425],[172.61800498359491,-41.159895649413436],[172.5962903335083,-41.14769650019616],[172.59057678326462,-41.13745359947948],[172.58086003244227,-41.136392283401335],[172.5728453000422,-41.124611216616955],[172.55973073300225,-41.11554741720351],[172.5536816668367,-41.103210900219935],[172.54202571711718,-41.10087311699341],[172.53131819974854,-41.09604811632827],[172.52014971748164,-41.095883082915506],[172.51807178351797,-41.091560016479335],[172.52242063321944,-41.08116423311235],[172.51169084977093,-41.0660081497037],[172.49209239984768,-41.064741483346644],[172.4859684505071,-41.05424273272165],[172.49443783373206,-41.045068516548554],[172.49615433248883,-41.039972066738756],[172.49393829921607,-41.02452420021731],[172.48987841687617,-41.02231673301674],[172.47894939990067,-41.02506856679252],[172.4662194672883,-41.02254846616751],[172.43949251687025,-41.02047193342555],[172.43529446624814,-41.02762730014179],[172.42304001709292,-41.033011266305735],[172.41714235078516,-41.0332759994843],[172.40644606708736,-41.02733796630264],[172.38359926593,-41.022432816647814],[172.36640203338095,-41.03690126621706],[172.36091098308387,-41.04435716656269],[172.36243473285847,-41.05106996653857],[172.35051958345062,-41.05429974933582],[172.3509086500011,-41.06167486644168],[172.32771240036882,-41.06100478339446],[172.3245044500375,-41.05243663319422],[172.33045496731748,-41.04651805063609],[172.33331963398936,-41.03421695012926],[172.32315513290646,-41.02764913325798],[172.3103350336138,-41.01355811630122],[172.3245925175024,-40.99231699972452],[172.33617316754857,-40.984258199813574],[172.35016288378807,-40.98332828281761],[172.3700782169579,-40.970752467165376],[172.37549363346895,-40.961072700179066],[172.38634679979992,-40.949343582885305],[172.3811440336156,-40.94545578276655],[172.37674679980594,-40.93527569949459],[172.36890043305783,-40.936623999710505],[172.3514723498168,-40.93196509973615],[172.3289126336341,-40.936324932834374],[172.31569818360998,-40.92432329986233],[172.30524103264688,-40.925463916234136],[172.29407658334668,-40.91933936682887],[172.30122551672747,-40.91065829945636],[172.2956125997661,-40.90341995007387],[172.28836279988815,-40.903800799713565],[172.2815415327744,-40.898926749600875],[172.28820313307472,-40.88931133304167],[172.29007313395155,-40.87793244969392],[172.2862040001029,-40.87444586689065],[172.2703014003182,-40.871926816240936],[172.2634145495661,-40.865859032704485],[172.2599317159287,-40.85861718334918],[172.24485569983915,-40.866459799793915],[172.23917028312735,-40.87114181658115],[172.23341326745162,-40.86880316668485],[172.22903610022132,-40.85588066642815],[172.23045474996823,-40.85008086687605],[172.23766713374349,-40.845564899777884],[172.24041815021945,-40.83986463339158],[172.23817628339623,-40.82966899934167],[172.24646169939436,-40.81809313299217],[172.24783209998628,-40.804617483313685],[172.235333450447,-40.792703733364824],[172.22392451735993,-40.7848055161702],[172.2180466685077,-40.77736260801504]]]},"properties":{"shapeName":"Buller District","shapeID":"76426892B83106555775362","shapeGroup":"NZL","shapeType":"ADM2"}},
{"type":"Feature","geometry":{"type":"Polygon","coordinates":[[[171.33041381800012,-42.12292491537333],[171.3303833010001,-42.13085937499994],[171.32708740200007,-42.145862577999935],[171.32041931300012,-42.16416549699994],[171.31958007800006,-42.18252944999995],[171.31707763700012,-42.18916702299998],[171.31954956000004,-42.19419479399994],[171.31380543369966,-42.20253679533176],[171.3128814690001,-42.22669601399997],[171.30952453600003,-42.236721038999974],[171.308700562,-42.25336074799998],[171.30622863700012,-42.26750182999996],[171.29835510400005,-42.278778074999934],[171.29371643100012,-42.27999877899998],[171.28958129900002,-42.29586028899996],[171.28457641600005,-42.30169296299994],[171.28002929700006,-42.31458282299997],[171.26791381800012,-42.32672119199998],[171.26042175300006,-42.34000015299995],[171.2595825200001,-42.345832824999945],[171.25122070300006,-42.35580444399994],[171.24877929700006,-42.36336135899995],[171.24127197300004,-42.375862119999965],[171.22502136200012,-42.38291549699994],[171.21878051800002,-42.382526396999936],[171.2178955070001,-42.39169311499995],[171.20372009300002,-42.43252944799997],[171.1961824067718,-42.43900011490833],[171.1925966993361,-42.44564700018092],[171.19125366200012,-42.45669555699993],[171.18494039965182,-42.46954313232404],[171.17628479000007,-42.491664886999956],[171.17036438000002,-42.50002670199996],[171.16204834000007,-42.51839065399997],[171.15458679200003,-42.53086090099998],[171.14286804200003,-42.543361663999974],[171.1420898440001,-42.54752731299993],[171.1307637863609,-42.56092050192612],[171.1355802497618,-42.56263554973704],[171.1479338660628,-42.56037533339669],[171.15273453401895,-42.56249011616598],[171.1628075000418,-42.575062632723494],[171.16016934915214,-42.57871794934034],[171.16366253388006,-42.59243589989507],[171.1803672841172,-42.6182436167384],[171.19816448261423,-42.62697806680294],[171.20038155001086,-42.637851600099715],[171.21134559978768,-42.63983143271403],[171.21886801655188,-42.6482123166204],[171.2316876667339,-42.65400711621938],[171.2375025000523,-42.66044951681655],[171.23125173331866,-42.66714164990134],[171.2295069660828,-42.67769064935302],[171.23307866700247,-42.688384782664066],[171.24419316694699,-42.700431216384075],[171.24708583359762,-42.71091676631435],[171.26268724948864,-42.716762283410475],[171.29253180026785,-42.72222820008793],[171.30661871689384,-42.73847449945597],[171.3088801158881,-42.74527421690305],[171.3209713494802,-42.75070818346209],[171.3304002671956,-42.75019509956597],[171.33714133266395,-42.75657013326191],[171.35258360087292,-42.75795990018518],[171.35997445081063,-42.756687616109836],[171.3685050499311,-42.74909728297294],[171.3789520501917,-42.744752400090974],[171.39678805023462,-42.741715766551984],[171.40755026716553,-42.735142082777784],[171.41886458395226,-42.7325223996099],[171.44434701716546,-42.732117149519446],[171.45186246686043,-42.73417486732681],[171.46049813420126,-42.73132218290929],[171.47565091696552,-42.73257468346829],[171.5025985837569,-42.74252423337212],[171.5129874503081,-42.737799866629445],[171.55087823377463,-42.74639663311142],[171.5598110335257,-42.75304586717072],[171.57678496661515,-42.759918532923],[171.59556019967667,-42.76241156673592],[171.6137053661366,-42.75950731609159],[171.62263058308534,-42.75137156638666],[171.63538060040332,-42.75235603340407],[171.6405347501625,-42.75738243338143],[171.65301830091067,-42.75708446670096],[171.67103121741158,-42.76182319966038],[171.6819403000797,-42.758705500090436],[171.6920120008272,-42.75910131631952],[171.7018326995302,-42.756011516463346],[171.71347558387723,-42.76006181674931],[171.72243114943336,-42.76090945015901],[171.73333833245314,-42.75897474959012],[171.75116536655938,-42.7619899500608],[171.76182095028176,-42.759746149484094],[171.78142839944718,-42.75251791671495],[171.8028741498955,-42.74887203290104],[171.8298286496965,-42.73924876659152],[171.84052401739564,-42.73796248321063],[171.86687595051262,-42.73114461629274],[171.88292168279915,-42.728869082832766],[171.88505700033687,-42.718746366350686],[171.90099313256817,-42.71086359972535],[171.9079892500844,-42.70469743327872],[171.91566521745895,-42.688135566623366],[171.91563916664782,-42.681730449613404],[171.92794041711787,-42.671056583104246],[171.92758491759702,-42.665337032832305],[171.94030036697416,-42.664012916774055],[171.95886566627416,-42.653536432992716],[171.97286020020965,-42.65316599990111],[171.9749533334564,-42.63899251629046],[171.9890338499244,-42.63731633293544],[171.99629155087064,-42.63367281675464],[172.0041375673259,-42.63495358276339],[172.0197355335496,-42.63260661726141],[172.0279759835755,-42.63669461679815],[172.03997795016144,-42.63124276676159],[172.05040796661888,-42.629969516400216],[172.07736129924615,-42.62230906676218],[172.0869950171614,-42.623779950129915],[172.09437538364628,-42.62044765014813],[172.0977524997621,-42.61033969986025],[172.10274288335145,-42.60584496657752],[172.09840981601795,-42.593744600022255],[172.1150928835327,-42.573476399966296],[172.13300074989994,-42.55520616641391],[172.14433659990186,-42.55229181619418],[172.15628226687986,-42.55278979945612],[172.17809603280082,-42.53569370017268],[172.18281013416228,-42.526231849651424],[172.18087719992124,-42.513760716681084],[172.18727735073767,-42.503539932823244],[172.1957729837063,-42.496329283321856],[172.1894373834063,-42.493026449528585],[172.17921556670916,-42.492727699501906],[172.16545634912802,-42.49516206629123],[172.15389505001346,-42.5000048333767],[172.1457437493367,-42.49873923308421],[172.13450341653845,-42.504543432948175],[172.1190057667072,-42.50892211670719],[172.11008726669067,-42.507326433030705],[172.08444090079658,-42.51389908342462],[172.07932404960044,-42.518215316423685],[172.06500043322967,-42.51889418358517],[172.05448773275668,-42.52403481624249],[172.03447263320265,-42.523188083181026],[172.02953744993422,-42.51615110013247],[172.02282244982837,-42.51253653268208],[172.00288478380983,-42.50951276691637],[171.99339105025075,-42.50352296679541],[171.9829500330328,-42.50721724957556],[171.9823742328293,-42.51131543351789],[171.96547973339742,-42.50922134992479],[171.95812171713223,-42.502474633451826],[171.9455092994529,-42.49664056644856],[171.93349153283634,-42.48905113283658],[171.92396331707508,-42.47997959945686],[171.92444063312598,-42.473353850111366],[171.91983571718853,-42.46680738303411],[171.9258813497901,-42.460887716245075],[171.9211478158709,-42.454731166639824],[171.93670968259272,-42.4389451664124],[171.94851433360333,-42.44056441617439],[171.9532131830246,-42.430519750164365],[171.95804405002133,-42.425752233096716],[171.96145686724765,-42.415833483431804],[171.95670006679018,-42.41003781617821],[171.9441307330168,-42.404427149542855],[171.92522998298972,-42.403933966127134],[171.91926238242897,-42.398822883298664],[171.91871683373066,-42.393461916643325],[171.9051420341153,-42.37810788312113],[171.90579966744266,-42.37503184952317],[171.88834190015214,-42.345009182818224],[171.8732011839911,-42.34989709986152],[171.86594943250788,-42.34485538300138],[171.8569414756532,-42.357579362256985],[171.84855812633637,-42.35958282344831],[171.8415769831556,-42.36914314946667],[171.82179673269238,-42.36104686687041],[171.81234856681715,-42.35938458302656],[171.79390373317688,-42.35990649940919],[171.78827564111643,-42.355000367319484],[171.768110602171,-42.345263704190415],[171.76917662772848,-42.339027388397774],[171.7511571225055,-42.33032583167592],[171.74580503927123,-42.32622136675475],[171.73705708830423,-42.32529611317931],[171.72325705075068,-42.31316240137985],[171.70193011589407,-42.30580303251847],[171.68821826665246,-42.29619231632552],[171.6825861968175,-42.28803768985263],[171.67817422752853,-42.289922969633686],[171.65063102082894,-42.28278931872843],[171.65461441709337,-42.27161961669102],[171.65464768325734,-42.25563542365371],[171.6584995487552,-42.247899351353574],[171.65394326673427,-42.23140426541198],[171.6480724738058,-42.225244622242684],[171.64979512499764,-42.220232314209944],[171.6401050213286,-42.21286915722417],[171.6436962004869,-42.20418680004425],[171.63839185084134,-42.19763946651415],[171.6170275332622,-42.18485016688844],[171.60190356580037,-42.18277168309933],[171.59957051647208,-42.17533201651783],[171.5882117833323,-42.15596138319963],[171.57778645027955,-42.14212408295607],[171.57651824927768,-42.13261373285434],[171.58145261752162,-42.12113983285937],[171.59624599916256,-42.11386974952442],[171.60616666741362,-42.103768399988326],[171.61355965047753,-42.10018159980576],[171.61894555083921,-42.09032663338605],[171.6266396831623,-42.0809528326244],[171.61393703320687,-42.06975758289558],[171.5817949004894,-42.05762188322501],[171.58304100061002,-42.06694264940099],[171.55820323301808,-42.06458913333944],[171.5450869003969,-42.07251803270224],[171.5433866834225,-42.07863871627955],[171.54674079990392,-42.09059725005969],[171.53654559912462,-42.10131123217894],[171.5396896833548,-42.11491429900141],[171.5255295830324,-42.121098567111936],[171.52224496764356,-42.13576188309412],[171.5116334503985,-42.14489339913782],[171.50878786696526,-42.15862191584632],[171.50051756664783,-42.16205498311647],[171.4994075324402,-42.167268715286205],[171.4884672674143,-42.181496599244795],[171.47175056759156,-42.18611521642504],[171.46071703425454,-42.19842831572985],[171.44854638492743,-42.19855459889533],[171.4403344356665,-42.20614591701038],[171.43923846813297,-42.21380308315222],[171.44434119986883,-42.22743121708544],[171.43907373455934,-42.239586732907206],[171.42900438321047,-42.237208198521486],[171.42689193325515,-42.23246739872411],[171.4173211344661,-42.22745478237485],[171.41268155213467,-42.22040898234932],[171.41539451839228,-42.21499671716895],[171.40537073467243,-42.201441017167625],[171.4036630162738,-42.19436081650179],[171.4116219175915,-42.18917316517168],[171.41259554960956,-42.178087932571906],[171.4007459348323,-42.182995448662155],[171.39332066733004,-42.18162168373483],[171.39444205209065,-42.172119499830394],[171.3861659000796,-42.1668576665499],[171.3758753518179,-42.163987299676464],[171.36215228466713,-42.148685799202966],[171.36335383479943,-42.13707384899226],[171.35164553410718,-42.135495250007885],[171.34457804947596,-42.123724916509396],[171.3355353499425,-42.12612100005059],[171.33041381800012,-42.12292491537333]]]},"properties":{"shapeName":"Grey District","shapeID":"76426892B91014587529392","shapeGroup":"NZL","shapeType":"ADM2"}},
{"type":"Feature","geometry":{"type":"MultiPolygon","coordinates":[[[[170.25102679496683,-43.16396048457923],[170.24089050300006,-43.16708373899996],[170.23234593474777,-43.1651750172612],[170.22564168348214,-43.16750118289639],[170.22316338405741,-43.174462982613484],[170.24096860031733,-43.17055274938267],[170.25102679496683,-43.16396048457923]]],[[[171.1307637863609,-42.56092050192612],[171.12333679200003,-42.56630706799996],[171.09460449200003,-42.60583496099997],[171.07543945300006,-42.62752914499998],[171.0491333010001,-42.65375137399997],[171.02619934000006,-42.66500091599994],[171.0195312500001,-42.66672134399994],[171.01583862300004,-42.67297363199998],[171.0058288570001,-42.67880630399998],[170.98831176800002,-42.69625091399996],[170.96913147100008,-42.71208190899995],[170.9574127200001,-42.71963882499995],[170.98506164600008,-42.72627639799998],[170.98953247200006,-42.72999954299996],[170.99085998500004,-42.73788833499998],[170.973327637,-42.73291778599997],[170.95750427300004,-42.725471496999944],[170.94836425800008,-42.72375106699997],[170.92707824700005,-42.74833297699996],[170.9254455570001,-42.75172042699995],[170.90042114300002,-42.77752685599995],[170.89122009300002,-42.79583358599996],[170.88461303700012,-42.80250167699995],[170.8745574950001,-42.81999969499998],[170.8491973880001,-42.84125137199993],[170.83494567900004,-42.84963989099998],[170.82371521000005,-42.86086273199993],[170.82705688500005,-42.86247253299996],[170.81333923300008,-42.87544632],[170.80999756000006,-42.87211227399996],[170.80081176700003,-42.88124847399996],[170.7691650390001,-42.90047073399995],[170.76167297300003,-42.907943725999985],[170.75497436500007,-42.90791702299998],[170.72999572700007,-42.927082059999975],[170.71836853000002,-42.93375015099997],[170.69575500500002,-42.94208145199997],[170.683364868,-42.94874954299996],[170.67002868600002,-42.95213699399994],[170.66539001400008,-42.960029600999974],[170.6654205320001,-42.969165800999974],[170.67994690000012,-42.97624969499998],[170.69128418000003,-42.98416519199998],[170.69082641600005,-42.99124908299996],[170.7012481690001,-42.999999998999954],[170.70378112800006,-43.00916671799996],[170.71205139200003,-43.02000045799997],[170.70953369100005,-43.026668547999975],[170.71464538600003,-43.03836059599996],[170.72708129900002,-43.06000137199993],[170.73039245600012,-43.07166671799996],[170.73541259800004,-43.08083343499993],[170.73544311500007,-43.092498777999936],[170.72795105000012,-43.09500122099996],[170.72708129900002,-43.07669448699994],[170.71786499000007,-43.063362121999944],[170.71878051800002,-43.050888061999956],[170.70877075200008,-43.03752899199998],[170.70291137700008,-43.02585983199998],[170.7028656000001,-43.02002715899994],[170.69207763600002,-43.009998321999944],[170.69206237800006,-42.999999998999954],[170.68702697700007,-42.99083328299997],[170.6854400630001,-42.98169326799996],[170.6791687010001,-42.977111814999944],[170.6724395750001,-42.977085113999976],[170.66204834000007,-42.97085952799995],[170.65830993600002,-42.95794296299994],[170.6458129880001,-42.96791839599996],[170.62753295900006,-42.97877883799998],[170.61830139200003,-42.98211288299996],[170.59588623000002,-42.99297332599997],[170.58163452200006,-43.00294494499997],[170.56916809100005,-43.00794601299998],[170.54911804200003,-43.01127624399993],[170.5308074950001,-43.018775939999955],[170.51910400400004,-43.021278381999934],[170.50250244100005,-43.021278381999934],[170.49420166000004,-43.01791763199998],[170.4858093260001,-43.022109985999975],[170.4741973880001,-43.02463912799993],[170.46414184600008,-43.02458190899995],[170.4449768060001,-43.03044509799997],[170.43791198700012,-43.03669357299998],[170.44247436500007,-43.040443418999985],[170.46495056100002,-43.037109373999954],[170.47749328600003,-43.04627609299996],[170.50247192400002,-43.052944183999955],[170.51916504000008,-43.05297088499998],[170.53330993600002,-43.05794525099998],[170.53910827800007,-43.06375122099996],[170.5500030510001,-43.06961059599996],[170.5858306880001,-43.076278686999956],[170.61083984300012,-43.08294296299994],[170.62120056100002,-43.09749984699994],[170.6187744140001,-43.10916519199998],[170.62791442800005,-43.11838912999997],[170.62709045400004,-43.129196166999975],[170.62953186000004,-43.15002822899993],[170.62377929700006,-43.14919280999993],[170.6096038820001,-43.127471921999984],[170.60372924800004,-43.10749816899994],[170.59954834000007,-43.10166549699994],[170.59706115900008,-43.08833312899998],[170.58921814000007,-43.08124923699995],[170.58078002900004,-43.08375167899993],[170.5625000000001,-43.07711029099994],[170.5500335690001,-43.07791518999994],[170.53500366200012,-43.072944640999935],[170.52827453600003,-43.06211089999994],[170.51249694800003,-43.055389402999936],[170.49667358400006,-43.057918548999965],[170.47744751000005,-43.05297088499998],[170.46166992200006,-43.04041671699997],[170.45166015600012,-43.04041671699997],[170.44329834100006,-43.043750761999945],[170.42327880900007,-43.042110442999956],[170.41833496100003,-43.038776396999936],[170.40872192400002,-43.04752731199994],[170.41250610300006,-43.053722379999954],[170.42582702700008,-43.06041717599993],[170.43666076600005,-43.06208419799998],[170.4445343010001,-43.07166671799996],[170.44419860900007,-43.08375167899993],[170.43913269100005,-43.08211135899995],[170.4346160890001,-43.06586074899997],[170.4282989500001,-43.06211089999994],[170.41911315900006,-43.06211089999994],[170.40414428700012,-43.05461120599995],[170.3941650390001,-43.061306],[170.3808593750001,-43.074611663999974],[170.36693462595585,-43.08509195323134],[170.37179874994456,-43.08884140036196],[170.38537956641676,-43.088094349894526],[170.3896179200001,-43.096668242999954],[170.3879241940001,-43.10169601399997],[170.3896179200001,-43.11249923699995],[170.38079834000007,-43.10961151199996],[170.3441314700001,-43.107917784999984],[170.33410644600008,-43.11294555699993],[170.3282775880001,-43.11044311599994],[170.32359448275554,-43.102520163968606],[170.31330871600005,-43.10377883899997],[170.3041687010001,-43.10961151199996],[170.26750183100012,-43.10961151199996],[170.26036071800002,-43.11255645799997],[170.2774963380001,-43.120418548999965],[170.2932739260001,-43.12127685399997],[170.3049926760001,-43.11964034999994],[170.31660461400008,-43.127082824999945],[170.32247924900003,-43.12625122099996],[170.3416137690001,-43.13375091399996],[170.34666442900004,-43.13377761899994],[170.35205078100012,-43.143360137999935],[170.36161804300002,-43.14877700699998],[170.36917114400012,-43.157112121999944],[170.35916137700008,-43.157917021999936],[170.34794616700003,-43.146694182999966],[170.34249878000003,-43.138778686999956],[170.32830810500002,-43.13124847299997],[170.31413269000006,-43.13294601499996],[170.30413818300008,-43.12625122099996],[170.2933044450001,-43.12458419799998],[170.27416992200006,-43.125446317999945],[170.2633361810001,-43.11960983199998],[170.2591705320001,-43.120418548999965],[170.24877929700006,-43.134193418999985],[170.2383270260001,-43.143775939999955],[170.22830200200008,-43.14710998499993],[170.21411326661737,-43.175969333437415],[170.22030748363525,-43.17754723185099],[170.2233183011796,-43.16972001535417],[170.23569803414767,-43.15917146567318],[170.25786795143864,-43.156737433705715],[170.26710510200007,-43.17416763199998],[170.25119018600003,-43.18419265799997],[170.24494934200004,-43.18627929699994],[170.2366333010001,-43.19374847299997],[170.227937309965,-43.196651807485566],[170.22955322200005,-43.20252609099998],[170.2124481200001,-43.20875167899993],[170.2087249760001,-43.224166869999976],[170.20330810600012,-43.227943420999964],[170.19203186000004,-43.227527616999964],[170.1908111570001,-43.232082366999975],[170.16918945300006,-43.22291564799997],[170.14331054700006,-43.22958373999995],[170.13125610300006,-43.23502731299993],[170.12788391100003,-43.240028381999934],[170.1408538820001,-43.24711227399996],[170.1291351320001,-43.25125121899998],[170.1242218010001,-43.24544524999993],[170.1074981690001,-43.259609222999984],[170.09913635200007,-43.26377868599997],[170.0941314700001,-43.269611356999974],[170.08163452200006,-43.27877807599998],[170.06500244100005,-43.28710937499994],[170.0624694830001,-43.29377746499995],[170.08996582100008,-43.30205535899995],[170.1033325200001,-43.30961227399996],[170.1132812500001,-43.309581754999954],[170.11830139200003,-43.312915800999974],[170.127059937,-43.325000761999945],[170.14083862300004,-43.337112426999965],[170.15705871600005,-43.34752654899995],[170.15536499000007,-43.357528686999956],[170.14627075200008,-43.362525939999955],[170.1445770260001,-43.344165801999964],[170.13580322300004,-43.33708190799996],[170.1125335690001,-43.322944639999946],[170.09913635200007,-43.31122207699997],[170.0874481200001,-43.309581754999954],[170.07664489700005,-43.304584501999955],[170.07000732400002,-43.29791641299994],[170.0624694830001,-43.29875183099995],[170.05589294600009,-43.294582366999975],[170.0483398450001,-43.29624938999996],[170.03910827700008,-43.30541610599994],[170.0336738324233,-43.30737059961965],[170.03118896500007,-43.31502914299995],[170.02510453327417,-43.31942978310559],[170.01121521000005,-43.34000015299995],[170.00061976807234,-43.342089589657036],[169.98330688500005,-43.35713958799994],[169.96833801200012,-43.365444182999966],[169.96078491200012,-43.372081754999954],[169.94744873100012,-43.37710952799995],[169.9141387940001,-43.393775939999955],[169.89828491200012,-43.39458465399997],[169.89166259800004,-43.39291763199998],[169.87580871600005,-43.39877700799997],[169.85661315900006,-43.39710998499993],[169.83918762300004,-43.397945403999984],[169.82080078100012,-43.415443418999985],[169.8049926760001,-43.42544555699993],[169.7933168800302,-43.42210275360058],[169.78128051800002,-43.44333267099995],[169.78994751000005,-43.44541549699994],[169.81497192400002,-43.46547317399995],[169.82666015600012,-43.46541595499997],[169.8391723640001,-43.456275939999955],[169.84835815400004,-43.45624923599996],[169.85417175300006,-43.45958328099994],[169.86669921800012,-43.457916258999944],[169.87910461400008,-43.46130370999998],[169.89582824700005,-43.46130370999998],[169.91577148400006,-43.46875],[169.93586730900006,-43.474609373999954],[169.9632720940001,-43.473751068999945],[169.95997619600007,-43.47791671699997],[169.94500732400002,-43.477943418999985],[169.9361877440001,-43.48169326799996],[169.91918945300006,-43.47541809099994],[169.88914489700005,-43.475471496999944],[169.86744690000012,-43.47211074699993],[169.84584045400004,-43.47708511299993],[169.82913208000002,-43.47127914299995],[169.82414245600012,-43.467109679999965],[169.80999755900007,-43.467109679999965],[169.78002929700006,-43.446277616999964],[169.7733306880001,-43.44791793799993],[169.7670898440001,-43.458332061999954],[169.75392699927085,-43.47071603262523],[169.7495574950001,-43.478359222999984],[169.73910522500012,-43.48877716099997],[169.76327514600007,-43.48961257999997],[169.7716064450001,-43.49708175699993],[169.78041076600005,-43.501693725999985],[169.78205871700004,-43.50669479399994],[169.80538940400004,-43.533332824999945],[169.80789184600008,-43.54172134299995],[169.8137817380001,-43.55086135899995],[169.80958557100007,-43.55666732699996],[169.811218262,-43.56502914499998],[169.80497741700003,-43.574611663999974],[169.79869079600007,-43.56916809099994],[169.8020629880001,-43.56333160299994],[169.80125427300004,-43.551666258999944],[169.7945861820001,-43.53586196899994],[169.7945556640001,-43.52916717399995],[169.78704834100006,-43.52252960199996],[169.78291320800008,-43.513332366999975],[169.7679138190001,-43.501667021999936],[169.76496887200005,-43.495471952999935],[169.74668884300002,-43.49127960199996],[169.740005493,-43.49627685499996],[169.72999572900005,-43.49627685499996],[169.69792175300006,-43.53919601399997],[169.69702148400006,-43.543304441999965],[169.68684854232615,-43.54613530807579],[169.67333984300012,-43.55625152599998],[169.66163635200007,-43.55880737299998],[169.65201735546128,-43.55388912327352],[169.63827514600007,-43.56544494499997],[169.64958190900006,-43.574138639999944],[169.64244079600007,-43.57630538799998],[169.6341705320001,-43.57041549499996],[169.6224517820001,-43.58458328299997],[169.60411071900012,-43.59544372399995],[169.59744262700008,-43.59713745099998],[169.59039306600005,-43.60663986199995],[169.59043884300002,-43.61505508499994],[169.58119201700003,-43.62250137299998],[169.5820312500001,-43.61083221399997],[169.58874511700003,-43.602527616999964],[169.5707702640001,-43.60377883899997],[169.56293826587222,-43.60063143275625],[169.55949660698332,-43.59025832082775],[169.55252075200008,-43.58794402899997],[169.5501395169342,-43.5944360505004],[169.54167175300006,-43.604610442999956],[169.51831054700006,-43.62044524999993],[169.4999694830001,-43.62958144999993],[169.491750779234,-43.623764481949074],[169.47244262700008,-43.62458419799998],[169.45753479000007,-43.62374877899998],[169.44416809000006,-43.63294601499996],[169.43574523900008,-43.634609222999984],[169.43458557100007,-43.65333175699993],[169.43711853100012,-43.661666869999976],[169.4337463380001,-43.67002868499998],[169.44744873100012,-43.68210983199998],[169.46577453600003,-43.68960952799995],[169.47782898000003,-43.69836044199997],[169.4766387950001,-43.70541763299997],[169.4666137690001,-43.70294570799996],[169.46119689900002,-43.69333267299993],[169.43666076700003,-43.68127822799994],[169.42955017100007,-43.67083358699995],[169.42877197300004,-43.65835952699996],[169.4320220950001,-43.64752960199996],[169.43289184600008,-43.63588714599996],[169.4274749750001,-43.62710952799995],[169.41746521000005,-43.62961196899994],[169.40245056100002,-43.637916564999955],[169.39413452100007,-43.636249540999984],[169.36994934100005,-43.64625167899993],[169.36206054700006,-43.66169357199993],[169.3549499510001,-43.667945861999954],[169.34497070300006,-43.67294311499995],[169.31739389273164,-43.67703391762771],[169.28999328600003,-43.69208144999993],[169.2774658200001,-43.69788741899998],[169.26414489800004,-43.69791793799993],[169.2541351320001,-43.70291519199998],[169.24789428700012,-43.70916747899997],[169.23875427300004,-43.709194183999955],[169.2174377440001,-43.720417021999936],[169.20581054700006,-43.722946166999975],[169.19995117200006,-43.731250762999935],[169.1866455070001,-43.73544311399996],[169.14916992100007,-43.757137296999986],[169.11663818400007,-43.790443419999974],[169.10163879300012,-43.802944182999966],[169.07083129900002,-43.82044601299998],[169.0599517820001,-43.82791519199998],[169.04292297400002,-43.836666106999985],[169.04875183100012,-43.84916686899993],[169.06202697800006,-43.86585998399994],[169.06625366200012,-43.88000106699997],[169.0662231440001,-43.89250183099995],[169.07247924800004,-43.89958190799996],[169.09077453600003,-43.908748626999966],[169.0975494390001,-43.91711044199997],[169.1032562260001,-43.91880416899994],[169.11077880800008,-43.92630386299993],[169.1249694830001,-43.93208312999997],[169.1407775880001,-43.932971952999935],[169.15875244200004,-43.938362121999944],[169.1603851320001,-43.94666671799996],[169.16494751100004,-43.95038986199995],[169.2066650390001,-43.96461105299994],[169.22166442900004,-43.96374893199993],[169.22914123500004,-43.960445403999984],[169.24163818400007,-43.947082518999935],[169.24668884300002,-43.94710922099995],[169.26661682100007,-43.93208312999997],[169.27586364800004,-43.932056425999974],[169.29164123500004,-43.93624877899998],[169.25328064000007,-43.949611663999974],[169.24330139300002,-43.960445403999984],[169.22163391100003,-43.97291564999995],[169.20997619800005,-43.973751067999956],[169.1891174320001,-43.96708297799995],[169.18083190900006,-43.96625137399997],[169.17083740400005,-43.95713805999998],[169.152450562,-43.95461273199993],[169.14952087400002,-43.95169448799993],[169.14958190900006,-43.94002914499998],[169.11077880800008,-43.93375015299995],[169.09997558600003,-43.92789077699996],[169.0950317380001,-43.92211151099997],[169.0850067140001,-43.91872405999993],[169.07919311500007,-43.912109373999954],[169.0716705320001,-43.910446165999986],[169.067077637,-43.90252685399997],[169.06039428700012,-43.896694181999976],[169.05455017100007,-43.88666534399994],[169.0445861820001,-43.87749862499993],[169.04956054700006,-43.86833190999994],[169.04705810600012,-43.860000609999986],[169.03616333000002,-43.85169601499996],[169.03704834000007,-43.844165801999964],[169.03169250500002,-43.84127807599998],[169.01913452100007,-43.853748321999944],[169.0000000000001,-43.86627960199996],[168.9683074950001,-43.87961196799995],[168.95330810500002,-43.88375091599994],[168.9416351320001,-43.89125060899994],[168.91746521000005,-43.89544296299994],[168.91291809100005,-43.89747238199993],[168.90710449200003,-43.90919494599996],[168.8962249760001,-43.90830612199994],[168.88166809200004,-43.912971496999944],[168.8653869630001,-43.93666839499997],[168.84246826100002,-43.95544433599997],[168.82577514600007,-43.966278074999934],[168.81916809100005,-43.96791839599996],[168.80163574200003,-43.97708511199994],[168.785827637,-43.982887267999956],[168.76832580600012,-43.982887267999956],[168.75088500900006,-43.98791503899997],[168.70832824700005,-43.99458312999997],[168.6850280760001,-43.995418548999965],[168.67872619600007,-43.999999998999954],[168.68496704100005,-44.00794601399997],[168.7091369630001,-44.024612425999976],[168.70503234800003,-44.02624893199993],[168.67663574200003,-44.012916563999966],[168.67131042500012,-44.00749969499998],[168.66836547800006,-43.99627685399997],[168.64910888600002,-43.99627685399997],[168.63013313247623,-43.990220466003194],[168.62471931581493,-43.9830528662212],[168.61545851649402,-43.97695921557473],[168.6237354507913,-43.96010131572567],[168.6166992190001,-43.959609985999975],[168.6066741940001,-43.967109678999975],[168.59753418000003,-43.96794509799997],[168.59625244200004,-43.975807188999966],[168.58250427300004,-43.97544479399994],[168.5758361820001,-43.979610442999956],[168.569137575,-43.97877883899997],[168.55917358400006,-43.98627853399995],[168.54911804200003,-43.99789047099995],[168.52719116200012,-43.998806],[168.52005004900002,-44.00458145099998],[168.5033111570001,-44.00708389199997],[168.48083496100003,-44.00875091399996],[168.4683380130001,-44.00624847299997],[168.4532775880001,-44.01208495999998],[168.43994140600012,-44.01213836599993],[168.410827637,-44.00622177099996],[168.39332580500002,-44.00794601399997],[168.38999938900008,-44.00624847299997],[168.3706033301536,-44.01107132708837],[168.36961364700005,-44.021694182999966],[168.3732757570001,-44.029609678999975],[168.35997009300002,-44.03627777099996],[168.35247802700007,-44.03791808999995],[168.32713317800005,-44.05672073299996],[168.33125305200008,-44.06586074799998],[168.3253936760001,-44.072498321999944],[168.32952880900007,-44.07919311399996],[168.3295593260001,-44.087528228999986],[168.3241882320001,-44.09208297699996],[168.31494140600012,-44.09455490099998],[168.308364868,-44.10041808999995],[168.28910827800007,-44.107971189999944],[168.27372741700003,-44.12166595499997],[168.26786804200003,-44.13169479199996],[168.26872253400006,-44.139194488999976],[168.259201049,-44.14794540299994],[168.25083923300008,-44.15872192399996],[168.2324981690001,-44.16291809099994],[168.2183074950001,-44.17124938999996],[168.20919799800004,-44.17961120499996],[168.1849517820001,-44.192916869999976],[168.17166137700008,-44.19625091599994],[168.15669250500002,-44.203750610999975],[168.1441650390001,-44.22127914499998],[168.13497924800004,-44.22372054899995],[168.11408996600005,-44.237972259999935],[168.10330200200008,-44.24711227399996],[168.08082580600012,-44.24791717399995],[168.0666351320001,-44.252082824999945],[168.05594111289057,-44.25943861258523],[168.0782806330056,-44.26098889845694],[168.11875394966907,-44.27686316548238],[168.13192896592847,-44.28119378151885],[168.15176864980697,-44.280874365665845],[168.15812956650313,-44.2821886485445],[168.16932718349133,-44.27544296556016],[168.18027306657552,-44.27732289915958],[168.19628351700305,-44.27357529843509],[168.20225165071378,-44.266656382041575],[168.21164938260355,-44.26476744918153],[168.22495895051264,-44.256824249116],[168.2415320174209,-44.25820933219871],[168.25028601741016,-44.255120531796734],[168.25961405043589,-44.26180194930565],[168.27599879975654,-44.25965926564102],[168.28535941636997,-44.26290229896281],[168.3051823168225,-44.27905366572169],[168.31913171585938,-44.277695731941016],[168.32721974925343,-44.281650315281006],[168.34357818294646,-44.28123799917239],[168.3473491992043,-44.28423831604259],[168.35031943406224,-44.294844183052334],[168.3488041167801,-44.30179803191582],[168.35326433375346,-44.30460876576601],[168.345641017126,-44.320285265904104],[168.34907543328097,-44.330482399175914],[168.35922121710092,-44.33767099904161],[168.36727336591244,-44.3405497154155],[168.37062866672224,-44.34650144889868],[168.36836733249405,-44.35450088182865],[168.38494040075193,-44.35771651597469],[168.40939650058087,-44.360318432649606],[168.41174073238872,-44.363679215475706],[168.40736359904133,-44.375114782183246],[168.39774508255775,-44.379525565471354],[168.38620106581848,-44.380438199288555],[168.38523400051432,-44.38658944881077],[168.35991425026836,-44.39766983248591],[168.35176091613192,-44.40417991524182],[168.3543893164156,-44.41234294924916],[168.36623866625598,-44.418918149485734],[168.36549083342314,-44.42670918181713],[168.35984368306586,-44.432761599343344],[168.36096310015634,-44.43920418242619],[168.3538692675034,-44.443732381990976],[168.34873049972367,-44.45185684863125],[168.35313541621522,-44.46002646537323],[168.33892788301495,-44.474068415559564],[168.33378275040144,-44.48838936567881],[168.33452791747646,-44.49677943213513],[168.34504503360563,-44.49703899963521],[168.35852760074755,-44.491894465979335],[168.36435065028743,-44.494311932381876],[168.3924263998098,-44.49885954924761],[168.40032351669922,-44.495966382275384],[168.4155239663758,-44.49740446649429],[168.43825863321672,-44.49256534908545],[168.44766926648703,-44.4920729155656],[168.4600415329583,-44.49533481552981],[168.47388588347434,-44.48843253256942],[168.49062928338878,-44.47762329866856],[168.50091846576632,-44.47543366536917],[168.50680639964915,-44.46681509911408],[168.52354996626306,-44.46037208274427],[168.5466318160413,-44.45667631564415],[168.55493020072922,-44.45233713225741],[168.5735594334631,-44.45134878218371],[168.58419906655013,-44.45417328282405],[168.58987206669957,-44.45056459915672],[168.59304800017262,-44.44210158226948],[168.607430216491,-44.43605776595239],[168.62550280012553,-44.43393546604923],[168.63045713337308,-44.42629553250442],[168.641586050221,-44.41655591634681],[168.6558640990982,-44.410457149006426],[168.66277833243743,-44.40280103220263],[168.68714108334086,-44.391848082762785],[168.69367124994147,-44.39556871680527],[168.6997830165946,-44.404966232289446],[168.71759753406084,-44.41278091619237],[168.72839234942418,-44.41947811657769],[168.74102636645628,-44.42129763265458],[168.74440421653154,-44.41636253230592],[168.741546283264,-44.40487073264521],[168.75702014995144,-44.39000564902384],[168.76939750025053,-44.39117011606337],[168.7780859497258,-44.387849499106636],[168.78672091646717,-44.377906632546576],[168.81780001703513,-44.35613254905321],[168.82944570039885,-44.35276999975983],[168.83608353303262,-44.339917749712555],[168.83190818294347,-44.32644224997186],[168.83240041682924,-44.32056234906974],[168.84162310079898,-44.31042476587316],[168.84004891591943,-44.30244996596792],[168.84393699917,-44.29069948294984],[168.84258890037376,-44.284568333075526],[168.84747705020203,-44.27762881649925],[168.85467570038483,-44.2741545495736],[168.85720976683163,-44.268802649134585],[168.8515753163459,-44.25863286605897],[168.8491660006447,-44.246672349222536],[168.85610258253297,-44.24245053251223],[168.871125682845,-44.238699049458],[168.8736388157216,-44.22618719933416],[168.87723098408446,-44.22284111618731],[168.89430283375566,-44.217339665860926],[168.9054616831109,-44.21789361610071],[168.9104404334875,-44.20999454897203],[168.9456099502799,-44.20350163316951],[168.95886338398304,-44.2060861829599],[168.96335649960832,-44.1999363326238],[168.96137165044613,-44.1829695329479],[168.96598324976696,-44.17329888278014],[168.98739421655117,-44.16893081656992],[168.98600570017913,-44.16403566569343],[168.97696013350247,-44.15126924978363],[168.97507845122226,-44.14402948362086],[168.97983840088162,-44.14175214856727],[168.9933163518754,-44.141152649992335],[169.00881686835046,-44.13609921616102],[169.01592328465108,-44.130816298653144],[169.00985218317228,-44.123056932808375],[169.01252235114947,-44.11561784808342],[169.01976365091457,-44.11450674983085],[169.03617725126495,-44.11825810023726],[169.04595780004587,-44.116128098489185],[169.05687593113072,-44.109708331703814],[169.07330556680196,-44.109670649477756],[169.07897031657447,-44.09836311657176],[169.08848089916617,-44.09532153253412],[169.0952757670042,-44.09727614836782],[169.1097028833681,-44.09372453187676],[169.11923396854314,-44.087452399843585],[169.12992780093398,-44.0869949815354],[169.14075311859085,-44.080186566115216],[169.14710243249658,-44.08021676565707],[169.1514002162918,-44.094586799933914],[169.1587396024776,-44.10450734951677],[169.16772791796396,-44.10454444840117],[169.18879813334377,-44.11054689909989],[169.20578586727171,-44.1070222488213],[169.219022616982,-44.109416699428735],[169.24106598323806,-44.106282166959595],[169.2565724157748,-44.108221799423475],[169.2751786996961,-44.09858100008116],[169.28490083249469,-44.07963606596325],[169.29021993304846,-44.07389073314003],[169.29113648313177,-44.06250143326397],[169.30898084991694,-44.060649999592066],[169.32070496688706,-44.063796832538294],[169.32305708267003,-44.07167289944405],[169.33054741702287,-44.07924151622194],[169.32967365027875,-44.08881716637319],[169.34109509943204,-44.10382879952946],[169.35375548274823,-44.10669999951365],[169.37295708231963,-44.11699066652935],[169.38682401720132,-44.1187688664942],[169.3894964325757,-44.113357816614844],[169.40855548405426,-44.10688891642154],[169.40935853325107,-44.102183416564905],[169.42905158323651,-44.09410401614629],[169.44296966754632,-44.0850270661326],[169.45051463399344,-44.06610831649504],[169.4644777001764,-44.05858191671594],[169.48631925014234,-44.0553423829842],[169.5034433830864,-44.059525716322085],[169.5119965663863,-44.057812649848046],[169.5296165159283,-44.03796464985651],[169.54091816752197,-44.03337599999362],[169.56167348299113,-44.03223673284622],[169.57143465031575,-44.035465050460985],[169.5790056668997,-44.03411034921717],[169.58195348307328,-44.0226041829857],[169.5913759331394,-44.01253601671863],[169.59279896700593,-43.99499208290217],[169.5895511503317,-43.988640932916546],[169.582888499803,-43.98509224970416],[169.58715040040238,-43.97089968305708],[169.58662925007295,-43.96560371653722],[169.59278055064684,-43.95807616615123],[169.61080663386934,-43.956549316715865],[169.62365438268912,-43.95705439957763],[169.63291223373335,-43.96384033316476],[169.6560466337748,-43.95669598303577],[169.68353966750408,-43.956267416725595],[169.69345741639222,-43.95848826674497],[169.69933663417441,-43.96354628302983],[169.71973444990962,-43.9599941499395],[169.72760528384055,-43.948396133026655],[169.73421864939255,-43.94703631602931],[169.74268550043888,-43.94082618319266],[169.74627990006073,-43.931151432632326],[169.75829939964004,-43.93367141660584],[169.7655931167475,-43.90752954992436],[169.7711561005315,-43.899165282709035],[169.78208706678979,-43.89407674968202],[169.79223615034965,-43.89311451596384],[169.8024362837749,-43.8789380997817],[169.81374911709682,-43.872815666415285],[169.8257088334893,-43.87190670006109],[169.83790451747976,-43.866630582843285],[169.84038850081276,-43.86176031620767],[169.8379352832565,-43.85423526643717],[169.85466051613383,-43.84001173288195],[169.86739536655114,-43.832166382941125],[169.8878357160297,-43.836302049969795],[169.89600858358043,-43.82994303269368],[169.89300853327677,-43.823091183391874],[169.89830340029235,-43.81944079974229],[169.90003478334057,-43.81299796614061],[169.9131110830342,-43.80877951680451],[169.92810579992494,-43.80076541696665],[169.93365223304923,-43.80021628319561],[169.94291614971394,-43.78971121604902],[169.95843553413866,-43.7888837662746],[169.96393804917088,-43.791582616496385],[169.97280915088038,-43.78715968272397],[169.97519618305336,-43.78159733298455],[169.97069559984567,-43.77268110044704],[169.9846937335654,-43.759386000066804],[169.97659285087192,-43.7511464164341],[169.9809985505991,-43.74590229961519],[169.99824378415877,-43.74119313290741],[170.00665186658244,-43.74052846665301],[170.0133162840015,-43.73208131620717],[170.02943786654114,-43.724524350037775],[170.02822276641007,-43.712726749664526],[170.02292228324347,-43.70587973312329],[170.03015856698028,-43.69743133271557],[170.02811466590026,-43.69123701681288],[170.04165841728602,-43.68247443368695],[170.05970611674707,-43.67880281686831],[170.07114878345095,-43.67342931654584],[170.0914077499565,-43.66037316677683],[170.09369006611882,-43.65072609953049],[170.1011701330042,-43.63912838328745],[170.0981346665885,-43.629472199531506],[170.09356863346477,-43.626459466627836],[170.0976862000967,-43.61156311647914],[170.09216884946963,-43.60664910010956],[170.0930209659225,-43.599736333325],[170.09813141727608,-43.59547938327556],[170.115491434185,-43.58889859998217],[170.1245776668539,-43.58724826643643],[170.1398157003057,-43.58944961622497],[170.1463878660007,-43.57407053276174],[170.15784191646742,-43.57151626683436],[170.15740956691062,-43.56547479934227],[170.16893416675762,-43.560094750608236],[170.18269791723867,-43.561280699466884],[170.1985811499405,-43.553105716205174],[170.20372481599372,-43.547237350026215],[170.202869800568,-43.54123140002832],[170.21939276717436,-43.529808482805144],[170.22085248388365,-43.524838199584636],[170.23842121714003,-43.51382701615255],[170.2548076839232,-43.51115554987118],[170.2656869499718,-43.51299874948122],[170.28048496679506,-43.50702011671986],[170.29986939989053,-43.50147208293996],[170.3228614340501,-43.490349300068786],[170.3272691164359,-43.482291900003545],[170.33398840028494,-43.49192748279014],[170.33482218244538,-43.49796176685737],[170.34627105037166,-43.50022415004798],[170.35603928320563,-43.50614619929737],[170.39529185071248,-43.49805060004275],[170.41077771743247,-43.48784793261794],[170.4196443824284,-43.476746699467846],[170.4274081660759,-43.47348149979006],[170.4356049159831,-43.46488681649141],[170.4597688498928,-43.46050928349876],[170.46069440029763,-43.451403450142955],[170.47128048414862,-43.44149489946467],[170.47536318386494,-43.43310976644615],[170.4968775997482,-43.426613633429696],[170.5107739167151,-43.42852131607495],[170.51784655077137,-43.42379769971689],[170.52896188352886,-43.410302382775065],[170.54385354943048,-43.41828076662228],[170.5470872160956,-43.42215954934239],[170.55666866668028,-43.424152032955746],[170.5721830336783,-43.4192021499021],[170.58362550003227,-43.42221765015467],[170.581029033085,-43.430378933319496],[170.59231201722645,-43.434014166626106],[170.60262649927608,-43.43062680005221],[170.61557510049303,-43.43152125009472],[170.61368035062546,-43.42337308350548],[170.61581109989942,-43.4175196334071],[170.63509295020546,-43.40125143263783],[170.63293023386694,-43.39681718278294],[170.6483887335979,-43.392199516595],[170.65648100006376,-43.38710226603768],[170.65763324920874,-43.37741463302713],[170.64604554963086,-43.37404303295867],[170.6458098505002,-43.370528850142456],[170.66856931684706,-43.35599023293774],[170.67075321637085,-43.35072881653291],[170.67800234916754,-43.347480733121635],[170.71342925001278,-43.3447840165426],[170.71676281740557,-43.332781467151634],[170.7056989161497,-43.320786516381304],[170.71675591687008,-43.31654708348827],[170.72458168293198,-43.31841278333153],[170.73040493391866,-43.31532210006415],[170.75186631698338,-43.31867341637838],[170.7619839004866,-43.317572900039266],[170.77766490014164,-43.30711674977313],[170.79244841760615,-43.29920049971868],[170.80603278406994,-43.30446326661195],[170.82053878335407,-43.2992586828827],[170.82290955058758,-43.29087578308831],[170.8303481665937,-43.283511133320324],[170.86026261647183,-43.28140000009359],[170.870443733379,-43.27292979972539],[170.86522585026162,-43.264820999754605],[170.86785079986225,-43.258914866665016],[170.8757767000853,-43.252085832945426],[170.8732444335273,-43.24778786671336],[170.8932856834759,-43.237722216475106],[170.89678181730997,-43.23295603328905],[170.90998789980358,-43.22598278315761],[170.91295759987486,-43.21603603290639],[170.92873346681827,-43.206535416600936],[170.93721436731732,-43.20405728264116],[170.94861828328888,-43.20682568350627],[170.9452088167444,-43.22361088332603],[170.9488411334289,-43.2273125826326],[170.97974463310325,-43.222628066861446],[170.99327114915278,-43.21531408319518],[171.00422231615906,-43.195335500349685],[171.0128700003148,-43.192637416316316],[171.02017228307787,-43.17445589996563],[171.04727448301642,-43.163610816980196],[171.03789049975353,-43.15081499995616],[171.04150771725358,-43.13965711630382],[171.06904146632147,-43.12562061651835],[171.0628531164189,-43.11846954964198],[171.06829408320272,-43.11240428339711],[171.0757605162687,-43.11224536633099],[171.07933075054135,-43.102300649866834],[171.0951528002416,-43.10080128354516],[171.09733739979652,-43.10616281628565],[171.10729436612547,-43.11126761672311],[171.11538888293495,-43.099573233382756],[171.11351021662063,-43.09569271636159],[171.11637035031353,-43.086295733425864],[171.12992610072095,-43.08123400005179],[171.1406527341804,-43.082511633098584],[171.14760569970176,-43.087859399682024],[171.15625425025786,-43.07823131609346],[171.17512838385593,-43.07442755018242],[171.18329655010157,-43.06475503323067],[171.1896684838091,-43.065880316492205],[171.19768926742714,-43.074257483723656],[171.2022561493093,-43.0735785995497],[171.2109379671299,-43.066017716473766],[171.21987443285582,-43.06418638311608],[171.22438623310862,-43.04280988262363],[171.23263986740292,-43.04001104982408],[171.2398663995862,-43.032870366731515],[171.23691408386836,-43.02332080011022],[171.2434794000372,-43.01657521642888],[171.23933775060328,-43.01298965013605],[171.23766901597872,-43.00251148324029],[171.24184148329243,-42.99878716611852],[171.25399021628678,-42.99747474945842],[171.25615251691968,-42.9898242660919],[171.26200930022355,-42.98435664995216],[171.27637631661085,-42.978313399634786],[171.2826424834004,-42.97293961644999],[171.2978347002342,-42.96636571660164],[171.3079339832424,-42.96644733269504],[171.3089566171055,-42.960915499659606],[171.30311586603526,-42.95809594994304],[171.31626484994123,-42.94749598318474],[171.33612733327112,-42.943250682820256],[171.34518554914882,-42.94970738302715],[171.35282608293448,-42.945660866505285],[171.36199403404976,-42.937176532711796],[171.3719306832443,-42.93886301628443],[171.38453158360474,-42.945327299733236],[171.39468136608815,-42.944132133463434],[171.3923488008316,-42.955701766900155],[171.4116304500388,-42.95075921664276],[171.4180040499026,-42.946271033287715],[171.42580345033912,-42.935369333319855],[171.437365949852,-42.93578829980961],[171.44088020003267,-42.930282333516914],[171.434358066568,-42.921704466650525],[171.44922653414022,-42.9092283835179],[171.4544598996873,-42.90921111620149],[171.4654822001356,-42.91523628269813],[171.4837204503258,-42.905621150055346],[171.4910098497771,-42.89592589953238],[171.5014908005048,-42.89804974980629],[171.50794923347604,-42.902241116653165],[171.5116732335442,-42.911070882951606],[171.51758319977475,-42.91409809985812],[171.526309383739,-42.90680706606892],[171.53466093251689,-42.90478801672873],[171.5662863506883,-42.90540269939522],[171.5741917005353,-42.899525016865745],[171.59038538378672,-42.89562858276637],[171.59993958257277,-42.89884133279946],[171.6286229666092,-42.90295561660062],[171.65297981586727,-42.897038732862065],[171.6547081330443,-42.89328266641156],[171.6654885674608,-42.88633988302728],[171.6800449324697,-42.89494251655704],[171.68000673378663,-42.898640883200684],[171.6906696672798,-42.90082743274337],[171.68682944933653,-42.905531483416176],[171.69453750028532,-42.908286066417816],[171.70440176670044,-42.903294849473944],[171.7101425500982,-42.903817366316076],[171.7107213667941,-42.89583399969958],[171.72687146674684,-42.88817385017392],[171.73664118288806,-42.879412616453926],[171.7463697507116,-42.87408070002812],[171.73371613373484,-42.864634683515604],[171.73724766689918,-42.86042549974589],[171.7329752828605,-42.85335398276212],[171.7370271175306,-42.84709086631133],[171.75459166619203,-42.84495159945051],[171.76268068338223,-42.837050783469245],[171.76277768270504,-42.8284894329962],[171.7544598497321,-42.818794433214265],[171.7585160835253,-42.8162197833694],[171.75708355028218,-42.8093252166521],[171.76184328289196,-42.8014551330804],[171.76384876685327,-42.791722416500114],[171.77635996640728,-42.79030335061774],[171.7890913828417,-42.782807882842455],[171.7946297999928,-42.78803568338982],[171.80166233282594,-42.78658849960251],[171.81130926680157,-42.790312982955996],[171.81321295005304,-42.78355929958478],[171.82689910007838,-42.781393049336096],[171.83249885019424,-42.775164566401585],[171.8417744334612,-42.77455631653212],[171.84946481737532,-42.76020653274884],[171.8638746839776,-42.75046620007492],[171.87521629979287,-42.74848813280469],[171.88439353331833,-42.749631816274686],[171.88292168279915,-42.728869082832766],[171.86687595051262,-42.73114461629274],[171.84052401739564,-42.73796248321063],[171.8298286496965,-42.73924876659152],[171.8028741498955,-42.74887203290104],[171.78142839944718,-42.75251791671495],[171.76182095028176,-42.759746149484094],[171.75116536655938,-42.7619899500608],[171.73333833245314,-42.75897474959012],[171.72243114943336,-42.76090945015901],[171.71347558387723,-42.76006181674931],[171.7018326995302,-42.756011516463346],[171.6920120008272,-42.75910131631952],[171.6819403000797,-42.758705500090436],[171.67103121741158,-42.76182319966038],[171.65301830091067,-42.75708446670096],[171.6405347501625,-42.75738243338143],[171.63538060040332,-42.75235603340407],[171.62263058308534,-42.75137156638666],[171.6137053661366,-42.75950731609159],[171.59556019967667,-42.76241156673592],[171.57678496661515,-42.759918532923],[171.5598110335257,-42.75304586717072],[171.55087823377463,-42.74639663311142],[171.5129874503081,-42.737799866629445],[171.5025985837569,-42.74252423337212],[171.47565091696552,-42.73257468346829],[171.46049813420126,-42.73132218290929],[171.45186246686043,-42.73417486732681],[171.44434701716546,-42.732117149519446],[171.41886458395226,-42.7325223996099],[171.40755026716553,-42.735142082777784],[171.39678805023462,-42.741715766551984],[171.3789520501917,-42.744752400090974],[171.3685050499311,-42.74909728297294],[171.35997445081063,-42.756687616109836],[171.35258360087292,-42.75795990018518],[171.33714133266395,-42.75657013326191],[171.3304002671956,-42.75019509956597],[171.3209713494802,-42.75070818346209],[171.3088801158881,-42.74527421690305],[171.30661871689384,-42.73847449945597],[171.29253180026785,-42.72222820008793],[171.26268724948864,-42.716762283410475],[171.24708583359762,-42.71091676631435],[171.24419316694699,-42.700431216384075],[171.23307866700247,-42.688384782664066],[171.2295069660828,-42.67769064935302],[171.23125173331866,-42.66714164990134],[171.2375025000523,-42.66044951681655],[171.2316876667339,-42.65400711621938],[171.21886801655188,-42.6482123166204],[171.21134559978768,-42.63983143271403],[171.20038155001086,-42.637851600099715],[171.19816448261423,-42.62697806680294],[171.1803672841172,-42.6182436167384],[171.16366253388006,-42.59243589989507],[171.16016934915214,-42.57871794934034],[171.1628075000418,-42.575062632723494],[171.15273453401895,-42.56249011616598],[171.1479338660628,-42.56037533339669],[171.1355802497618,-42.56263554973704],[171.1307637863609,-42.56092050192612]]],[[[170.21256771108617,-43.17576078205226],[170.19664001500007,-43.19211196899994],[170.1999144497116,-43.196015300082],[170.2126881495014,-43.18982074924102],[170.2092371831772,-43.18254509935379],[170.21256771108617,-43.17576078205226]]]]},"properties":{"shapeName":"Westland District","shapeID":"76426892B53697269366586","shapeGroup":"NZL","shapeType":"ADM2"}},
{"type":"Feature","geometry":{"type":"Polygon","coordinates":[[[172.47903094981865,-42.27702943309731],[172.47963583353308,-42.28601349967788],[172.47457863334844,-42.2967202498718],[172.46651075044474,-42.30067399981091],[172.46189441728825,-42.307136866872106],[172.46301175024897,-42.31701575000747],[172.4604533506091,-42.32364151603446],[172.45338906679754,-42.323411266059004],[172.4487954669676,-42.32839456633359],[172.44306013399793,-42.34468524980763],[172.44927698341408,-42.354019816184696],[172.4442569002039,-42.36596409986688],[172.42932036678172,-42.37204921633987],[172.4167019836267,-42.38378065019813],[172.39424308271654,-42.37791089997445],[172.36864546669855,-42.38502619953255],[172.3570343664049,-42.39016464962134],[172.34826051601755,-42.391389849363286],[172.34338888315472,-42.39805853350552],[172.33798009994214,-42.39924175008587],[172.33370018344542,-42.408315332744735],[172.32476896723674,-42.416448449641464],[172.31750576682768,-42.419797450137374],[172.2994689833065,-42.42279673266556],[172.30062856674178,-42.42866168342383],[172.2934059833409,-42.44014128340595],[172.27878693339943,-42.44989878314165],[172.26638088412244,-42.454795183083604],[172.25483196712577,-42.4512805330681],[172.24112160062126,-42.457025866924354],[172.23551380030213,-42.45672726631683],[172.23141419949857,-42.46607010014021],[172.2311371328858,-42.47393729948673],[172.22021325012577,-42.4852244331448],[172.1957729837063,-42.496329283321856],[172.18727735073767,-42.503539932823244],[172.18087719992124,-42.513760716681084],[172.18281013416228,-42.526231849651424],[172.17809603280082,-42.53569370017268],[172.15628226687986,-42.55278979945612],[172.14433659990186,-42.55229181619418],[172.13300074989994,-42.55520616641391],[172.1150928835327,-42.573476399966296],[172.09840981601795,-42.593744600022255],[172.10274288335145,-42.60584496657752],[172.0977524997621,-42.61033969986025],[172.09437538364628,-42.62044765014813],[172.0869950171614,-42.623779950129915],[172.07736129924615,-42.62230906676218],[172.05040796661888,-42.629969516400216],[172.03997795016144,-42.63124276676159],[172.0279759835755,-42.63669461679815],[172.0197355335496,-42.63260661726141],[172.0041375673259,-42.63495358276339],[171.99629155087064,-42.63367281675464],[171.9890338499244,-42.63731633293544],[171.9749533334564,-42.63899251629046],[171.97286020020965,-42.65316599990111],[171.95886566627416,-42.653536432992716],[171.94030036697416,-42.664012916774055],[171.92758491759702,-42.665337032832305],[171.92794041711787,-42.671056583104246],[171.91563916664782,-42.681730449613404],[171.91566521745895,-42.688135566623366],[171.9079892500844,-42.70469743327872],[171.90099313256817,-42.71086359972535],[171.88505700033687,-42.718746366350686],[171.88292168279915,-42.728869082832766],[171.88439353331833,-42.749631816274686],[171.90764811603276,-42.74083559974554],[171.91364486642362,-42.74430773346668],[171.91475308336746,-42.75124938306506],[171.9197293832327,-42.75638993310483],[171.9327923164278,-42.76362198277074],[171.9409739507945,-42.76260051656835],[171.950080883169,-42.770978566473374],[171.97255163396707,-42.77570008308009],[171.9929553507465,-42.78308019967772],[172.0004147168052,-42.78179304942537],[172.0032586669885,-42.79061103375657],[172.01214751667086,-42.78682325014645],[172.02513035024782,-42.78461025024975],[172.02979445014847,-42.78900915020647],[172.0283061835653,-42.79463389969462],[172.0354233332889,-42.79789638338976],[172.03740731663603,-42.8058667001589],[172.04674728339833,-42.8081640162094],[172.04863356654838,-42.818055232688444],[172.0546528007684,-42.82068616612287],[172.06235063320707,-42.82935330001827],[172.07150696684917,-42.829456066192016],[172.07397565069002,-42.83626543336393],[172.08095726688967,-42.83601961686465],[172.08444306745227,-42.8419240996485],[172.10014889998791,-42.85889981719993],[172.10085089982044,-42.86892521669657],[172.1071413667217,-42.8707763326791],[172.12096748332763,-42.86973023293719],[172.12738230085012,-42.8729897998991],[172.14147203264528,-42.86852153273612],[172.14825196673544,-42.872196350190436],[172.1564345505811,-42.871605816642386],[172.16933973260356,-42.865700716879836],[172.17683401671206,-42.868077116484535],[172.19125148318568,-42.861900849607395],[172.20897116639767,-42.873618300163976],[172.21567491740095,-42.869366516668016],[172.23113326759383,-42.86827963297061],[172.2378519001523,-42.8639580496775],[172.24950363364854,-42.866295282906584],[172.25726818336426,-42.87080999994298],[172.25829625069872,-42.878330683000236],[172.2538809499068,-42.88642186622797],[172.24424041681746,-42.89421531668248],[172.23084863277,-42.91001405018641],[172.24391708331905,-42.916511400169334],[172.24736806596107,-42.93712093286656],[172.24139141709753,-42.946556000589474],[172.22309065053727,-42.95663336674018],[172.21549261639905,-42.96004245006721],[172.21426920050783,-42.96731568285027],[172.22352936653618,-42.974880116231695],[172.22874478306466,-42.98205953333027],[172.24329420072496,-42.98210379947065],[172.2531532999716,-42.97862661671424],[172.2662879332942,-42.9832443662347],[172.27087945075675,-42.989683699681784],[172.25792059988044,-42.99917209949256],[172.25801576680385,-43.00414563303927],[172.26548501619072,-43.006952483041815],[172.26700425005257,-43.01721631657601],[172.28097038312603,-43.023093300056686],[172.28932926615894,-43.02907043278962],[172.30735485038042,-43.028644616130784],[172.31914189947506,-43.024117416594834],[172.32658698375522,-43.01839719969325],[172.33258768326732,-43.019164683403275],[172.3345660000357,-43.02840376644761],[172.32857333358604,-43.03697168286008],[172.3338337167393,-43.04483646672922],[172.34863109977567,-43.05142599947843],[172.35501600032538,-43.049875849839005],[172.37136753308968,-43.03781904994367],[172.37103945044234,-43.032632983332306],[172.3759785834692,-43.025018850642766],[172.386115599999,-43.023763449936],[172.40517199910892,-43.03027151659055],[172.41340049957768,-43.041680083299504],[172.42297511655843,-43.0480922496815],[172.41347029998633,-43.06076143305498],[172.41146595083063,-43.07084896645723],[172.40034588353097,-43.077985483410025],[172.41550371609327,-43.101670516652426],[172.4144542672011,-43.11007393336025],[172.42108059926866,-43.11292518339295],[172.42777166710522,-43.12433976678967],[172.4328471171725,-43.12562406680547],[172.42550988323976,-43.14646705007302],[172.42223114991404,-43.15127823351036],[172.43318558302784,-43.15624926679027],[172.44846731653706,-43.15977215000182],[172.45278318301644,-43.15081490016647],[172.46031586626765,-43.14610466684773],[172.45704463413162,-43.13834565016821],[172.47530358263168,-43.13834599984304],[172.483552600168,-43.13980493331934],[172.4919213340637,-43.146482967323884],[172.47914483338135,-43.151124316743996],[172.47918981715335,-43.15853764981136],[172.49561220076637,-43.158794182809665],[172.48983833411344,-43.17077885013393],[172.51370836754268,-43.16652964993166],[172.5268686833263,-43.15342778294086],[172.52853678336552,-43.1470217326474],[172.53787406652657,-43.14816538331092],[172.53286323304127,-43.161818282763534],[172.5440314170666,-43.17276316606809],[172.5317303507146,-43.17969876634753],[172.52999731629885,-43.185416700022],[172.53353786728147,-43.19393263280753],[172.53326689941505,-43.20123128345907],[172.5387434507329,-43.20864738340582],[172.55056516591375,-43.21413148353334],[172.55157916721188,-43.219034733119564],[172.56654653296087,-43.237425749473644],[172.56783443310033,-43.24312778268306],[172.59179920060137,-43.244266699911094],[172.593396367494,-43.2312908332886],[172.60305370021004,-43.221754000040114],[172.6105767005857,-43.21699989971898],[172.6162465164881,-43.20251404989954],[172.62273281742313,-43.19696148330774],[172.63265728278498,-43.197438533063675],[172.641583299798,-43.20070563263564],[172.66049680001714,-43.203326249940766],[172.66121246750356,-43.20092478278558],[172.67836321658524,-43.203613250171685],[172.67738443356413,-43.21429991668051],[172.69226916700293,-43.21014491609389],[172.6957444166006,-43.221518566913694],[172.7033482502921,-43.21858479992393],[172.70973675045923,-43.22735678343557],[172.71731425039968,-43.22966788359533],[172.72728481722456,-43.22726191706847],[172.71902458308494,-43.241903233358755],[172.73731730073436,-43.24698541689117],[172.7481290331435,-43.22626779948769],[172.77733154997313,-43.17757161677635],[172.8071809174952,-43.14169020002978],[172.81690689932833,-43.133258449992454],[172.83619026585333,-43.133363583042396],[172.8448391830418,-43.13169590023153],[172.86315305020457,-43.11582566663142],[172.88799251650968,-43.09808843296276],[172.90219203389316,-43.09899376653126],[172.9286991340251,-43.09212378344803],[172.939152983908,-43.08611213313428],[172.95929141744358,-43.083869949680945],[172.96877281663822,-43.07912210005179],[172.99474488271338,-43.071780183213356],[173.01259838356012,-43.05983444962971],[173.0311524494495,-43.051657899764336],[173.04767391652908,-43.045908966469234],[173.056176300164,-43.04530098292189],[173.0625070658333,-43.04859308331601],[173.0805424508779,-43.05073091637667],[173.08474246688849,-43.043707099832986],[173.10366966736402,-43.02261240012309],[173.12100301618713,-43.007401332912636],[173.13425841688894,-42.99401899968943],[173.14498353365022,-42.986430866679946],[173.16951393277103,-42.97761024981937],[173.1862625161641,-42.977243616613485],[173.22089391620844,-42.96437656667209],[173.24165176730122,-42.95286536706835],[173.2533774665937,-42.942151949629384],[173.2559769170397,-42.937583049555535],[173.27261303375317,-42.92255758348041],[173.2914693500487,-42.902745582661446],[173.3004401335722,-42.89764336626132],[173.3058636168681,-42.88945605002562],[173.31884828315648,-42.88414949939576],[173.30984224949427,-42.874028432907124],[173.30989493289104,-42.85947476659401],[173.3202640994166,-42.84219636663321],[173.33275606684356,-42.82943725012485],[173.35015296629234,-42.81671988358329],[173.36209214951464,-42.80160104995477],[173.36842460035894,-42.79881929957845],[173.37334198387404,-42.785858016683534],[173.37132904966387,-42.782581349624614],[173.37579671671298,-42.77329006699778],[173.39000904981066,-42.75622965034165],[173.3970274336074,-42.741254199646846],[173.432791033495,-42.67821389976203],[173.46352443342406,-42.62074128291106],[173.47016819984205,-42.614316750057675],[173.4793916666742,-42.592715116275755],[173.4855901834932,-42.582174349980626],[173.48968536658745,-42.5800269830643],[173.50100283274824,-42.56542941693989],[173.48657568307735,-42.55399096674203],[173.47044478383,-42.54410641669827],[173.46539469713736,-42.536203848065774],[173.45754306715682,-42.541763649834884],[173.44894723266563,-42.542684799838916],[173.44660491610247,-42.53871533340161],[173.43533480002125,-42.53916611690968],[173.42941578372807,-42.5345849329689],[173.41606304982085,-42.530226450299764],[173.4146992004891,-42.526167116588276],[173.40461870029884,-42.52804198369136],[173.38798909953425,-42.52410843325169],[173.38041801674888,-42.513878382962],[173.38149008323444,-42.509449733152955],[173.3946878496666,-42.50314463287863],[173.39764221647485,-42.508250599616794],[173.40840971725208,-42.509538516905984],[173.4277273164286,-42.51481448329986],[173.43103656710605,-42.49756344987509],[173.42971419957064,-42.48863186665631],[173.43297250030693,-42.48552090042994],[173.43503920004207,-42.47245835026028],[173.44075551615896,-42.47008616696788],[173.43486663379753,-42.46360436694551],[173.43495619973493,-42.456359166600116],[173.42196891672165,-42.44904344944682],[173.4203749829861,-42.44270569994462],[173.40047439971767,-42.42511000024854],[173.41178994968996,-42.419897183237495],[173.4028842334037,-42.411097766384806],[173.39472120032582,-42.411245832966536],[173.38623278286158,-42.41522108322487],[173.37870965019036,-42.404922650125314],[173.38538763361396,-42.40154668272251],[173.37317005034961,-42.384423633153304],[173.38423068293045,-42.37958936604205],[173.37836101685065,-42.36992874994859],[173.3737657168852,-42.369888617238395],[173.3680730331687,-42.362536166351994],[173.37358750032303,-42.3480855827768],[173.36902016644643,-42.339264416927],[173.35097481677244,-42.33901421640961],[173.3199871003627,-42.349956083028495],[173.31482543323236,-42.35287419993077],[173.31141738315276,-42.36238118358847],[173.30295796626007,-42.36456754974843],[173.2962080667054,-42.37023149558193],[173.28222419979812,-42.367119616618815],[173.27251075073417,-42.35762948343904],[173.2666935999175,-42.35582361675409],[173.25431771654192,-42.36285305015181],[173.24331679963674,-42.35608476709663],[173.23449743315985,-42.35464496659351],[173.22456356678737,-42.356047482886176],[173.2186005501599,-42.36608478263855],[173.22134168416173,-42.378663332741034],[173.20907071735874,-42.38305174933774],[173.2048644669005,-42.3886631500777],[173.2028030661761,-42.39825731647139],[173.18989553286397,-42.41054639950187],[173.17098195045548,-42.415067032769365],[173.16430443291057,-42.4185066330797],[173.1599375824154,-42.425528866023726],[173.16056770001362,-42.43063768305692],[173.1523201997733,-42.44960276636395],[173.14311403331584,-42.45132933348279],[173.1194700494612,-42.45038388282002],[173.11155126649194,-42.445941600008005],[173.1062509496593,-42.44768113342811],[173.09977424949702,-42.45881915024097],[173.0927591992395,-42.461464233030384],[173.07638356620367,-42.46080701642544],[173.0763874836311,-42.46876116602735],[173.06885075019633,-42.481032332939044],[173.05561391643064,-42.48774514959834],[173.0357890007556,-42.483470532870705],[173.03914805072287,-42.4720159168912],[173.0330816172385,-42.46516644973711],[173.03276073385425,-42.457670732814826],[173.01449424915825,-42.44629149991694],[173.00630674944793,-42.446518116879915],[173.00118229977684,-42.45172065003727],[172.98287386685377,-42.451974549682554],[172.9727433984201,-42.4488952454334],[172.97643016633123,-42.43350095000083],[172.98355208384172,-42.43295688342865],[172.9865090334752,-42.42495746679945],[172.98448579992964,-42.42027945028239],[172.98971771713624,-42.41380855028973],[172.99291374998958,-42.403850366547985],[173.00103871632268,-42.39953556712299],[173.00289067397082,-42.393277453951136],[172.99088908308565,-42.39167036631495],[172.97832721644593,-42.39571546615517],[172.96854863396658,-42.393173100193536],[172.94139345023044,-42.37782503351434],[172.93837349974572,-42.37206516645536],[172.94355958416457,-42.351041549908174],[172.92451028307292,-42.35031441642336],[172.91969463314985,-42.34600558349626],[172.91822379995392,-42.329269582691595],[172.92192365079134,-42.32545596709652],[172.91414483324795,-42.30860890007513],[172.9073316332578,-42.308268100375024],[172.89453834986173,-42.31431749987891],[172.89017366696535,-42.309889499632895],[172.8726593176034,-42.31463024973843],[172.869000815913,-42.3175853329517],[172.85534416623952,-42.310257616844744],[172.8467545176034,-42.30772511642],[172.84243633332028,-42.289184066450915],[172.8510655330465,-42.28199536644973],[172.851848349633,-42.277175266497856],[172.8614506000829,-42.266088066398524],[172.85889825069884,-42.25528036653577],[172.8540376823974,-42.25299131656728],[172.82656375009097,-42.24822913341909],[172.82532643256596,-42.229145300026666],[172.82279774943908,-42.22508536683648],[172.82329009909907,-42.204707016751186],[172.8314088497351,-42.1990650996297],[172.8344030168207,-42.19011428291396],[172.83205498360115,-42.18445741687749],[172.82064396631935,-42.18279486637083],[172.80901829913972,-42.18985429940581],[172.79564174995141,-42.179224983118985],[172.7951589004007,-42.170360866652544],[172.79911658354985,-42.16473806687771],[172.78609065004636,-42.162330599617526],[172.78182051728155,-42.167307982948785],[172.7489608000936,-42.1721615831367],[172.74430708329436,-42.16828849991012],[172.72907740024795,-42.165275216739246],[172.72163946682767,-42.15869828329444],[172.71900529971737,-42.149610466982644],[172.7193780834164,-42.13839558294862],[172.72600944978868,-42.13478231629352],[172.7226758501993,-42.127943150215415],[172.72484713271837,-42.12226361692506],[172.7186331502855,-42.11491454981893],[172.7214732495261,-42.10349183334138],[172.71723829942735,-42.10162688308199],[172.70200906616856,-42.10130431685444],[172.69126833376876,-42.106644717076186],[172.68686258354165,-42.10439496684137],[172.6813829671866,-42.08849961707292],[172.67840339966355,-42.087850099731035],[172.65801714955322,-42.09827056695071],[172.63918305011697,-42.10079468294368],[172.6329532503968,-42.10750383337155],[172.63165668341938,-42.12189971610597],[172.64076323337264,-42.13157333288901],[172.62813470013103,-42.14020571642797],[172.61199616730016,-42.15780213347069],[172.60964298350183,-42.16610060026184],[172.6116615328386,-42.1805489829166],[172.61696784998887,-42.18888603346537],[172.61471343352426,-42.195462649880874],[172.6071602167079,-42.1994778669327],[172.60518848254216,-42.20419461633391],[172.59679331740944,-42.207970632758695],[172.59274886721116,-42.21307640045037],[172.58277956739988,-42.216652316441326],[172.56924838342303,-42.21504478303455],[172.5591934334307,-42.22008806678215],[172.54576521668653,-42.23792336648693],[172.53396865002748,-42.241360433133394],[172.5295582327175,-42.24869616646469],[172.51708721705145,-42.257151716633864],[172.5151933168825,-42.26402665015782],[172.50211203344523,-42.268383299755826],[172.48710444974748,-42.26576030017909],[172.47854981625613,-42.27286314957872],[172.47903094981865,-42.27702943309731]]]},"properties":{"shapeName":"Hurunui District","shapeID":"76426892B32484543258144","shapeGroup":"NZL","shapeType":"ADM2"}},
{"type":"Feature","geometry":{"type":"Polygon","coordinates":[[[172.22309065053727,-42.95663336674018],[172.21962073315532,-42.95425734935547],[172.19792861640857,-42.95622949976751],[172.17445423261395,-42.96426034933321],[172.16601351658196,-42.971396349807925],[172.16207078344428,-42.981486416770686],[172.16181795049317,-42.989471483079846],[172.15004010019695,-42.993723949942215],[172.13488151664973,-42.985950566069306],[172.1244673334953,-42.98663541615351],[172.11958399978306,-42.9941579167458],[172.1180154828778,-43.0045655667131],[172.1096038497721,-43.01414846605274],[172.09910625025418,-43.02168986655692],[172.0976886828236,-43.02809666681025],[172.0923939338582,-43.03236439970683],[172.09665236684472,-43.041794216381234],[172.08427829909618,-43.05381780021318],[172.07832108320298,-43.054028433199754],[172.07013581682062,-43.04725814945852],[172.0607800666485,-43.05157030021013],[172.05422758386806,-43.07123123334923],[172.0497224166665,-43.07630785012554],[172.01927236631468,-43.09718918291304],[172.02063528247362,-43.10339508335059],[172.01862320015738,-43.11326054993171],[172.0242060496462,-43.11967706604721],[172.02346074998565,-43.1344962666401],[172.02612123307998,-43.13771295011409],[172.0199131327694,-43.1464218831037],[172.00353885010483,-43.15335354956429],[171.99566139981565,-43.178833683079276],[171.95263084936482,-43.178400416855396],[171.94947445824522,-43.18729604869006],[171.9509120241094,-43.1953716066428],[171.94485146488583,-43.202387104506634],[171.9332598997613,-43.20310155833128],[171.92890266670634,-43.22040800026408],[171.9557117953505,-43.22851939413418],[171.9611491500808,-43.239099461828935],[171.9579551196787,-43.245245786210255],[171.94563050851843,-43.25916083434038],[171.94938165800892,-43.26395075487605],[171.94516419448516,-43.27419775154019],[171.94806160523146,-43.281747054789435],[171.9563707695616,-43.28240687570908],[171.95321743039844,-43.29095967121542],[171.98419419920452,-43.31440744992697],[171.98513248422145,-43.32386699944903],[171.9973748330793,-43.33777051662239],[172.0138544832073,-43.3482412664914],[172.02749843271607,-43.35412256672539],[172.04603166671097,-43.35992903342613],[172.05719343397578,-43.360850449890094],[172.06749856703516,-43.36517423275773],[172.08223435075078,-43.37542773304952],[172.08366916733857,-43.38064824986139],[172.10423036720925,-43.40292953322115],[172.11737711682449,-43.40919588304235],[172.14033133349966,-43.42239533307864],[172.17602086727442,-43.43580766648324],[172.19383480048074,-43.44332918266335],[172.2230753339679,-43.44749554952696],[172.2587418331106,-43.455195232977886],[172.27387559908576,-43.45642034956756],[172.29602586644202,-43.46010775048268],[172.3247960669021,-43.460781816563205],[172.3546347006655,-43.45821208264664],[172.39566616731224,-43.455743650126585],[172.41476696733992,-43.45316911676385],[172.43241610077717,-43.44764849938073],[172.46311911670077,-43.44736006668501],[172.51437393300844,-43.44198689959538],[172.52266363402936,-43.44225024984893],[172.56026354974986,-43.43424114985425],[172.57834048281111,-43.4344621337832],[172.5947804502363,-43.4296397167616],[172.60719989959645,-43.42945005017798],[172.6151733675933,-43.4271512834834],[172.65517456620617,-43.41117486604894],[172.67072667621352,-43.400312076852174],[172.67635732505332,-43.39473912188423],[172.67921823321657,-43.391207899796186],[172.7019998166341,-43.3907212329016],[172.71122006732836,-43.39038903263598],[172.70917603261756,-43.37516421677921],[172.70881946742298,-43.35320688280231],[172.7124758340775,-43.32225528270609],[172.7181969338204,-43.29973853281283],[172.72361671739986,-43.28402688271742],[172.71170043900008,-43.28377914499998],[172.70997619600007,-43.27791595299993],[172.72000122000009,-43.278804778999984],[172.7228851320001,-43.27252960199996],[172.71878051700003,-43.268360137999935],[172.7287445070001,-43.264137267999956],[172.73124694800003,-43.25336074699993],[172.73731730073436,-43.24698541689117],[172.71902458308494,-43.241903233358755],[172.72728481722456,-43.22726191706847],[172.71731425039968,-43.22966788359533],[172.70973675045923,-43.22735678343557],[172.7033482502921,-43.21858479992393],[172.6957444166006,-43.221518566913694],[172.69226916700293,-43.21014491609389],[172.67738443356413,-43.21429991668051],[172.67836321658524,-43.203613250171685],[172.66121246750356,-43.20092478278558],[172.66049680001714,-43.203326249940766],[172.641583299798,-43.20070563263564],[172.63265728278498,-43.197438533063675],[172.62273281742313,-43.19696148330774],[172.6162465164881,-43.20251404989954],[172.6105767005857,-43.21699989971898],[172.60305370021004,-43.221754000040114],[172.593396367494,-43.2312908332886],[172.59179920060137,-43.244266699911094],[172.56783443310033,-43.24312778268306],[172.56654653296087,-43.237425749473644],[172.55157916721188,-43.219034733119564],[172.55056516591375,-43.21413148353334],[172.5387434507329,-43.20864738340582],[172.53326689941505,-43.20123128345907],[172.53353786728147,-43.19393263280753],[172.52999731629885,-43.185416700022],[172.5317303507146,-43.17969876634753],[172.5440314170666,-43.17276316606809],[172.53286323304127,-43.161818282763534],[172.53787406652657,-43.14816538331092],[172.52853678336552,-43.1470217326474],[172.5268686833263,-43.15342778294086],[172.51370836754268,-43.16652964993166],[172.48983833411344,-43.17077885013393],[172.49561220076637,-43.158794182809665],[172.47918981715335,-43.15853764981136],[172.47914483338135,-43.151124316743996],[172.4919213340637,-43.146482967323884],[172.483552600168,-43.13980493331934],[172.47530358263168,-43.13834599984304],[172.45704463413162,-43.13834565016821],[172.46031586626765,-43.14610466684773],[172.45278318301644,-43.15081490016647],[172.44846731653706,-43.15977215000182],[172.43318558302784,-43.15624926679027],[172.42223114991404,-43.15127823351036],[172.42550988323976,-43.14646705007302],[172.4328471171725,-43.12562406680547],[172.42777166710522,-43.12433976678967],[172.42108059926866,-43.11292518339295],[172.4144542672011,-43.11007393336025],[172.41550371609327,-43.101670516652426],[172.40034588353097,-43.077985483410025],[172.41146595083063,-43.07084896645723],[172.41347029998633,-43.06076143305498],[172.42297511655843,-43.0480922496815],[172.41340049957768,-43.041680083299504],[172.40517199910892,-43.03027151659055],[172.386115599999,-43.023763449936],[172.3759785834692,-43.025018850642766],[172.37103945044234,-43.032632983332306],[172.37136753308968,-43.03781904994367],[172.35501600032538,-43.049875849839005],[172.34863109977567,-43.05142599947843],[172.3338337167393,-43.04483646672922],[172.32857333358604,-43.03697168286008],[172.3345660000357,-43.02840376644761],[172.33258768326732,-43.019164683403275],[172.32658698375522,-43.01839719969325],[172.31914189947506,-43.024117416594834],[172.30735485038042,-43.028644616130784],[172.28932926615894,-43.02907043278962],[172.28097038312603,-43.023093300056686],[172.26700425005257,-43.01721631657601],[172.26548501619072,-43.006952483041815],[172.25801576680385,-43.00414563303927],[172.25792059988044,-42.99917209949256],[172.27087945075675,-42.989683699681784],[172.2662879332942,-42.9832443662347],[172.2531532999716,-42.97862661671424],[172.24329420072496,-42.98210379947065],[172.22874478306466,-42.98205953333027],[172.22352936653618,-42.974880116231695],[172.21426920050783,-42.96731568285027],[172.21549261639905,-42.96004245006721],[172.22309065053727,-42.95663336674018]]]},"properties":{"shapeName":"Waimakariri District","shapeID":"76426892B89827280876957","shapeGroup":"NZL","shapeType":"ADM2"}},
{"type":"Feature","geometry":{"type":"MultiPolygon","coordinates":[[[[172.39566616731224,-43.455743650126585],[172.39405733368645,-43.46226628270021],[172.40731635039117,-43.466503332763054],[172.43903351709045,-43.468503449908866],[172.42398163410132,-43.512667566641255],[172.457766032676,-43.56025106607278],[172.4867654665136,-43.55031593348979],[172.4966831327008,-43.55828606624276],[172.52190671705065,-43.56997221645494],[172.51861731705878,-43.57405051631146],[172.53289845066422,-43.586492016371736],[172.55871850058458,-43.59836061633256],[172.5554480007595,-43.60694036639797],[172.56838718351275,-43.607033083182834],[172.5725089995563,-43.61954163294553],[172.58203754976495,-43.615971932844275],[172.59298243346907,-43.61956391666186],[172.61323198254206,-43.628592982907854],[172.6217451665253,-43.62314046611113],[172.62776893276958,-43.623864033045564],[172.622700799765,-43.637875466122175],[172.6273041999731,-43.64777493274767],[172.62335763420057,-43.65031768271321],[172.62497128364384,-43.66379451635946],[172.61860498351402,-43.68650276628563],[172.60817769963754,-43.69055273317513],[172.6058084332873,-43.70174728283756],[172.59660720067546,-43.713255616889306],[172.5972309832095,-43.71601794981941],[172.58427633309825,-43.7234257832491],[172.59041453346154,-43.72740868302648],[172.5970958004388,-43.72673081613445],[172.60700765087915,-43.73114971622022],[172.60566351669004,-43.74968068319096],[172.5916019164174,-43.755623816677364],[172.58100410011284,-43.75367543332643],[172.57303551881697,-43.7576514497785],[172.57298078369374,-43.77022214971885],[172.36152781742925,-43.85973414998756],[172.3919321668856,-43.854689633176044],[172.4328435498496,-43.84952974975754],[172.48161039980093,-43.8459246000839],[172.59607430014302,-43.832492633264756],[172.62738399958587,-43.83032336678412],[172.70103316587188,-43.827035166123835],[172.71738910027065,-43.82761529994962],[172.73473634970776,-43.83466468334051],[172.74420166000004,-43.84041595499997],[172.74097576955302,-43.844728918691935],[172.74920805003433,-43.85467273330353],[172.7567291260001,-43.85044479199996],[172.7642013835162,-43.856123100217836],[172.78544616700003,-43.85669326799996],[172.7787017820001,-43.86419296199995],[172.80372619600007,-43.86583328299997],[172.80213917385979,-43.87208129416549],[172.8113125166532,-43.87138903325821],[172.8187700496748,-43.86691259990778],[172.82289123600003,-43.872528074999934],[172.81508821562457,-43.87811876117285],[172.82608318999252,-43.88035972695897],[172.83899025058335,-43.87533136638543],[172.84124756000006,-43.878334043999985],[172.83000183100012,-43.884639739999955],[172.83662696653357,-43.889760282991],[172.84801014947163,-43.889450766719946],[172.85280798356024,-43.88063928292581],[172.85916137700008,-43.87958145199997],[172.85958862300004,-43.888332366999975],[172.8682880671883,-43.88727424999005],[172.87509498365296,-43.895592766197126],[172.88354239407118,-43.89793812937827],[172.89148613380942,-43.891809182853706],[172.90749479987744,-43.890121350002815],[172.93041798330813,-43.9016602334721],[172.9490834006979,-43.89489341669961],[172.9424049164772,-43.88260758367706],[172.92875142989567,-43.877707650534994],[172.91921615060963,-43.86594989937841],[172.9092016003594,-43.85747351618592],[172.9155719668929,-43.85192763343127],[172.9040532828427,-43.8264563328194],[172.9038002161525,-43.81625138265967],[172.91867868298453,-43.80705976638489],[172.92500679969547,-43.79679763350925],[172.92482565064242,-43.79150296684571],[172.91673145063493,-43.787951616365994],[172.9075966330012,-43.7804757660371],[172.91384168374628,-43.773226649365924],[172.91589690089788,-43.76644489960376],[172.9106577659707,-43.76350993329517],[172.91914163323392,-43.75785209949013],[172.92769035086732,-43.7618769160739],[172.92630833242038,-43.75199341610718],[172.93483458349212,-43.75049911673271],[172.945419312,-43.75666808999995],[172.94293325268282,-43.76364857831325],[172.9579882167628,-43.76195786686813],[172.96374511700003,-43.76922225799996],[172.95500183100012,-43.774555206999935],[172.96637203391725,-43.77964453340182],[172.96752929600007,-43.785446166999975],[172.94670105000012,-43.786251067999956],[172.94510884627877,-43.79416717067074],[172.95614366694556,-43.800978449757906],[172.9640694992277,-43.79754253310077],[172.9687500000001,-43.801723478999975],[172.96711731000005,-43.80916595499997],[172.96002197300004,-43.81460952799995],[172.94917297300003,-43.81794357299998],[172.94546508700012,-43.82338714599996],[172.94792175300006,-43.83833312999997],[172.94210815400004,-43.84419632],[172.94094159695138,-43.855436746090874],[172.94445192801982,-43.863307444368395],[172.96955871600005,-43.876667020999946],[172.96960449200003,-43.885860442999956],[172.98044031657275,-43.88692223350646],[172.99789428700012,-43.88249969399993],[173.01156570061104,-43.88329650013859],[173.02177375048174,-43.87586654960549],[173.03651745027773,-43.87004409994612],[173.04496695212896,-43.860944227221204],[173.05621450091945,-43.85553698328281],[173.06196406460876,-43.846593386766166],[173.074151300104,-43.85145160002002],[173.08276559969894,-43.84771645006186],[173.0832092998762,-43.83866796657792],[173.10050966679216,-43.831813382884775],[173.0958214665808,-43.821140732924626],[173.10330200200008,-43.81627655099993],[173.09595110008166,-43.80844384941406],[173.10931979953784,-43.80273143306122],[173.11181841712423,-43.78774981701318],[173.1067461331327,-43.78343558394884],[173.1092206330737,-43.77422038324616],[173.121937516537,-43.7761442331165],[173.13014978387415,-43.762775999954684],[173.1266494504411,-43.75080224982561],[173.12968676662175,-43.74698111668304],[173.12416454985552,-43.738514749690495],[173.10580444300012,-43.741279600999974],[173.10249328600003,-43.74625015099997],[173.09366763319827,-43.73902836686959],[173.09493051712568,-43.73296504946594],[173.11831753350842,-43.72711636676252],[173.11282786232667,-43.72125214547877],[173.10668945300006,-43.72377777099996],[173.09887053246064,-43.71955671667363],[173.10719991673,-43.71361201603659],[173.1087168462692,-43.7087908491587],[173.0997088892123,-43.69404388940811],[173.08705139300002,-43.689998626999966],[173.08003234900002,-43.700416564999955],[173.06829834000007,-43.69874954199997],[173.05830383300008,-43.69458389299996],[173.06420096736977,-43.688338799595336],[173.066824724202,-43.67367361188599],[173.05914306600005,-43.67541503899997],[173.05212371675083,-43.67309638298919],[173.03475263377203,-43.66233678332382],[173.03334045400004,-43.657112121999944],[173.0259801800942,-43.65358091470107],[173.0158538820001,-43.66210937499994],[173.00494384700005,-43.675472259999935],[172.99151303308759,-43.67339383305573],[172.9993084170925,-43.6670187335006],[172.9895643663037,-43.65826514953581],[172.99524303351166,-43.65337483348757],[172.99884638422373,-43.64474388305102],[172.98318501744032,-43.63974704966729],[172.97830200200008,-43.634609222999984],[172.9658660880001,-43.650417327999946],[172.95911981718598,-43.64748831664803],[172.96066812201977,-43.63729924486578],[172.94621944962853,-43.6384408328297],[172.94416809100005,-43.63211059599996],[172.93418103379844,-43.62631290983132],[172.9287567140001,-43.637500762999935],[172.92039489700005,-43.64416503799998],[172.91622924800004,-43.65922164899996],[172.90127563500005,-43.67833328099994],[172.90205383300008,-43.68752670199996],[172.89243628306917,-43.68801566661562],[172.89053153295944,-43.67815721603915],[172.88483761725877,-43.671756550133516],[172.89469243344652,-43.664297916686834],[172.89945506682798,-43.654931967281875],[172.8967357335942,-43.648736216784],[172.90666198700012,-43.63377761899994],[172.90162841596282,-43.62277521606897],[172.89088440000012,-43.61797332799995],[172.8849945070001,-43.62630462699997],[172.8727020162315,-43.61895230003582],[172.87808641679885,-43.61376458327703],[172.86571469930456,-43.61279441636416],[172.86392093475632,-43.60747135504438],[172.85671997100008,-43.60463714499997],[172.84794616700003,-43.61833190799996],[172.8478851320001,-43.625],[172.83708190900006,-43.63666534499998],[172.84042358400006,-43.64502716099997],[172.83749389600007,-43.65541839499997],[172.82916259800004,-43.656249998999954],[172.826278687,-43.66172409099994],[172.81585693400007,-43.66377639799998],[172.81178671689315,-43.6570469834143],[172.81736576651954,-43.65491516659108],[172.82106501636784,-43.637171866734576],[172.82909011734318,-43.61608943292837],[172.83052278352608,-43.60749170019872],[172.82124328600003,-43.61000060999993],[172.81829833900008,-43.619609830999934],[172.81036264284575,-43.61293814229998],[172.79171752900004,-43.61711120499996],[172.78747558600003,-43.622943876999955],[172.77947073326084,-43.62236129992119],[172.7758026130001,-43.61711120499996],[172.76414489700005,-43.62461089999994],[172.7537231450001,-43.625862121999944],[172.75869751000005,-43.63166809099994],[172.7541351320001,-43.64044570999994],[172.73750305300007,-43.62794494599996],[172.71958923400007,-43.62666702299998],[172.71997070300006,-43.634609222999984],[172.71455383300008,-43.64339065599995],[172.70164489700005,-43.65713882499995],[172.69328308100012,-43.65708160299994],[172.68458557100007,-43.646694183999955],[172.6722234709601,-43.66435958060777],[172.66443729949762,-43.66051174994667],[172.66066733345767,-43.65379629966151],[172.65916442800005,-43.64208221399997],[172.6499669499484,-43.64063483345316],[172.64693140049778,-43.634782416809145],[172.65106055078147,-43.62999223266573],[172.65132734933417,-43.62166401638451],[172.6613500995373,-43.6196091168681],[172.67992021685905,-43.60728049981769],[172.69706168313022,-43.60885408266532],[172.707457649543,-43.611387633205034],[172.7153134837151,-43.60894454987828],[172.72691849691373,-43.609303190470776],[172.75093000028218,-43.59763950054831],[172.75707378325544,-43.599458533310276],[172.7667170666791,-43.59660076689048],[172.78005405066756,-43.597828732626624],[172.8035834667949,-43.5929942828803],[172.80789250068173,-43.58671800057634],[172.8011544252108,-43.58206638925762],[172.79080200200008,-43.58708190899995],[172.7808837890001,-43.58627700699998],[172.77600719976314,-43.582719332798725],[172.77778823382576,-43.57478448311903],[172.76831054700006,-43.57291793699994],[172.7591705320001,-43.56711196899994],[172.745864868,-43.56874847299997],[172.7381282719984,-43.55708312999997],[172.71994018600003,-43.55708312999997],[172.70835876400008,-43.563777921999986],[172.70378112800006,-43.56000137199993],[172.70316287889685,-43.551070233558065],[172.71511108423041,-43.54791508308478],[172.7212536166831,-43.539698416496535],[172.72500610400004,-43.52458190899995],[172.73455810600012,-43.53163909899996],[172.73458916825084,-43.53747233167485],[172.74166460047448,-43.53960943338073],[172.74871826200012,-43.554195403999984],[172.7533143004429,-43.55352581667119],[172.7450656838802,-43.53751440028191],[172.7325349663403,-43.50858420064623],[172.72255893407547,-43.48013551650579],[172.7156276332593,-43.447846249761525],[172.71330261200012,-43.43041610599994],[172.70828247000009,-43.43044280999993],[172.70099248398202,-43.418596733095065],[172.70166201749322,-43.40742041607403],[172.7045898440001,-43.404193876999955],[172.70169067400002,-43.393775939999955],[172.69583129900002,-43.39208221399997],[172.6799926760001,-43.39461135899995],[172.67072667621352,-43.400312076852174],[172.65517456620617,-43.41117486604894],[172.6151733675933,-43.4271512834834],[172.60719989959645,-43.42945005017798],[172.5947804502363,-43.4296397167616],[172.57834048281111,-43.4344621337832],[172.56026354974986,-43.43424114985425],[172.52266363402936,-43.44225024984893],[172.51437393300844,-43.44198689959538],[172.46311911670077,-43.44736006668501],[172.43241610077717,-43.44764849938073],[172.41476696733992,-43.45316911676385],[172.39566616731224,-43.455743650126585]]],[[[172.67635732505332,-43.39473912188423],[172.67994689900002,-43.39294433599997],[172.7019998166341,-43.3907212329016],[172.67921823321657,-43.391207899796186],[172.67635732505332,-43.39473912188423]]]]},"properties":{"shapeName":"Christchurch City","shapeID":"76426892B12142127553015","shapeGroup":"NZL","shapeType":"ADM2"}},
{"type":"Feature","geometry":{"type":"MultiPolygon","coordinates":[[[[171.11351021662063,-43.09569271636159],[171.14090751659174,-43.10573626671607],[171.15163843354085,-43.108099482888484],[171.1500098007409,-43.14321835003138],[171.14235075009253,-43.15475703286123],[171.13860525013413,-43.168992016265584],[171.13699680040736,-43.1835818667687],[171.14318286711799,-43.19686241633755],[171.15476279950252,-43.20941071626346],[171.15684551751113,-43.21923774949717],[171.16285963375492,-43.22326443382411],[171.18350914940146,-43.22884515018895],[171.2078332669285,-43.24256535011194],[171.2369971665114,-43.257423966838275],[171.24438093375338,-43.26278938265587],[171.27541086659485,-43.274851933234],[171.30318023343244,-43.27939226675073],[171.33979970015847,-43.274925866158945],[171.3563524166577,-43.27965909967858],[171.36939540082392,-43.290211983250664],[171.38898811714816,-43.30369475019655],[171.41807026761472,-43.32603540026768],[171.42389339974486,-43.33293666607198],[171.43211013330253,-43.337531766722655],[171.45416773327818,-43.345211799674296],[171.4722228998759,-43.352693649977084],[171.49850525003504,-43.35823928300731],[171.51638723256283,-43.3682212497172],[171.52411039998512,-43.3786492328158],[171.54066718327857,-43.38973108324051],[171.55798988249612,-43.39303393305644],[171.56606233377585,-43.39717359939051],[171.5723972004398,-43.40764663314992],[171.5821864330475,-43.41444334979427],[171.58663463350928,-43.42706953314737],[171.60013588301922,-43.435857066428646],[171.61146139923315,-43.45300110021031],[171.61996588321242,-43.4599797501886],[171.62441115074395,-43.46721968304626],[171.6215931174525,-43.47101268320159],[171.60958355056616,-43.47588401657764],[171.60712976664152,-43.47979518324641],[171.62114475073946,-43.483234550138484],[171.63164793365132,-43.504593049890666],[171.6407835995604,-43.50658799965538],[171.6400304674499,-43.5119870664942],[171.65660433335165,-43.51854199966088],[171.65993451728974,-43.526307049858886],[171.67097430743027,-43.534094200613445],[171.6750335700001,-43.52624893199993],[171.6874694820001,-43.537971496999944],[171.70197606300638,-43.54210321699819],[171.7037829349212,-43.54187998196116],[171.71414184600008,-43.53958511199994],[171.73916626000005,-43.55461120599995],[171.74667358400006,-43.562915801999964],[171.75416564900002,-43.56624984699994],[171.77250671500008,-43.57875060999993],[171.7891082760001,-43.59375],[171.79583740300006,-43.595417021999936],[171.82247924800004,-43.61705398399994],[171.83660888600002,-43.63211059599996],[171.85078430200008,-43.64291763299997],[171.8674926760001,-43.649612425999976],[171.8975067140001,-43.676303863999976],[171.90502929700006,-43.67797088599997],[171.9174499510001,-43.68711090099998],[171.9291687010001,-43.69044494599996],[171.93330383400007,-43.69544601499996],[171.94747924800004,-43.69791793799993],[171.96166992200006,-43.703804015999935],[171.97497558600003,-43.707111356999974],[171.9866333010001,-43.71297073399995],[172.00332641600005,-43.71794509899996],[172.0449981690001,-43.73877715899994],[172.05670166000004,-43.74380493199993],[172.07833862300004,-43.74961090099998],[172.11627197300004,-43.76750183099995],[172.12336730900006,-43.774612426999965],[172.13752746600005,-43.781276702999946],[172.1558380130001,-43.79380416899994],[172.16502380400004,-43.79461288299996],[172.1837463380001,-43.80830383299997],[172.19041442900004,-43.81750106699997],[172.202896118,-43.82916641199995],[172.20205688500005,-43.842556],[172.20957946800002,-43.85583496099997],[172.21955871600005,-43.868305205999945],[172.23872375500002,-43.889194488999976],[172.23807467365188,-43.89153862951427],[172.29111765014954,-43.873787250376076],[172.31661868301978,-43.8670884165103],[172.36152781742925,-43.85973414998756],[172.57298078369374,-43.77022214971885],[172.57303551881697,-43.7576514497785],[172.58100410011284,-43.75367543332643],[172.5916019164174,-43.755623816677364],[172.60566351669004,-43.74968068319096],[172.60700765087915,-43.73114971622022],[172.5970958004388,-43.72673081613445],[172.59041453346154,-43.72740868302648],[172.58427633309825,-43.7234257832491],[172.5972309832095,-43.71601794981941],[172.59660720067546,-43.713255616889306],[172.6058084332873,-43.70174728283756],[172.60817769963754,-43.69055273317513],[172.61860498351402,-43.68650276628563],[172.62497128364384,-43.66379451635946],[172.62335763420057,-43.65031768271321],[172.6273041999731,-43.64777493274767],[172.622700799765,-43.637875466122175],[172.62776893276958,-43.623864033045564],[172.6217451665253,-43.62314046611113],[172.61323198254206,-43.628592982907854],[172.59298243346907,-43.61956391666186],[172.58203754976495,-43.615971932844275],[172.5725089995563,-43.61954163294553],[172.56838718351275,-43.607033083182834],[172.5554480007595,-43.60694036639797],[172.55871850058458,-43.59836061633256],[172.53289845066422,-43.586492016371736],[172.51861731705878,-43.57405051631146],[172.52190671705065,-43.56997221645494],[172.4966831327008,-43.55828606624276],[172.4867654665136,-43.55031593348979],[172.457766032676,-43.56025106607278],[172.42398163410132,-43.512667566641255],[172.43903351709045,-43.468503449908866],[172.40731635039117,-43.466503332763054],[172.39405733368645,-43.46226628270021],[172.39566616731224,-43.455743650126585],[172.3546347006655,-43.45821208264664],[172.3247960669021,-43.460781816563205],[172.29602586644202,-43.46010775048268],[172.27387559908576,-43.45642034956756],[172.2587418331106,-43.455195232977886],[172.2230753339679,-43.44749554952696],[172.19383480048074,-43.44332918266335],[172.17602086727442,-43.43580766648324],[172.14033133349966,-43.42239533307864],[172.11737711682449,-43.40919588304235],[172.10423036720925,-43.40292953322115],[172.08366916733857,-43.38064824986139],[172.08223435075078,-43.37542773304952],[172.06749856703516,-43.36517423275773],[172.05719343397578,-43.360850449890094],[172.04603166671097,-43.35992903342613],[172.02749843271607,-43.35412256672539],[172.0138544832073,-43.3482412664914],[171.9973748330793,-43.33777051662239],[171.98513248422145,-43.32386699944903],[171.98419419920452,-43.31440744992697],[171.95321743039844,-43.29095967121542],[171.9563707695616,-43.28240687570908],[171.94806160523146,-43.281747054789435],[171.94516419448516,-43.27419775154019],[171.94938165800892,-43.26395075487605],[171.94563050851843,-43.25916083434038],[171.9579551196787,-43.245245786210255],[171.9611491500808,-43.239099461828935],[171.9557117953505,-43.22851939413418],[171.92890266670634,-43.22040800026408],[171.9332598997613,-43.20310155833128],[171.94485146488583,-43.202387104506634],[171.9509120241094,-43.1953716066428],[171.94947445824522,-43.18729604869006],[171.95263084936482,-43.178400416855396],[171.99566139981565,-43.178833683079276],[172.00353885010483,-43.15335354956429],[172.0199131327694,-43.1464218831037],[172.02612123307998,-43.13771295011409],[172.02346074998565,-43.1344962666401],[172.0242060496462,-43.11967706604721],[172.01862320015738,-43.11326054993171],[172.02063528247362,-43.10339508335059],[172.01927236631468,-43.09718918291304],[172.0497224166665,-43.07630785012554],[172.05422758386806,-43.07123123334923],[172.0607800666485,-43.05157030021013],[172.07013581682062,-43.04725814945852],[172.07832108320298,-43.054028433199754],[172.08427829909618,-43.05381780021318],[172.09665236684472,-43.041794216381234],[172.0923939338582,-43.03236439970683],[172.0976886828236,-43.02809666681025],[172.09910625025418,-43.02168986655692],[172.1096038497721,-43.01414846605274],[172.1180154828778,-43.0045655667131],[172.11958399978306,-42.9941579167458],[172.1244673334953,-42.98663541615351],[172.13488151664973,-42.985950566069306],[172.15004010019695,-42.993723949942215],[172.16181795049317,-42.989471483079846],[172.16207078344428,-42.981486416770686],[172.16601351658196,-42.971396349807925],[172.17445423261395,-42.96426034933321],[172.19792861640857,-42.95622949976751],[172.21962073315532,-42.95425734935547],[172.22309065053727,-42.95663336674018],[172.24139141709753,-42.946556000589474],[172.24736806596107,-42.93712093286656],[172.24391708331905,-42.916511400169334],[172.23084863277,-42.91001405018641],[172.24424041681746,-42.89421531668248],[172.2538809499068,-42.88642186622797],[172.25829625069872,-42.878330683000236],[172.25726818336426,-42.87080999994298],[172.24950363364854,-42.866295282906584],[172.2378519001523,-42.8639580496775],[172.23113326759383,-42.86827963297061],[172.21567491740095,-42.869366516668016],[172.20897116639767,-42.873618300163976],[172.19125148318568,-42.861900849607395],[172.17683401671206,-42.868077116484535],[172.16933973260356,-42.865700716879836],[172.1564345505811,-42.871605816642386],[172.14825196673544,-42.872196350190436],[172.14147203264528,-42.86852153273612],[172.12738230085012,-42.8729897998991],[172.12096748332763,-42.86973023293719],[172.1071413667217,-42.8707763326791],[172.10085089982044,-42.86892521669657],[172.10014889998791,-42.85889981719993],[172.08444306745227,-42.8419240996485],[172.08095726688967,-42.83601961686465],[172.07397565069002,-42.83626543336393],[172.07150696684917,-42.829456066192016],[172.06235063320707,-42.82935330001827],[172.0546528007684,-42.82068616612287],[172.04863356654838,-42.818055232688444],[172.04674728339833,-42.8081640162094],[172.03740731663603,-42.8058667001589],[172.0354233332889,-42.79789638338976],[172.0283061835653,-42.79463389969462],[172.02979445014847,-42.78900915020647],[172.02513035024782,-42.78461025024975],[172.01214751667086,-42.78682325014645],[172.0032586669885,-42.79061103375657],[172.0004147168052,-42.78179304942537],[171.9929553507465,-42.78308019967772],[171.97255163396707,-42.77570008308009],[171.950080883169,-42.770978566473374],[171.9409739507945,-42.76260051656835],[171.9327923164278,-42.76362198277074],[171.9197293832327,-42.75638993310483],[171.91475308336746,-42.75124938306506],[171.91364486642362,-42.74430773346668],[171.90764811603276,-42.74083559974554],[171.88439353331833,-42.749631816274686],[171.87521629979287,-42.74848813280469],[171.8638746839776,-42.75046620007492],[171.84946481737532,-42.76020653274884],[171.8417744334612,-42.77455631653212],[171.83249885019424,-42.775164566401585],[171.82689910007838,-42.781393049336096],[171.81321295005304,-42.78355929958478],[171.81130926680157,-42.790312982955996],[171.80166233282594,-42.78658849960251],[171.7946297999928,-42.78803568338982],[171.7890913828417,-42.782807882842455],[171.77635996640728,-42.79030335061774],[171.76384876685327,-42.791722416500114],[171.76184328289196,-42.8014551330804],[171.75708355028218,-42.8093252166521],[171.7585160835253,-42.8162197833694],[171.7544598497321,-42.818794433214265],[171.76277768270504,-42.8284894329962],[171.76268068338223,-42.837050783469245],[171.75459166619203,-42.84495159945051],[171.7370271175306,-42.84709086631133],[171.7329752828605,-42.85335398276212],[171.73724766689918,-42.86042549974589],[171.73371613373484,-42.864634683515604],[171.7463697507116,-42.87408070002812],[171.73664118288806,-42.879412616453926],[171.72687146674684,-42.88817385017392],[171.7107213667941,-42.89583399969958],[171.7101425500982,-42.903817366316076],[171.70440176670044,-42.903294849473944],[171.69453750028532,-42.908286066417816],[171.68682944933653,-42.905531483416176],[171.6906696672798,-42.90082743274337],[171.68000673378663,-42.898640883200684],[171.6800449324697,-42.89494251655704],[171.6654885674608,-42.88633988302728],[171.6547081330443,-42.89328266641156],[171.65297981586727,-42.897038732862065],[171.6286229666092,-42.90295561660062],[171.59993958257277,-42.89884133279946],[171.59038538378672,-42.89562858276637],[171.5741917005353,-42.899525016865745],[171.5662863506883,-42.90540269939522],[171.53466093251689,-42.90478801672873],[171.526309383739,-42.90680706606892],[171.51758319977475,-42.91409809985812],[171.5116732335442,-42.911070882951606],[171.50794923347604,-42.902241116653165],[171.5014908005048,-42.89804974980629],[171.4910098497771,-42.89592589953238],[171.4837204503258,-42.905621150055346],[171.4654822001356,-42.91523628269813],[171.4544598996873,-42.90921111620149],[171.44922653414022,-42.9092283835179],[171.434358066568,-42.921704466650525],[171.44088020003267,-42.930282333516914],[171.437365949852,-42.93578829980961],[171.42580345033912,-42.935369333319855],[171.4180040499026,-42.946271033287715],[171.4116304500388,-42.95075921664276],[171.3923488008316,-42.955701766900155],[171.39468136608815,-42.944132133463434],[171.38453158360474,-42.945327299733236],[171.3719306832443,-42.93886301628443],[171.36199403404976,-42.937176532711796],[171.35282608293448,-42.945660866505285],[171.34518554914882,-42.94970738302715],[171.33612733327112,-42.943250682820256],[171.31626484994123,-42.94749598318474],[171.30311586603526,-42.95809594994304],[171.3089566171055,-42.960915499659606],[171.3079339832424,-42.96644733269504],[171.2978347002342,-42.96636571660164],[171.2826424834004,-42.97293961644999],[171.27637631661085,-42.978313399634786],[171.26200930022355,-42.98435664995216],[171.25615251691968,-42.9898242660919],[171.25399021628678,-42.99747474945842],[171.24184148329243,-42.99878716611852],[171.23766901597872,-43.00251148324029],[171.23933775060328,-43.01298965013605],[171.2434794000372,-43.01657521642888],[171.23691408386836,-43.02332080011022],[171.2398663995862,-43.032870366731515],[171.23263986740292,-43.04001104982408],[171.22438623310862,-43.04280988262363],[171.21987443285582,-43.06418638311608],[171.2109379671299,-43.066017716473766],[171.2022561493093,-43.0735785995497],[171.19768926742714,-43.074257483723656],[171.1896684838091,-43.065880316492205],[171.18329655010157,-43.06475503323067],[171.17512838385593,-43.07442755018242],[171.15625425025786,-43.07823131609346],[171.14760569970176,-43.087859399682024],[171.1406527341804,-43.082511633098584],[171.12992610072095,-43.08123400005179],[171.11637035031353,-43.086295733425864],[171.11351021662063,-43.09569271636159]]],[[[172.12179241304355,-43.83494299545265],[172.10358687690754,-43.81733629782903],[172.10461359989142,-43.8228208330847],[172.12179241304355,-43.83494299545265]]]]},"properties":{"shapeName":"Selwyn District","shapeID":"76426892B38400120345954","shapeGroup":"NZL","shapeType":"ADM2"}},
{"type":"Feature","geometry":{"type":"Polygon","coordinates":[[[170.61557510049303,-43.43152125009472],[170.61417599941905,-43.44376141685353],[170.6032838165371,-43.4506402831994],[170.59725498383557,-43.464091683302584],[170.60115065033307,-43.466597966698025],[170.61363111651252,-43.4649219330248],[170.61249246617928,-43.45565195019123],[170.6197899164035,-43.45486063388987],[170.63028436605796,-43.462046432611686],[170.64066295050162,-43.464118499509716],[170.65524930057433,-43.46166901626143],[170.68229009953347,-43.45198994986116],[170.69162396677294,-43.45218406651801],[170.70449405003575,-43.460976049915296],[170.70751544983844,-43.46924376651639],[170.72261048352493,-43.48247339957552],[170.7374590840668,-43.48960501653565],[170.75680273358267,-43.50862718340051],[170.77238000029783,-43.51600428281032],[170.793619532876,-43.51708171683837],[170.8319611338812,-43.527540099750965],[170.8540044495371,-43.53194100008045],[170.86786313288204,-43.546378283384726],[170.88125814907988,-43.55840941652935],[170.9005716837819,-43.58250754964197],[170.92482094937924,-43.615945883436005],[170.92323573378252,-43.62266099932946],[170.94477695074832,-43.63691489951359],[170.95133570003117,-43.64722116632119],[170.96676118315725,-43.667376682916704],[170.97282986670584,-43.67162716685453],[170.99431961728953,-43.68147046664216],[171.02553848381112,-43.6992615998664],[171.03254551751056,-43.70099754956787],[171.05476464971582,-43.701841783418736],[171.06935070091737,-43.70420561652546],[171.0851176331373,-43.71097875006638],[171.10284276644737,-43.71321233351546],[171.12145931752573,-43.72743426678262],[171.13075941577313,-43.72967671657052],[171.1428103341269,-43.73679138340911],[171.1510842661467,-43.738885332655826],[171.17616304978444,-43.73289823350921],[171.18223183357608,-43.733661416332986],[171.18300478289896,-43.739916632707654],[171.1948358337678,-43.748891732670735],[171.20162983374394,-43.74866323337801],[171.21263861639162,-43.75472819984043],[171.22224806645772,-43.76397198324461],[171.23338145015455,-43.76422636655023],[171.23884571677357,-43.76772361641948],[171.23805229930713,-43.77769329990172],[171.2452264658938,-43.77958153314469],[171.2497139165351,-43.790383416112604],[171.2542188492956,-43.79316981688479],[171.25050969988757,-43.80274526671592],[171.26016019984473,-43.80475786649209],[171.2595953672635,-43.813052650046515],[171.2637512500489,-43.81610814963867],[171.2591997170861,-43.824101482666414],[171.25766101741596,-43.83530440020438],[171.26186811651016,-43.83910241664778],[171.25853236636314,-43.85127010056979],[171.26484538306633,-43.86240888390702],[171.2630182995139,-43.86927396624226],[171.27380559977715,-43.893191483495976],[171.27247020036134,-43.89962681605324],[171.27566751588097,-43.9134279327098],[171.28941890019178,-43.94226013324153],[171.29587249922784,-43.952186266527114],[171.29992718381337,-43.96970021617483],[171.31323961601424,-43.9915499499662],[171.32642401968596,-44.00458317459014],[171.32716237452573,-44.00511683504056],[171.32768353952702,-44.00544357299998],[171.33666992200006,-44.00627899199998],[171.34832763600002,-44.01208495999998],[171.3616333010001,-44.022109984999986],[171.37330627500012,-44.027084350999985],[171.38749694800003,-44.042945861999954],[171.39500427300004,-44.04794311599994],[171.4061655082104,-44.050981061615474],[171.40677790309974,-44.05127716099997],[171.4408111570001,-44.06711196899994],[171.4466705320001,-44.06877899199998],[171.45953369200004,-44.080860137999935],[171.46994018600003,-44.09294509899996],[171.4820861820001,-44.10335922099995],[171.49958801200012,-44.125862120999955],[171.50538635300006,-44.138362884999935],[171.50375366200012,-44.150028228999986],[171.50375366200012,-44.167526244999976],[171.50625610300006,-44.17252731299993],[171.51831054700006,-44.181221008999955],[171.53776398331613,-44.172629033100065],[171.55181383266185,-44.16425598263273],[171.61483001668424,-44.13182851687665],[171.65541318364347,-44.1145020326462],[171.6634104335857,-44.10989813380692],[171.6809253995541,-44.10370036603388],[171.7352990833314,-44.081681599945476],[171.7903641498564,-44.06003453264202],[171.80111575227826,-44.0549085434889],[171.7945861810001,-44.042556762999936],[171.79541015600012,-44.02750015099997],[171.78704834000007,-44.013332366999975],[171.7945861810001,-44.01166534499998],[171.79957580500002,-44.025028228999986],[171.79953002900004,-44.044166564999955],[171.80697754628423,-44.05192265252127],[171.82409400091,-44.04553005032045],[171.86411384952183,-44.027465116231866],[172.02804711707503,-43.95831629987634],[172.07334116650892,-43.94199006604719],[172.1266398840764,-43.92348730003539],[172.18653903343696,-43.90550370011888],[172.17628479000007,-43.88916778599997],[172.17538452200006,-43.88416671599998],[172.16416931100002,-43.876277922999975],[172.15545163664336,-43.86773719289214],[172.1526856456009,-43.866372970917304],[172.15177161533651,-43.865423058749],[172.14547528316413,-43.85798147992308],[172.13811425121847,-43.84805692689087],[172.12686921604057,-43.837645183650864],[172.12179241304355,-43.83494299545265],[172.10461359989142,-43.8228208330847],[172.10358687690754,-43.81733629782903],[172.1022207106065,-43.81596370456164],[172.1019704688442,-43.81571228556683],[172.08558590126876,-43.79799875903277],[172.0802505491291,-43.79303260787819],[172.05081176700003,-43.76374816899994],[172.03410069644238,-43.749973601992814],[172.0314579139567,-43.748724863237896],[172.0216369630001,-43.74544525199997],[172.0133361810001,-43.739582061999954],[172.00114440900006,-43.737110136999945],[171.97917175300006,-43.727085113999976],[171.9741668700001,-43.72627639799998],[171.96080017100007,-43.71872329799993],[171.9199676510001,-43.70294570799996],[171.89253234800003,-43.69047164899996],[171.851669312,-43.666248319999966],[171.8424377440001,-43.65963745199997],[171.8107757570001,-43.63047409099994],[171.8037567140001,-43.627498626999966],[171.80125427200005,-43.617500303999975],[171.78660583500005,-43.60713958599996],[171.7766723630001,-43.597946166999975],[171.7582702640001,-43.585414886999956],[171.74574279800004,-43.57961273199993],[171.73744201800002,-43.56961059599996],[171.7290802000001,-43.56624984699994],[171.7141723640001,-43.54791641099996],[171.68916320900007,-43.54875183099995],[171.67581176700003,-43.54127883899997],[171.67097430743027,-43.534094200613445],[171.65993451728974,-43.526307049858886],[171.65660433335165,-43.51854199966088],[171.6400304674499,-43.5119870664942],[171.6407835995604,-43.50658799965538],[171.63164793365132,-43.504593049890666],[171.62114475073946,-43.483234550138484],[171.60712976664152,-43.47979518324641],[171.60958355056616,-43.47588401657764],[171.6215931174525,-43.47101268320159],[171.62441115074395,-43.46721968304626],[171.61996588321242,-43.4599797501886],[171.61146139923315,-43.45300110021031],[171.60013588301922,-43.435857066428646],[171.58663463350928,-43.42706953314737],[171.5821864330475,-43.41444334979427],[171.5723972004398,-43.40764663314992],[171.56606233377585,-43.39717359939051],[171.55798988249612,-43.39303393305644],[171.54066718327857,-43.38973108324051],[171.52411039998512,-43.3786492328158],[171.51638723256283,-43.3682212497172],[171.49850525003504,-43.35823928300731],[171.4722228998759,-43.352693649977084],[171.45416773327818,-43.345211799674296],[171.43211013330253,-43.337531766722655],[171.42389339974486,-43.33293666607198],[171.41807026761472,-43.32603540026768],[171.38898811714816,-43.30369475019655],[171.36939540082392,-43.290211983250664],[171.3563524166577,-43.27965909967858],[171.33979970015847,-43.274925866158945],[171.30318023343244,-43.27939226675073],[171.27541086659485,-43.274851933234],[171.24438093375338,-43.26278938265587],[171.2369971665114,-43.257423966838275],[171.2078332669285,-43.24256535011194],[171.18350914940146,-43.22884515018895],[171.16285963375492,-43.22326443382411],[171.15684551751113,-43.21923774949717],[171.15476279950252,-43.20941071626346],[171.14318286711799,-43.19686241633755],[171.13699680040736,-43.1835818667687],[171.13860525013413,-43.168992016265584],[171.14235075009253,-43.15475703286123],[171.1500098007409,-43.14321835003138],[171.15163843354085,-43.108099482888484],[171.14090751659174,-43.10573626671607],[171.11351021662063,-43.09569271636159],[171.11538888293495,-43.099573233382756],[171.10729436612547,-43.11126761672311],[171.09733739979652,-43.10616281628565],[171.0951528002416,-43.10080128354516],[171.07933075054135,-43.102300649866834],[171.0757605162687,-43.11224536633099],[171.06829408320272,-43.11240428339711],[171.0628531164189,-43.11846954964198],[171.06904146632147,-43.12562061651835],[171.04150771725358,-43.13965711630382],[171.03789049975353,-43.15081499995616],[171.04727448301642,-43.163610816980196],[171.02017228307787,-43.17445589996563],[171.0128700003148,-43.192637416316316],[171.00422231615906,-43.195335500349685],[170.99327114915278,-43.21531408319518],[170.97974463310325,-43.222628066861446],[170.9488411334289,-43.2273125826326],[170.9452088167444,-43.22361088332603],[170.94861828328888,-43.20682568350627],[170.93721436731732,-43.20405728264116],[170.92873346681827,-43.206535416600936],[170.91295759987486,-43.21603603290639],[170.90998789980358,-43.22598278315761],[170.89678181730997,-43.23295603328905],[170.8932856834759,-43.237722216475106],[170.8732444335273,-43.24778786671336],[170.8757767000853,-43.252085832945426],[170.86785079986225,-43.258914866665016],[170.86522585026162,-43.264820999754605],[170.870443733379,-43.27292979972539],[170.86026261647183,-43.28140000009359],[170.8303481665937,-43.283511133320324],[170.82290955058758,-43.29087578308831],[170.82053878335407,-43.2992586828827],[170.80603278406994,-43.30446326661195],[170.79244841760615,-43.29920049971868],[170.77766490014164,-43.30711674977313],[170.7619839004866,-43.317572900039266],[170.75186631698338,-43.31867341637838],[170.73040493391866,-43.31532210006415],[170.72458168293198,-43.31841278333153],[170.71675591687008,-43.31654708348827],[170.7056989161497,-43.320786516381304],[170.71676281740557,-43.332781467151634],[170.71342925001278,-43.3447840165426],[170.67800234916754,-43.347480733121635],[170.67075321637085,-43.35072881653291],[170.66856931684706,-43.35599023293774],[170.6458098505002,-43.370528850142456],[170.64604554963086,-43.37404303295867],[170.65763324920874,-43.37741463302713],[170.65648100006376,-43.38710226603768],[170.6483887335979,-43.392199516595],[170.63293023386694,-43.39681718278294],[170.63509295020546,-43.40125143263783],[170.61581109989942,-43.4175196334071],[170.61368035062546,-43.42337308350548],[170.61557510049303,-43.43152125009472]]]},"properties":{"shapeName":"Ashburton District","shapeID":"76426892B67490392619743","shapeGroup":"NZL","shapeType":"ADM2"}},
{"type":"Feature","geometry":{"type":"Polygon","coordinates":[[[170.59725498383557,-43.464091683302584],[170.58851221747037,-43.468321133252424],[170.59078391745646,-43.476458682685234],[170.5983500162661,-43.478490583399115],[170.6061529673411,-43.48579704988827],[170.62607729988017,-43.48856811625539],[170.62594969976192,-43.50682101662542],[170.63856488266754,-43.51555083320876],[170.6387192166094,-43.52862433294708],[170.65078213308277,-43.53390399943135],[170.66294263293304,-43.54483209969924],[170.67333931746046,-43.54278788336776],[170.68002369971737,-43.54697025011048],[170.69134464953441,-43.54854609931798],[170.69851049987713,-43.554200399719036],[170.71112578400917,-43.55279006654337],[170.72750973324713,-43.55583956607155],[170.73006501683514,-43.56453511665169],[170.71822961756692,-43.57437898337271],[170.72272073263665,-43.58782093315558],[170.7288926672184,-43.5956610162814],[170.73672829918414,-43.600630316013],[170.74124260082996,-43.60979398344945],[170.7305633668111,-43.62235464945902],[170.7247394503968,-43.634768366298374],[170.711180650268,-43.64367989977065],[170.7077325668222,-43.65096568276801],[170.71238354996564,-43.6556179830209],[170.70238034941136,-43.66782113343923],[170.7090644994526,-43.673471249490945],[170.69310951685054,-43.68753039982257],[170.6979443669863,-43.69608249944172],[170.69687268243285,-43.70161919957396],[170.68555038401146,-43.71164539942385],[170.68397173341555,-43.71840873304494],[170.69395878418274,-43.72606961648879],[170.6918233339946,-43.737241883165744],[170.68601823341336,-43.741702449341574],[170.69974741754032,-43.75851158300923],[170.7089291669726,-43.76551191682897],[170.71977764975773,-43.762031250186844],[170.73198825006375,-43.76063296676539],[170.73761193274677,-43.76439098265175],[170.73732620011478,-43.770193766879544],[170.72897708353656,-43.78718978332788],[170.72323340071054,-43.79220171683014],[170.72095293252247,-43.800156566760734],[170.71556983290213,-43.80553295044039],[170.72943548381033,-43.81541361678507],[170.73790609960076,-43.81424524955568],[170.75004916645003,-43.81744629989362],[170.76094581677205,-43.81778574945716],[170.76982526716307,-43.810243266191264],[170.7710985497029,-43.79960011642108],[170.77815665050122,-43.79377591660439],[170.78422388406867,-43.77539079941155],[170.80686655007983,-43.78341881670283],[170.81109811718372,-43.776480816635335],[170.82062674987472,-43.77606405006921],[170.84155598284906,-43.78028861638028],[170.8537157673824,-43.78639161641828],[170.85097526628147,-43.800303916311876],[170.86150300014134,-43.80882388269715],[170.87050083318576,-43.81177470005274],[170.8827714830687,-43.81173664971797],[170.8891486504994,-43.80393169989442],[170.9018454502258,-43.80602143333191],[170.9148565827465,-43.804697149501735],[170.91715973331188,-43.79881010020118],[170.91142735075644,-43.78950329982886],[170.92978856687859,-43.782652866874],[170.9418097839415,-43.78328945020754],[170.94919023401422,-43.77772353274843],[170.97420033299596,-43.769823266904716],[170.9917814330087,-43.75918829933565],[170.9980516675521,-43.75210663338757],[171.00790215037384,-43.748614016845444],[171.02579156647366,-43.74842701679387],[171.03957650072684,-43.75260983316793],[171.05000611704224,-43.75881536667734],[171.06499916656384,-43.75137049963072],[171.08696085068092,-43.75482734983363],[171.09140984986132,-43.766725116909825],[171.10069208321102,-43.77393686661087],[171.1086235997861,-43.774997216561594],[171.1164227497903,-43.78219136641692],[171.13346340078002,-43.781895100203684],[171.13877359949012,-43.779819383179905],[171.14457198409525,-43.79138326651649],[171.1447897990962,-43.79952988330844],[171.15331611756008,-43.80785961689613],[171.16817883308252,-43.80621069941247],[171.1765806669276,-43.81232691677029],[171.1839451664447,-43.82604128389536],[171.19220716759511,-43.82763713290624],[171.19627174930451,-43.834175816413435],[171.2088439835869,-43.84139398318079],[171.21068346676765,-43.847073517000126],[171.2192975000844,-43.854895083477814],[171.21561018308188,-43.85874408304619],[171.2175662665977,-43.87801098292448],[171.222716233141,-43.888295516145334],[171.21809159975624,-43.88983318336944],[171.21712411684612,-43.89983128293638],[171.20876511647197,-43.90060921653832],[171.20204096648072,-43.89283465013563],[171.1842659835545,-43.892747666196215],[171.17108996734297,-43.89465863292815],[171.17060871697052,-43.90298346657742],[171.17509201639962,-43.919255999566715],[171.18133456660993,-43.92248534933064],[171.17626709983554,-43.92755775005684],[171.1589843004602,-43.92920689944779],[171.15075656658794,-43.93271021708729],[171.14095878352904,-43.93270876675428],[171.12624025049408,-43.92987503308379],[171.1183040341479,-43.931971816551155],[171.10345688409103,-43.930997100181514],[171.09281926584205,-43.93488666648175],[171.08261759963307,-43.95136493342896],[171.08355594991897,-43.95852509982712],[171.07620956629287,-43.960678466640495],[171.05999168404537,-43.960864550197314],[171.05440805073968,-43.95766308319336],[171.03150968260562,-43.95875913385127],[171.01163736641485,-43.944687632864614],[171.01489396181822,-43.94058356037535],[171.00720686652508,-43.93537469946777],[170.9913404753895,-43.9205584974089],[170.98483450031836,-43.92360111730332],[170.98429868243147,-43.941046366448454],[170.99407996640127,-43.948141666509805],[170.988957066229,-43.956571833472296],[170.99120146719855,-43.96515956663668],[170.969317811195,-43.965806770601155],[170.9659715168479,-43.98108008316013],[170.9683489498744,-43.993104433174715],[170.95440986599039,-43.999899716829034],[170.95217046644487,-44.00429691619307],[170.9437924827692,-44.007684182689765],[170.96989210027076,-44.01928778345099],[170.9625909005121,-44.02294108283653],[170.96572726748605,-44.028074699819],[170.97505185000975,-44.032423383674065],[170.98864826715027,-44.042272300084406],[170.97895130056588,-44.053662949893074],[170.9767525998654,-44.059493616597436],[170.96745506647326,-44.06442499998474],[170.97918280005032,-44.06667133340623],[170.9820997497703,-44.07674583335819],[170.97626384982806,-44.08345554932946],[170.98048888328364,-44.08662125017169],[170.98319091719893,-44.101411266167716],[170.98263624922296,-44.1081715497354],[170.98924176689613,-44.12196629966605],[170.99952769998407,-44.135338383366],[171.00198446658817,-44.14508186692359],[170.99533295018242,-44.15734421680437],[170.99776776696822,-44.16535683270558],[170.99153456664584,-44.17362609958346],[170.98143271710867,-44.1736938166232],[170.96372918418416,-44.1671828828099],[170.94017159961876,-44.16788681644912],[170.9267289661256,-44.16101245004632],[170.91273163401414,-44.16032626692647],[170.9079217170256,-44.14978533267739],[170.89981761646456,-44.149741882654794],[170.88723751710714,-44.145570833244264],[170.8844727828103,-44.140330199585385],[170.8704217662312,-44.13836709959792],[170.86762885075854,-44.152987782994565],[170.8725353165343,-44.163087466654424],[170.86024366730862,-44.17700894978939],[170.8641997494175,-44.18426153324514],[170.8699619002132,-44.20685306604391],[170.87502881691972,-44.209441349463056],[170.88047460033255,-44.21989531660164],[170.88133765055684,-44.228756649761245],[170.8871064170825,-44.23176518263931],[170.89584564988002,-44.244864016084634],[170.8992945336073,-44.261454916667034],[170.90738486705627,-44.266290382634416],[170.91537164957236,-44.278040449330355],[170.92479693325683,-44.28289864998037],[170.9299074831731,-44.28908636629089],[170.93329826745764,-44.29905951617976],[170.9417527004645,-44.301284716504156],[170.9475577998612,-44.30633596673389],[170.94622326635954,-44.31843916624995],[170.95314913245733,-44.32367183338388],[170.96399279978723,-44.34982578373326],[170.964081249691,-44.35362031678646],[170.97719133340266,-44.371307383890986],[170.97719535010705,-44.374236382803176],[170.98540185005587,-44.376488799724235],[170.9933899667691,-44.38436905007883],[171.00124796695786,-44.39610258350723],[171.0131321003461,-44.39838284994837],[171.0213556166082,-44.39603510014497],[171.02908393324833,-44.3972581664467],[171.03740001718816,-44.39320295013389],[171.04295526595553,-44.39960783321596],[171.0434764334989,-44.4058519328496],[171.06001413301885,-44.409777299719785],[171.06510815078744,-44.41727871642829],[171.07595651643896,-44.423592166022196],[171.09353021580296,-44.429570849966204],[171.11728465026962,-44.44132213297058],[171.13413900091552,-44.455748483308135],[171.1394001818728,-44.464199249864265],[171.14747619600007,-44.466278074999934],[171.1607795905433,-44.47873092903529],[171.1608931134903,-44.47879501952812],[171.1716156010001,-44.482082365999986],[171.17663574200003,-44.486305235999964],[171.19999694800003,-44.49294280899994],[171.20544433600003,-44.49696198246711],[171.21241259398005,-44.50045101222192],[171.2170690172118,-44.496944766311614],[171.23714851736761,-44.471429633248015],[171.2516774165176,-44.45552731689129],[171.25824063239662,-44.445705983102236],[171.26102745542937,-44.43562866688895],[171.25637484988601,-44.42686979949048],[171.26505211654128,-44.41523136686123],[171.26039123500004,-44.406665800999974],[171.26271940007868,-44.395506966391835],[171.24789428700012,-44.38913726699997],[171.24487120025609,-44.38171739939771],[171.25145006671687,-44.37715491681182],[171.2521057130001,-44.371639251999966],[171.28040728409383,-44.342530449981254],[171.3334360830135,-44.29519071656297],[171.3463730028638,-44.28541564999995],[171.34411621100003,-44.27880477799994],[171.3566032328959,-44.27792591666569],[171.37585020049718,-44.265327466907515],[171.41865646655077,-44.23542961638734],[171.43907016698475,-44.22330216616491],[171.4793800666477,-44.20246728345202],[171.4999694820001,-44.192916869999976],[171.4949646010001,-44.183723449999945],[171.48661804200003,-44.18044280899994],[171.45494079600007,-44.16377639799998],[171.44541931100002,-44.15580367899997],[171.4416351310001,-44.14880371099997],[171.4295806890001,-44.138332365999986],[171.42703247100008,-44.12666702299998],[171.41580200200008,-44.11041641299994],[171.40710449200003,-44.10335922099995],[171.38789367700008,-44.075000762999935],[171.38204956100003,-44.05919265799997],[171.36413574200003,-44.04713821299998],[171.35079956100003,-44.03041839599996],[171.33914184600008,-44.022914886999956],[171.32872009300002,-44.01916503899997],[171.32211303700012,-44.009193419999974],[171.32642401968596,-44.00458317459014],[171.31323961601424,-43.9915499499662],[171.29992718381337,-43.96970021617483],[171.29587249922784,-43.952186266527114],[171.28941890019178,-43.94226013324153],[171.27566751588097,-43.9134279327098],[171.27247020036134,-43.89962681605324],[171.27380559977715,-43.893191483495976],[171.2630182995139,-43.86927396624226],[171.26484538306633,-43.86240888390702],[171.25853236636314,-43.85127010056979],[171.26186811651016,-43.83910241664778],[171.25766101741596,-43.83530440020438],[171.2591997170861,-43.824101482666414],[171.2637512500489,-43.81610814963867],[171.2595953672635,-43.813052650046515],[171.26016019984473,-43.80475786649209],[171.25050969988757,-43.80274526671592],[171.2542188492956,-43.79316981688479],[171.2497139165351,-43.790383416112604],[171.2452264658938,-43.77958153314469],[171.23805229930713,-43.77769329990172],[171.23884571677357,-43.76772361641948],[171.23338145015455,-43.76422636655023],[171.22224806645772,-43.76397198324461],[171.21263861639162,-43.75472819984043],[171.20162983374394,-43.74866323337801],[171.1948358337678,-43.748891732670735],[171.18300478289896,-43.739916632707654],[171.18223183357608,-43.733661416332986],[171.17616304978444,-43.73289823350921],[171.1510842661467,-43.738885332655826],[171.1428103341269,-43.73679138340911],[171.13075941577313,-43.72967671657052],[171.12145931752573,-43.72743426678262],[171.10284276644737,-43.71321233351546],[171.0851176331373,-43.71097875006638],[171.06935070091737,-43.70420561652546],[171.05476464971582,-43.701841783418736],[171.03254551751056,-43.70099754956787],[171.02553848381112,-43.6992615998664],[170.99431961728953,-43.68147046664216],[170.97282986670584,-43.67162716685453],[170.96676118315725,-43.667376682916704],[170.95133570003117,-43.64722116632119],[170.94477695074832,-43.63691489951359],[170.92323573378252,-43.62266099932946],[170.92482094937924,-43.615945883436005],[170.9005716837819,-43.58250754964197],[170.88125814907988,-43.55840941652935],[170.86786313288204,-43.546378283384726],[170.8540044495371,-43.53194100008045],[170.8319611338812,-43.527540099750965],[170.793619532876,-43.51708171683837],[170.77238000029783,-43.51600428281032],[170.75680273358267,-43.50862718340051],[170.7374590840668,-43.48960501653565],[170.72261048352493,-43.48247339957552],[170.70751544983844,-43.46924376651639],[170.70449405003575,-43.460976049915296],[170.69162396677294,-43.45218406651801],[170.68229009953347,-43.45198994986116],[170.65524930057433,-43.46166901626143],[170.64066295050162,-43.464118499509716],[170.63028436605796,-43.462046432611686],[170.6197899164035,-43.45486063388987],[170.61249246617928,-43.45565195019123],[170.61363111651252,-43.4649219330248],[170.60115065033307,-43.466597966698025],[170.59725498383557,-43.464091683302584]]]},"properties":{"shapeName":"Timaru District","shapeID":"76426892B42496743885166","shapeGroup":"NZL","shapeType":"ADM2"}},
{"type":"Feature","geometry":{"type":"Polygon","coordinates":[[[169.96393804917088,-43.791582616496385],[169.9513508168478,-43.79753936684507],[169.9447171670804,-43.80962453308363],[169.91924055023082,-43.82473969949982],[169.910022566559,-43.84425426653027],[169.91055971630848,-43.850801933501835],[169.90482585032814,-43.859260233238466],[169.9047020171731,-43.864126749516196],[169.89745393409956,-43.87278354996351],[169.89495318338464,-43.879821849846024],[169.87959678387514,-43.889106450120714],[169.87165493336852,-43.897420766558376],[169.8655396990734,-43.89930731664897],[169.85948033392447,-43.90674688296727],[169.85573185035537,-43.91873343257632],[169.84005063397737,-43.935197966474895],[169.82697321615382,-43.95952984966834],[169.82589099936163,-43.98112734980236],[169.82084061672344,-44.005898433119725],[169.8162477832335,-44.01679243329923],[169.81625813292285,-44.02875908310625],[169.82744339995804,-44.054846582969425],[169.8415862171994,-44.07362891673484],[169.8528673840526,-44.083025300608696],[169.86224403323675,-44.08848514955447],[169.87399443253392,-44.10092854948352],[169.87289974994954,-44.11090308314416],[169.8617693659145,-44.13143091653248],[169.84350118400954,-44.14522461622704],[169.84301848331754,-44.152811632920404],[169.86117791708978,-44.167670983253316],[169.86481920028874,-44.17550879933701],[169.86251643409835,-44.18031476676764],[169.87061463281904,-44.18317558317335],[169.877114833129,-44.19032034962984],[169.8789947829986,-44.20693120000331],[169.8773706327298,-44.21289816599763],[169.87970054983458,-44.22308691626018],[169.87712280028128,-44.23989808326279],[169.87776868359822,-44.25691171652612],[169.89055433345007,-44.270967816727],[169.90347643273896,-44.274952133305334],[169.91054103397082,-44.274584333151275],[169.92698175001246,-44.26921559974481],[169.9348457674479,-44.27172874949454],[169.93996653340517,-44.28453891673202],[169.95584443369563,-44.2847759832587],[169.96057456744805,-44.27822553323125],[169.96751153287616,-44.27723091670043],[169.98125551652413,-44.26895229960577],[169.98477658283346,-44.26352289994377],[169.99503465069162,-44.26516688283794],[169.99841229945454,-44.26123928314977],[170.0140645666324,-44.27028688258939],[170.02749826741075,-44.26822636652601],[170.05842538382467,-44.27954671606803],[170.0749491327475,-44.28314904979766],[170.0860880159803,-44.28357171679745],[170.0919242833299,-44.28758586640837],[170.1060155829689,-44.289886033190875],[170.11438576717023,-44.29528629998329],[170.13560923325286,-44.30301529937871],[170.15341020021583,-44.31466689991547],[170.1650352169509,-44.3198142668257],[170.1776804842032,-44.330083433370795],[170.18007089998832,-44.33466228321687],[170.19117416718242,-44.34464708287583],[170.20348896700867,-44.34974675002929],[170.20680163319736,-44.37092750000988],[170.20266388348833,-44.3830486998558],[170.2078202169368,-44.39468303306455],[170.22308698306452,-44.41832455016039],[170.22255858306062,-44.43707461692496],[170.21512318333214,-44.443263966744844],[170.21726601725015,-44.45774073311975],[170.2204286330679,-44.466069533552925],[170.22676923333606,-44.46442903307077],[170.4106015664802,-44.384346316428484],[170.5727318665995,-44.31296886623957],[170.5729384330279,-44.31725024963944],[170.5850877340891,-44.32861903328983],[170.59031814944265,-44.34385548328395],[170.6049441675655,-44.352109099821696],[170.61971285000047,-44.35274196656243],[170.63559316650813,-44.35022919979931],[170.63699254921198,-44.357638466438736],[170.6436347508581,-44.36439983323772],[170.6442024841695,-44.372124483508976],[170.65851503355827,-44.3837017495045],[170.73571908330325,-44.38421553309138],[170.73726401761107,-44.395549532734606],[170.7483470506404,-44.40915506651349],[170.75180076639057,-44.41782819988811],[170.75720335057815,-44.42152228329899],[170.76471128375027,-44.43738828275803],[170.77051810085635,-44.442205566730316],[170.80264876667903,-44.43627021644823],[170.78170358348996,-44.4175933501642],[170.78050353313975,-44.41137354965873],[170.78508455052201,-44.40707899956154],[170.78837165001485,-44.39318023348352],[170.78528581612682,-44.39187840039118],[170.7876310331248,-44.375519849507455],[170.7923525165944,-44.36895061707965],[170.80671193306222,-44.35966419987063],[170.81201773348326,-44.35400009985753],[170.82132273364775,-44.3552079827634],[170.83408626624947,-44.35282136663852],[170.84135889992888,-44.34830310030154],[170.84270128409014,-44.33861016660479],[170.861605416428,-44.33099134983033],[170.87424558399363,-44.33140686679539],[170.88221281666299,-44.32799273349635],[170.91352013420465,-44.33327386635947],[170.91273831663506,-44.336024482751526],[170.9234605840622,-44.342805399840096],[170.93278748420505,-44.363523100146516],[170.94767164928263,-44.36381059988797],[170.962458083532,-44.370670866895836],[170.97719535010705,-44.374236382803176],[170.97719133340266,-44.371307383890986],[170.964081249691,-44.35362031678646],[170.96399279978723,-44.34982578373326],[170.95314913245733,-44.32367183338388],[170.94622326635954,-44.31843916624995],[170.9475577998612,-44.30633596673389],[170.9417527004645,-44.301284716504156],[170.93329826745764,-44.29905951617976],[170.9299074831731,-44.28908636629089],[170.92479693325683,-44.28289864998037],[170.91537164957236,-44.278040449330355],[170.90738486705627,-44.266290382634416],[170.8992945336073,-44.261454916667034],[170.89584564988002,-44.244864016084634],[170.8871064170825,-44.23176518263931],[170.88133765055684,-44.228756649761245],[170.88047460033255,-44.21989531660164],[170.87502881691972,-44.209441349463056],[170.8699619002132,-44.20685306604391],[170.8641997494175,-44.18426153324514],[170.86024366730862,-44.17700894978939],[170.8725353165343,-44.163087466654424],[170.86762885075854,-44.152987782994565],[170.8704217662312,-44.13836709959792],[170.8844727828103,-44.140330199585385],[170.88723751710714,-44.145570833244264],[170.89981761646456,-44.149741882654794],[170.9079217170256,-44.14978533267739],[170.91273163401414,-44.16032626692647],[170.9267289661256,-44.16101245004632],[170.94017159961876,-44.16788681644912],[170.96372918418416,-44.1671828828099],[170.98143271710867,-44.1736938166232],[170.99153456664584,-44.17362609958346],[170.99776776696822,-44.16535683270558],[170.99533295018242,-44.15734421680437],[171.00198446658817,-44.14508186692359],[170.99952769998407,-44.135338383366],[170.98924176689613,-44.12196629966605],[170.98263624922296,-44.1081715497354],[170.98319091719893,-44.101411266167716],[170.98048888328364,-44.08662125017169],[170.97626384982806,-44.08345554932946],[170.9820997497703,-44.07674583335819],[170.97918280005032,-44.06667133340623],[170.96745506647326,-44.06442499998474],[170.9767525998654,-44.059493616597436],[170.97895130056588,-44.053662949893074],[170.98864826715027,-44.042272300084406],[170.97505185000975,-44.032423383674065],[170.96572726748605,-44.028074699819],[170.9625909005121,-44.02294108283653],[170.96989210027076,-44.01928778345099],[170.9437924827692,-44.007684182689765],[170.95217046644487,-44.00429691619307],[170.95440986599039,-43.999899716829034],[170.9683489498744,-43.993104433174715],[170.9659715168479,-43.98108008316013],[170.969317811195,-43.965806770601155],[170.99120146719855,-43.96515956663668],[170.988957066229,-43.956571833472296],[170.99407996640127,-43.948141666509805],[170.98429868243147,-43.941046366448454],[170.98483450031836,-43.92360111730332],[170.9913404753895,-43.9205584974089],[171.00720686652508,-43.93537469946777],[171.01489396181822,-43.94058356037535],[171.01163736641485,-43.944687632864614],[171.03150968260562,-43.95875913385127],[171.05440805073968,-43.95766308319336],[171.05999168404537,-43.960864550197314],[171.07620956629287,-43.960678466640495],[171.08355594991897,-43.95852509982712],[171.08261759963307,-43.95136493342896],[171.09281926584205,-43.93488666648175],[171.10345688409103,-43.930997100181514],[171.1183040341479,-43.931971816551155],[171.12624025049408,-43.92987503308379],[171.14095878352904,-43.93270876675428],[171.15075656658794,-43.93271021708729],[171.1589843004602,-43.92920689944779],[171.17626709983554,-43.92755775005684],[171.18133456660993,-43.92248534933064],[171.17509201639962,-43.919255999566715],[171.17060871697052,-43.90298346657742],[171.17108996734297,-43.89465863292815],[171.1842659835545,-43.892747666196215],[171.20204096648072,-43.89283465013563],[171.20876511647197,-43.90060921653832],[171.21712411684612,-43.89983128293638],[171.21809159975624,-43.88983318336944],[171.222716233141,-43.888295516145334],[171.2175662665977,-43.87801098292448],[171.21561018308188,-43.85874408304619],[171.2192975000844,-43.854895083477814],[171.21068346676765,-43.847073517000126],[171.2088439835869,-43.84139398318079],[171.19627174930451,-43.834175816413435],[171.19220716759511,-43.82763713290624],[171.1839451664447,-43.82604128389536],[171.1765806669276,-43.81232691677029],[171.16817883308252,-43.80621069941247],[171.15331611756008,-43.80785961689613],[171.1447897990962,-43.79952988330844],[171.14457198409525,-43.79138326651649],[171.13877359949012,-43.779819383179905],[171.13346340078002,-43.781895100203684],[171.1164227497903,-43.78219136641692],[171.1086235997861,-43.774997216561594],[171.10069208321102,-43.77393686661087],[171.09140984986132,-43.766725116909825],[171.08696085068092,-43.75482734983363],[171.06499916656384,-43.75137049963072],[171.05000611704224,-43.75881536667734],[171.03957650072684,-43.75260983316793],[171.02579156647366,-43.74842701679387],[171.00790215037384,-43.748614016845444],[170.9980516675521,-43.75210663338757],[170.9917814330087,-43.75918829933565],[170.97420033299596,-43.769823266904716],[170.94919023401422,-43.77772353274843],[170.9418097839415,-43.78328945020754],[170.92978856687859,-43.782652866874],[170.91142735075644,-43.78950329982886],[170.91715973331188,-43.79881010020118],[170.9148565827465,-43.804697149501735],[170.9018454502258,-43.80602143333191],[170.8891486504994,-43.80393169989442],[170.8827714830687,-43.81173664971797],[170.87050083318576,-43.81177470005274],[170.86150300014134,-43.80882388269715],[170.85097526628147,-43.800303916311876],[170.8537157673824,-43.78639161641828],[170.84155598284906,-43.78028861638028],[170.82062674987472,-43.77606405006921],[170.81109811718372,-43.776480816635335],[170.80686655007983,-43.78341881670283],[170.78422388406867,-43.77539079941155],[170.77815665050122,-43.79377591660439],[170.7710985497029,-43.79960011642108],[170.76982526716307,-43.810243266191264],[170.76094581677205,-43.81778574945716],[170.75004916645003,-43.81744629989362],[170.73790609960076,-43.81424524955568],[170.72943548381033,-43.81541361678507],[170.71556983290213,-43.80553295044039],[170.72095293252247,-43.800156566760734],[170.72323340071054,-43.79220171683014],[170.72897708353656,-43.78718978332788],[170.73732620011478,-43.770193766879544],[170.73761193274677,-43.76439098265175],[170.73198825006375,-43.76063296676539],[170.71977764975773,-43.762031250186844],[170.7089291669726,-43.76551191682897],[170.69974741754032,-43.75851158300923],[170.68601823341336,-43.741702449341574],[170.6918233339946,-43.737241883165744],[170.69395878418274,-43.72606961648879],[170.68397173341555,-43.71840873304494],[170.68555038401146,-43.71164539942385],[170.69687268243285,-43.70161919957396],[170.6979443669863,-43.69608249944172],[170.69310951685054,-43.68753039982257],[170.7090644994526,-43.673471249490945],[170.70238034941136,-43.66782113343923],[170.71238354996564,-43.6556179830209],[170.7077325668222,-43.65096568276801],[170.711180650268,-43.64367989977065],[170.7247394503968,-43.634768366298374],[170.7305633668111,-43.62235464945902],[170.74124260082996,-43.60979398344945],[170.73672829918414,-43.600630316013],[170.7288926672184,-43.5956610162814],[170.72272073263665,-43.58782093315558],[170.71822961756692,-43.57437898337271],[170.73006501683514,-43.56453511665169],[170.72750973324713,-43.55583956607155],[170.71112578400917,-43.55279006654337],[170.69851049987713,-43.554200399719036],[170.69134464953441,-43.54854609931798],[170.68002369971737,-43.54697025011048],[170.67333931746046,-43.54278788336776],[170.66294263293304,-43.54483209969924],[170.65078213308277,-43.53390399943135],[170.6387192166094,-43.52862433294708],[170.63856488266754,-43.51555083320876],[170.62594969976192,-43.50682101662542],[170.62607729988017,-43.48856811625539],[170.6061529673411,-43.48579704988827],[170.5983500162661,-43.478490583399115],[170.59078391745646,-43.476458682685234],[170.58851221747037,-43.468321133252424],[170.59725498383557,-43.464091683302584],[170.6032838165371,-43.4506402831994],[170.61417599941905,-43.44376141685353],[170.61557510049303,-43.43152125009472],[170.60262649927608,-43.43062680005221],[170.59231201722645,-43.434014166626106],[170.581029033085,-43.430378933319496],[170.58362550003227,-43.42221765015467],[170.5721830336783,-43.4192021499021],[170.55666866668028,-43.424152032955746],[170.5470872160956,-43.42215954934239],[170.54385354943048,-43.41828076662228],[170.52896188352886,-43.410302382775065],[170.51784655077137,-43.42379769971689],[170.5107739167151,-43.42852131607495],[170.4968775997482,-43.426613633429696],[170.47536318386494,-43.43310976644615],[170.47128048414862,-43.44149489946467],[170.46069440029763,-43.451403450142955],[170.4597688498928,-43.46050928349876],[170.4356049159831,-43.46488681649141],[170.4274081660759,-43.47348149979006],[170.4196443824284,-43.476746699467846],[170.41077771743247,-43.48784793261794],[170.39529185071248,-43.49805060004275],[170.35603928320563,-43.50614619929737],[170.34627105037166,-43.50022415004798],[170.33482218244538,-43.49796176685737],[170.33398840028494,-43.49192748279014],[170.3272691164359,-43.482291900003545],[170.3228614340501,-43.490349300068786],[170.29986939989053,-43.50147208293996],[170.28048496679506,-43.50702011671986],[170.2656869499718,-43.51299874948122],[170.2548076839232,-43.51115554987118],[170.23842121714003,-43.51382701615255],[170.22085248388365,-43.524838199584636],[170.21939276717436,-43.529808482805144],[170.202869800568,-43.54123140002832],[170.20372481599372,-43.547237350026215],[170.1985811499405,-43.553105716205174],[170.18269791723867,-43.561280699466884],[170.16893416675762,-43.560094750608236],[170.15740956691062,-43.56547479934227],[170.15784191646742,-43.57151626683436],[170.1463878660007,-43.57407053276174],[170.1398157003057,-43.58944961622497],[170.1245776668539,-43.58724826643643],[170.115491434185,-43.58889859998217],[170.09813141727608,-43.59547938327556],[170.0930209659225,-43.599736333325],[170.09216884946963,-43.60664910010956],[170.0976862000967,-43.61156311647914],[170.09356863346477,-43.626459466627836],[170.0981346665885,-43.629472199531506],[170.1011701330042,-43.63912838328745],[170.09369006611882,-43.65072609953049],[170.0914077499565,-43.66037316677683],[170.07114878345095,-43.67342931654584],[170.05970611674707,-43.67880281686831],[170.04165841728602,-43.68247443368695],[170.02811466590026,-43.69123701681288],[170.03015856698028,-43.69743133271557],[170.02292228324347,-43.70587973312329],[170.02822276641007,-43.712726749664526],[170.02943786654114,-43.724524350037775],[170.0133162840015,-43.73208131620717],[170.00665186658244,-43.74052846665301],[169.99824378415877,-43.74119313290741],[169.9809985505991,-43.74590229961519],[169.97659285087192,-43.7511464164341],[169.9846937335654,-43.759386000066804],[169.97069559984567,-43.77268110044704],[169.97519618305336,-43.78159733298455],[169.97280915088038,-43.78715968272397],[169.96393804917088,-43.791582616496385]]]},"properties":{"shapeName":"Mackenzie District","shapeID":"76426892B16622223508882","shapeGroup":"NZL","shapeType":"ADM2"}},
{"type":"Feature","geometry":{"type":"Polygon","coordinates":[[[170.97719535010705,-44.374236382803176],[170.962458083532,-44.370670866895836],[170.94767164928263,-44.36381059988797],[170.93278748420505,-44.363523100146516],[170.9234605840622,-44.342805399840096],[170.91273831663506,-44.336024482751526],[170.91352013420465,-44.33327386635947],[170.88221281666299,-44.32799273349635],[170.87424558399363,-44.33140686679539],[170.861605416428,-44.33099134983033],[170.84270128409014,-44.33861016660479],[170.84135889992888,-44.34830310030154],[170.83408626624947,-44.35282136663852],[170.82132273364775,-44.3552079827634],[170.81201773348326,-44.35400009985753],[170.80671193306222,-44.35966419987063],[170.7923525165944,-44.36895061707965],[170.7876310331248,-44.375519849507455],[170.78528581612682,-44.39187840039118],[170.78837165001485,-44.39318023348352],[170.78508455052201,-44.40707899956154],[170.78050353313975,-44.41137354965873],[170.78170358348996,-44.4175933501642],[170.80264876667903,-44.43627021644823],[170.77051810085635,-44.442205566730316],[170.76471128375027,-44.43738828275803],[170.75720335057815,-44.42152228329899],[170.75180076639057,-44.41782819988811],[170.7483470506404,-44.40915506651349],[170.73726401761107,-44.395549532734606],[170.73571908330325,-44.38421553309138],[170.65851503355827,-44.3837017495045],[170.6442024841695,-44.372124483508976],[170.6436347508581,-44.36439983323772],[170.63699254921198,-44.357638466438736],[170.63559316650813,-44.35022919979931],[170.61971285000047,-44.35274196656243],[170.6049441675655,-44.352109099821696],[170.59031814944265,-44.34385548328395],[170.5850877340891,-44.32861903328983],[170.5729384330279,-44.31725024963944],[170.5727318665995,-44.31296886623957],[170.4106015664802,-44.384346316428484],[170.22676923333606,-44.46442903307077],[170.2204286330679,-44.466069533552925],[170.20733695028912,-44.47510223293368],[170.21103249953674,-44.48591356697555],[170.20075546675923,-44.48972718346275],[170.19716523326426,-44.49506218357483],[170.199823083271,-44.50403298357456],[170.20067708293215,-44.518785149673484],[170.20299401685085,-44.52826950039058],[170.2094013827079,-44.53489648362275],[170.2048572661503,-44.5390247329635],[170.1967954669248,-44.53696975034149],[170.19239569963526,-44.54192290037524],[170.19786568302123,-44.54736984981043],[170.20877333350055,-44.55179328343563],[170.20410233379627,-44.565271183066514],[170.19276849958976,-44.56755754998234],[170.1852184661604,-44.57613830001317],[170.1908720825878,-44.587737983189385],[170.2003486334206,-44.5908787326767],[170.21526971606667,-44.60217498307879],[170.2375215331137,-44.61479140003873],[170.27440630082998,-44.612234566551905],[170.30739486678857,-44.6303075498404],[170.33106398307962,-44.637680216148254],[170.3553903670614,-44.65527460001802],[170.36047856643438,-44.666309866515974],[170.37618098342494,-44.661728150155206],[170.3872086658073,-44.66892668314296],[170.40007270036517,-44.67373474983124],[170.42720933412238,-44.6876430662174],[170.43660283401152,-44.69643808283949],[170.4534680007697,-44.701575399817415],[170.4604638005328,-44.71700683274505],[170.47289918326655,-44.72573069936452],[170.48035481643268,-44.73571798348567],[170.49742021664173,-44.74592340039875],[170.52143881651745,-44.764587016021636],[170.5379993659211,-44.784305533271606],[170.5512474000224,-44.79485586602787],[170.57158671637515,-44.804656400077484],[170.57991688371814,-44.81317428336318],[170.59592683343558,-44.818816982821794],[170.61075673400302,-44.821413849793935],[170.6313221840081,-44.82878605011226],[170.67479276666563,-44.83698306662904],[170.69838470069755,-44.844399716623634],[170.7207351333663,-44.84907266648674],[170.74628460081362,-44.858754333692964],[170.77497970006613,-44.867053666326164],[170.78766441691187,-44.87282256697438],[170.82694525040046,-44.883543133190344],[170.8560444171842,-44.88577466678999],[170.8721773000417,-44.89325501605048],[170.8862625373854,-44.89167647587051],[170.8883361820001,-44.88961029099994],[170.904968262,-44.88961029099994],[170.92080688500005,-44.893806455999936],[170.93833923300008,-44.89374923699995],[170.9566650390001,-44.90375137399997],[170.99417114200003,-44.90961074699993],[171.0000000000001,-44.91208267099995],[171.01997375500002,-44.91294479399994],[171.07080078100012,-44.920471189999944],[171.1016387940001,-44.928722379999954],[171.11451182177805,-44.929735549044224],[171.11694243732467,-44.930041481053436],[171.13916015600012,-44.93624877999997],[171.14689738545715,-44.93529960716288],[171.15892266651775,-44.9078510328426],[171.16795435042448,-44.87617306642576],[171.17251085073357,-44.84909278385864],[171.174237300278,-44.82690666677532],[171.17238151577624,-44.769838249698644],[171.16986898363623,-44.72765124995982],[171.16663498296984,-44.70256346634286],[171.16563808244405,-44.68168054998925],[171.16044616700003,-44.658332824999945],[171.16041564900002,-44.64752960199996],[171.15747070300006,-44.626277923999965],[171.16015132819916,-44.62203572022829],[171.1649914835749,-44.59337241650226],[171.16943748392035,-44.57686621710344],[171.1752513164591,-44.564445650163904],[171.19610457972095,-44.52627136252263],[171.21036437168047,-44.50493685088617],[171.19747924800004,-44.49877929599995],[171.1874694820001,-44.49708175699993],[171.171646118,-44.49041748099995],[171.16499328700002,-44.48544311599994],[171.15164184500009,-44.481250761999945],[171.1408538820001,-44.47297286999998],[171.1394001818728,-44.464199249864265],[171.13413900091552,-44.455748483308135],[171.11728465026962,-44.44132213297058],[171.09353021580296,-44.429570849966204],[171.07595651643896,-44.423592166022196],[171.06510815078744,-44.41727871642829],[171.06001413301885,-44.409777299719785],[171.0434764334989,-44.4058519328496],[171.04295526595553,-44.39960783321596],[171.03740001718816,-44.39320295013389],[171.02908393324833,-44.3972581664467],[171.0213556166082,-44.39603510014497],[171.0131321003461,-44.39838284994837],[171.00124796695786,-44.39610258350723],[170.9933899667691,-44.38436905007883],[170.98540185005587,-44.376488799724235],[170.97719535010705,-44.374236382803176]]]},"properties":{"shapeName":"Waimate District","shapeID":"76426892B45923139634861","shapeGroup":"NZL","shapeType":"ADM2"}},
{"type":"Feature","geometry":{"type":"MultiPolygon","coordinates":[[[[-176.21990951233835,-44.225439666927606],[-176.23647072719905,-44.2406211356968],[-176.25472299467245,-44.24069266691804],[-176.262338861165,-44.2468934541406],[-176.25481266533984,-44.24934391933404],[-176.24919976755405,-44.25787248709041],[-176.24361805558667,-44.258283285810016],[-176.23852672490287,-44.2646523693877],[-176.24204655797212,-44.274114002999575],[-176.2582666342245,-44.2779378642219],[-176.26204353107568,-44.28475822099077],[-176.25530665183763,-44.289317986567966],[-176.26033534918994,-44.298175370756816],[-176.25972973297246,-44.3045011701889],[-176.25234862146772,-44.3104105033957],[-176.26117306641777,-44.32342750362018],[-176.24898345707425,-44.326895169416346],[-176.24721165867422,-44.33465266936384],[-176.25455583801678,-44.339674503390405],[-176.2559692708916,-44.34522436969895],[-176.23880004799997,-44.34583282299997],[-176.22795104999997,-44.34000015199996],[-176.23046874999997,-44.33583450399993],[-176.22259425521236,-44.33236811869165],[-176.21377563499996,-44.333362577999935],[-176.21170043899997,-44.32872390799997],[-176.20291137599997,-44.32422256299998],[-176.20378112799997,-44.31919479399994],[-176.19804237661504,-44.31458790110568],[-176.20124816799998,-44.305000305999954],[-176.18653194100514,-44.28828590027776],[-176.17215871588414,-44.27926739986208],[-176.1581422757286,-44.27345534276014],[-176.16172790499996,-44.26458358799994],[-176.16752624499998,-44.26461028899996],[-176.18838500999996,-44.24544525199997],[-176.19836425799997,-44.23127746399996],[-176.2081659772284,-44.22637994430098],[-176.21990951233835,-44.225439666927606]]],[[[-176.6197242641093,-43.69758640566401],[-176.62971993245628,-43.70223671989715],[-176.64033044499394,-43.703652370302656],[-176.63480949710285,-43.7101964205284],[-176.63849275104337,-43.71474785072497],[-176.6315271658621,-43.721437820237504],[-176.63442166534705,-43.72882297045403],[-176.64999389699997,-43.743778228999986],[-176.66143572598494,-43.749091537923064],[-176.70672607399996,-43.75875091599994],[-176.74092101999997,-43.76791763299997],[-176.77336120599998,-43.764556884999934],[-176.79753112799997,-43.75791549699994],[-176.80999755899998,-43.74627685599995],[-176.82006371810596,-43.75293566731945],[-176.8207865290223,-43.75700606033171],[-176.811309815,-43.76416778399994],[-176.80883788999998,-43.77669524999993],[-176.81087501708927,-43.784314560115185],[-176.81669616599999,-43.78710937499994],[-176.83253478999998,-43.789585113999976],[-176.85502624499998,-43.78877639799998],[-176.87085284356246,-43.79373724422879],[-176.87753291197862,-43.799511062240484],[-176.8719877800134,-43.80596844519823],[-176.87813814754594,-43.81048877342099],[-176.87483112912852,-43.817360411648295],[-176.89288623972223,-43.823639729276636],[-176.8747854307541,-43.83082901177208],[-176.87823442957853,-43.839802478564124],[-176.86726521565717,-43.83636119549434],[-176.852317570515,-43.84327547804739],[-176.8476897232853,-43.835547378214024],[-176.83429984402952,-43.8401377275096],[-176.8174209995057,-43.841416126585415],[-176.79036282067636,-43.8371285912302],[-176.79710388199996,-43.82836151199996],[-176.79595833996902,-43.821707709248614],[-176.77798922996837,-43.825641041754565],[-176.75930323711407,-43.828120107791605],[-176.75559497062878,-43.831643841343556],[-176.74434034158065,-43.827073440746005],[-176.72924576445124,-43.830207939880125],[-176.71702385112454,-43.82961273199993],[-176.70672607399996,-43.825416564999955],[-176.70381164399998,-43.82083511199994],[-176.7096726844884,-43.81428719425895],[-176.70608568923402,-43.80773894018805],[-176.68878173799996,-43.81422042899993],[-176.68960571299996,-43.80083465599995],[-176.68057548253697,-43.802779488172916],[-176.6723561986882,-43.807733291257954],[-176.667144776,-43.79752731399998],[-176.66250153874128,-43.79759465410088],[-176.65793822443229,-43.80771512096209],[-176.64585876299998,-43.802944182999966],[-176.64065549743628,-43.810270320727305],[-176.629244953462,-43.808410986447576],[-176.62410725490724,-43.811391569994186],[-176.60880342796153,-43.811849702819345],[-176.5809209741971,-43.83792350094825],[-176.57151831117508,-43.84789403467221],[-176.54640733975197,-43.88298506726259],[-176.54253395900753,-43.8961993159172],[-176.5438160415884,-43.901048100045266],[-176.53674837885035,-43.90774331584159],[-176.53305264814887,-43.922578949001746],[-176.53425439784112,-43.93785741596631],[-176.54043069420734,-43.94627846625934],[-176.54985684081794,-43.952126917172386],[-176.55996704099996,-43.95375060899994],[-176.56799749427532,-43.94229918825021],[-176.5758430957068,-43.94953618412973],[-176.57365243055597,-43.953064284307345],[-176.57919354598428,-43.961898251236896],[-176.59723965460864,-43.96805716789902],[-176.61564724769144,-43.97654268540457],[-176.62088826301016,-43.982040519197454],[-176.63270732292708,-43.98488249002872],[-176.63755798299997,-43.989582061999954],[-176.6644238282515,-44.00263830387252],[-176.68184750461603,-44.00826007125384],[-176.6780780228451,-44.015749704899726],[-176.6804212564968,-44.02218398811251],[-176.67105936031413,-44.029340253938486],[-176.6635350298529,-44.040152370329814],[-176.65534308360222,-44.04220837065295],[-176.65863988207096,-44.04727572037938],[-176.6559541339482,-44.05720943674015],[-176.65971812716558,-44.070760125060346],[-176.647588237757,-44.07567971992373],[-176.64297485399996,-44.09169387899993],[-176.6439302801292,-44.10434140596151],[-176.63294982899998,-44.11000060899994],[-176.63236567760862,-44.121130934216865],[-176.62002563499996,-44.11964035099993],[-176.61357342039992,-44.12576126867947],[-176.60136984645408,-44.1248661102762],[-176.5934444784605,-44.12904786707327],[-176.58419799799998,-44.12625121899998],[-176.57835388199996,-44.13047409],[-176.55752563399997,-44.122943877999944],[-176.55339050299997,-44.11711120499996],[-176.540023804,-44.11041641299994],[-176.52838134799998,-44.09791564799997],[-176.51672363099996,-44.09711074799998],[-176.50582885799997,-44.087917327999946],[-176.49395307124882,-44.088107985866166],[-176.48294067299997,-44.076667784999984],[-176.46421221720357,-44.07205264568521],[-176.44932777428357,-44.065107879186975],[-176.41859043895317,-44.061755711165375],[-176.39505004899996,-44.053779600999974],[-176.37891253609794,-44.05793022352142],[-176.36649832781765,-44.05795989684974],[-176.34753417899998,-44.05127716099997],[-176.32878112799997,-44.04916763199998],[-176.33128356899996,-44.03752899099993],[-176.33614999385878,-44.03266809053128],[-176.34588622999996,-44.03377914299995],[-176.355895996,-44.025417327999946],[-176.37922668499996,-44.02377700799997],[-176.39877319299998,-44.009193419999974],[-176.41377258299997,-43.980026244999976],[-176.41627502499998,-43.968387603999986],[-176.41883850099998,-43.93500137199993],[-176.42211321544772,-43.93132741182283],[-176.43109862818142,-43.94134691169322],[-176.42965451397578,-43.962724461708135],[-176.43594289352512,-43.9677449785463],[-176.4541470685258,-43.96540251312344],[-176.48238760510506,-43.95344866440588],[-176.4854110025696,-43.945802830910075],[-176.47133377629402,-43.92771753047354],[-176.4768619068431,-43.921067646933835],[-176.474022756997,-43.91618351368469],[-176.48680641764855,-43.908051730781054],[-176.49144078183107,-43.90202043145601],[-176.50158336019922,-43.89692913112931],[-176.51345360505138,-43.886660698749886],[-176.51272512228894,-43.883476848412336],[-176.52235799995006,-43.87036049909087],[-176.52423501538593,-43.856276549524935],[-176.52134193317974,-43.84818188242233],[-176.50767705593168,-43.83985996565827],[-176.4949705106004,-43.8240938981725],[-176.48388669945382,-43.82191048099165],[-176.4762996189408,-43.825193681107756],[-176.4668321729174,-43.8159903136753],[-176.45529454531794,-43.81329522958354],[-176.44687781652576,-43.80808216298067],[-176.44988023041108,-43.80325386276026],[-176.46340164153798,-43.80153394684405],[-176.48010650061792,-43.80367396410938],[-176.48841012884557,-43.8024098481135],[-176.49816514110228,-43.79751428203445],[-176.52272988083757,-43.799219733003575],[-176.5412867553889,-43.793055099526356],[-176.54623698650389,-43.78751231708678],[-176.5458886535608,-43.78220765051537],[-176.55546389890125,-43.780270133779474],[-176.56181699568782,-43.773391751181016],[-176.5606287966104,-43.76070103389748],[-176.55654889724323,-43.754099000240004],[-176.54984926749884,-43.75246206679973],[-176.55039336694168,-43.738907600455825],[-176.53738390526104,-43.738339333717114],[-176.5167443809551,-43.743030516060124],[-176.50409568720718,-43.75303556610857],[-176.50519122079513,-43.761402582460995],[-176.49998652301318,-43.76390166483295],[-176.48762649444933,-43.75617798140883],[-176.4770469166618,-43.747179164192296],[-176.45479742605121,-43.75146491361687],[-176.43585161878173,-43.75082609577732],[-176.39966365252295,-43.765282927965195],[-176.38800495937937,-43.7728946440118],[-176.3781699484679,-43.78614409413753],[-176.39641720654026,-43.816577843742195],[-176.40111838785893,-43.82167322811533],[-176.40346573786888,-43.8324825278377],[-176.40852900227782,-43.84085091090182],[-176.4237256126495,-43.84875702823009],[-176.4243734783403,-43.85424991197857],[-176.41870719816396,-43.8697702447448],[-176.41671251657618,-43.888696112044684],[-176.41977153176015,-43.89989231143521],[-176.42647136277725,-43.90796812850168],[-176.4290250784312,-43.91744139539522],[-176.41996431573054,-43.918216612186775],[-176.41714477499997,-43.91419601499996],[-176.41627502499998,-43.90252685399997],[-176.40960693399998,-43.88166808999995],[-176.40380859399997,-43.869167327999946],[-176.38708496099997,-43.844223022999984],[-176.375061035,-43.824611662999985],[-176.33839416399996,-43.789585113999976],[-176.312561035,-43.77210998399994],[-176.29919433599997,-43.766250610999975],[-176.28504943699997,-43.76208496099997],[-176.26171874999997,-43.75960922199994],[-176.24916076499997,-43.76627731199994],[-176.23971721855997,-43.75123517160795],[-176.22583007799997,-43.741249083999946],[-176.20152249569264,-43.73832563294649],[-176.20825612646615,-43.72927309287418],[-176.21356141540232,-43.733661487064836],[-176.22749328599997,-43.73541641299994],[-176.23669433599997,-43.730445860999964],[-176.24749755699997,-43.73127746499995],[-176.261779785,-43.73794555499995],[-176.26960754399997,-43.73336029099994],[-176.28022976262434,-43.74345692285163],[-176.28960694189664,-43.74338642323777],[-176.3001261528632,-43.74816647441511],[-176.32586669899996,-43.74713897699996],[-176.3359737184894,-43.73724973825753],[-176.3523716087388,-43.736881126518036],[-176.35277965909,-43.73991114306361],[-176.37080383299997,-43.74625015099997],[-176.40054633622563,-43.74378085038488],[-176.42395242401085,-43.748149912205704],[-176.44589233399998,-43.747943877999944],[-176.48585510299998,-43.739612577999935],[-176.49339294399996,-43.73541641299994],[-176.50166320799997,-43.723751067999956],[-176.51255798299997,-43.72544479399994],[-176.54669189499998,-43.72130584599995],[-176.54919433599997,-43.71627807599998],[-176.56758117599998,-43.71291732699996],[-176.57683202900841,-43.70698778053716],[-176.59175109799997,-43.707111356999974],[-176.61091613799996,-43.703750610999975],[-176.6197242641093,-43.69758640566401]]]]},"properties":{"shapeName":"Chatham Islands Territory","shapeID":"76426892B18906871273548","shapeGroup":"NZL","shapeType":"ADM2"}},
{"type":"Feature","geometry":{"type":"Polygon","coordinates":[[[169.69933663417441,-43.96354628302983],[169.70217149994198,-43.973921783385876],[169.6995939835531,-43.98056326643035],[169.7039788172397,-43.98399526667886],[169.71111379954328,-43.999047099688255],[169.7059313163855,-44.004375166303966],[169.707645717078,-44.01656984972046],[169.71963078242987,-44.03458511658852],[169.7170374164176,-44.0382773159809],[169.70227298355286,-44.04105425025951],[169.6866490166435,-44.041574349264806],[169.68098299983225,-44.04865268313284],[169.68268653341713,-44.05571238322727],[169.6796984833302,-44.0616488494559],[169.68217446612155,-44.06802546671513],[169.66654724906203,-44.0682351993895],[169.65754663345325,-44.07812901666247],[169.66252621755342,-44.085172499572316],[169.66123529914498,-44.091502449410385],[169.65492181595587,-44.09285936617761],[169.64043765042544,-44.10482848321041],[169.63630141703476,-44.1145168660352],[169.63645296601524,-44.12147976601388],[169.62497129974778,-44.12248121591234],[169.6191179671918,-44.13332538299223],[169.62065391674102,-44.13961541663538],[169.60318971654254,-44.147346366369675],[169.5995297502133,-44.15075115053513],[169.60582318348574,-44.15851884955642],[169.59755268320208,-44.1606332665693],[169.58558221635298,-44.16687143269214],[169.58128786711154,-44.17262793280671],[169.57106993386537,-44.17722914997736],[169.56175990090483,-44.1941812493503],[169.55864448393402,-44.20557734935508],[169.5433238667758,-44.2074743495155],[169.5434583168554,-44.216360115928005],[169.54839746625908,-44.22744794946161],[169.5704630673976,-44.23673219933922],[169.57693558387123,-44.24964731616475],[169.58050033320046,-44.252069432764586],[169.5782716832886,-44.268121082522974],[169.57316305023386,-44.279884416555866],[169.57478081654943,-44.28416704932562],[169.57111348232718,-44.29623888362608],[169.5744144007275,-44.29938546636222],[169.57236261729358,-44.31340653321352],[169.56839701613276,-44.319315783403475],[169.57122884906474,-44.333227383264415],[169.57843481750913,-44.33744966668611],[169.5771008166301,-44.34566578314638],[169.56791288410784,-44.35413328312274],[169.57085399990473,-44.35824981624147],[169.56578531581283,-44.37238038313003],[169.5567122838138,-44.38095399986592],[169.55915289916342,-44.38961981699672],[169.56655413263414,-44.39731688251341],[169.56526380062823,-44.403085699456874],[169.55147073236137,-44.413672933355855],[169.54588436747727,-44.42266239959981],[169.5560936007736,-44.43779143297209],[169.54249753384963,-44.44860020006129],[169.56222445070802,-44.46011183324451],[169.57885395001824,-44.462085399893276],[169.5902761659579,-44.459150300035624],[169.6054300659688,-44.463574733205405],[169.61495483386494,-44.460587632877484],[169.63368564988428,-44.46240529988294],[169.64188941693223,-44.46642464942388],[169.6409019162415,-44.47129426670786],[169.64738754970352,-44.48082671668034],[169.6398227166079,-44.49674919959236],[169.6348547005682,-44.498873283266484],[169.63819090031623,-44.51213969987625],[169.64559268390784,-44.519242816610706],[169.65099945056033,-44.534594783003996],[169.6621786166506,-44.53726163316301],[169.65487681630648,-44.54364294945838],[169.64472125000106,-44.55701431664557],[169.643078499181,-44.5681775661472],[169.6442107490602,-44.58581549971066],[169.64156766624214,-44.5952571166833],[169.65717008360113,-44.593593999577685],[169.6817718999269,-44.59788821625059],[169.69136365026156,-44.602734066467946],[169.70850194974128,-44.60097620036064],[169.71333858306087,-44.59797141611533],[169.71857926672794,-44.57989896619288],[169.71860083350796,-44.57351611622061],[169.7305851166005,-44.56507028253445],[169.74628563375484,-44.58605944980776],[169.7477714997635,-44.60010233327291],[169.7571517993355,-44.612132815995764],[169.75368116709717,-44.61832098284309],[169.75487688327382,-44.63891663264149],[169.76335106601044,-44.64165295002184],[169.80563849993837,-44.661335866758456],[169.8170752163252,-44.665481332995846],[169.83619118341878,-44.668899416092295],[169.8415466324176,-44.66540428271312],[169.891268734197,-44.64427546638089],[169.8977245162984,-44.64643656636996],[169.94421631756725,-44.653984216814486],[169.96342288257802,-44.70883303269529],[169.970183300282,-44.744071032905616],[169.9811050327822,-44.754524683380204],[169.98235718384444,-44.76752024988613],[169.98622121656845,-44.77647046627275],[169.9931134668025,-44.78504424972542],[169.99879203406806,-44.81135464984479],[169.99661808349683,-44.82157358339562],[170.00601549960925,-44.837338566302115],[170.01264466629078,-44.84354641603249],[170.01850423307522,-44.85560926649304],[170.02639196586543,-44.8586920500014],[170.03014818358682,-44.86918451611005],[170.0431261841765,-44.87678358260933],[170.0502737332146,-44.877433082936435],[170.06381006731547,-44.88362433341868],[170.06950895012304,-44.8997664332021],[170.0818660990825,-44.91211733333285],[170.07441864920884,-44.916018499996945],[170.06865858275324,-44.92317514936957],[170.08477396670517,-44.92742830010622],[170.09409876727133,-44.940019933453534],[170.11129369981168,-44.94686301685038],[170.12044903389838,-44.947414266824076],[170.1270991659276,-44.94107621613352],[170.15838158325238,-44.94355739990413],[170.16448541660563,-44.94600485003171],[170.17566783303099,-44.94183841625845],[170.2001556501689,-44.9390347998404],[170.21047263333722,-44.93456173365016],[170.2252066494298,-44.934743033636586],[170.24207266745705,-44.930717250027826],[170.25191460054737,-44.918847816677804],[170.25985983342284,-44.92158491600053],[170.27234778341688,-44.92165336619791],[170.29071746682948,-44.914142232699064],[170.30168461704798,-44.91951351602209],[170.30467588284466,-44.91053129937752],[170.31935306623163,-44.903048982824494],[170.34013049954032,-44.90391481650343],[170.3501570164686,-44.90776464931599],[170.35387341734426,-44.92633036651147],[170.34927086680398,-44.94261094986045],[170.35757330087068,-44.93898216691007],[170.36564255086623,-44.94010039990399],[170.3732584009436,-44.95277601602945],[170.36887901756788,-44.9602093830982],[170.36982991712463,-44.97232209939363],[170.35408713336858,-44.98271711686663],[170.34734105010236,-44.989630949818476],[170.35185179925088,-45.00781466622059],[170.34944071673505,-45.02169769985761],[170.36307439950392,-45.03724151623354],[170.3633109171671,-45.043497116620784],[170.368673384068,-45.055237716278455],[170.3804791502155,-45.06084721680416],[170.3799039826829,-45.06839718295933],[170.3853087501922,-45.07224229978586],[170.38554418330645,-45.07787218301174],[170.3976764835397,-45.08109728334897],[170.39722150028902,-45.09308444961849],[170.40835951729667,-45.10226418290381],[170.4052951006575,-45.11333003306333],[170.3996780507667,-45.11526224939973],[170.40388903300146,-45.12262853268366],[170.42399376745612,-45.12836426657606],[170.43515441724188,-45.128247049603324],[170.43946791677536,-45.13366988301895],[170.43146148406572,-45.13983041654374],[170.4354066675431,-45.144693966070065],[170.42870001681024,-45.152823500069076],[170.41729563403862,-45.16110159973885],[170.41228848317573,-45.1750625328049],[170.40776023365166,-45.178404149776895],[170.39166669932294,-45.176983046887536],[170.3827605731105,-45.173709328938884],[170.3708489166749,-45.18629403326844],[170.36420496738575,-45.18702244969048],[170.38159376652865,-45.20195844942155],[170.38310966616257,-45.21249361662414],[170.37046758354734,-45.22165411663645],[170.35766360015847,-45.22713221603174],[170.34698881651732,-45.236258366292105],[170.34992500073525,-45.24142003301805],[170.32856006753016,-45.23668195062475],[170.31373166647074,-45.24247825039771],[170.31354858318358,-45.268418899384265],[170.39413783355937,-45.26857071673856],[170.41098716730252,-45.28026065002896],[170.4150661826709,-45.28787864945433],[170.42344026711203,-45.295437717280166],[170.42087403422468,-45.30794910027048],[170.40898255018914,-45.31966818260365],[170.39489450044846,-45.327908883236894],[170.32505866692415,-45.324084400133415],[170.3248746839791,-45.36249949950889],[170.3090148667342,-45.35823708279751],[170.28866645039272,-45.349587966522925],[170.28431418296836,-45.34958936693583],[170.28498519931313,-45.38917499966626],[170.284868083757,-45.444276499596235],[170.26567970065193,-45.44412446653233],[170.26082364971688,-45.44877293280098],[170.26158308418758,-45.45611041640482],[170.22676701661769,-45.4820078167865],[170.20922193373931,-45.48190103314084],[170.2093873163655,-45.50671538258145],[170.26393735020207,-45.506748916375315],[170.27368098414757,-45.50559709992421],[170.28536293340485,-45.49737681644785],[170.30440071724024,-45.49958581629165],[170.3100214667882,-45.49786246626659],[170.35929508301086,-45.52123709950439],[170.35080036649467,-45.52815168300729],[170.34172415014712,-45.54580994965491],[170.36697738260943,-45.54923461621127],[170.37129656632914,-45.55423241676673],[170.3876844831307,-45.55409373361902],[170.41933701732137,-45.518734183500115],[170.4312650670937,-45.5231514830916],[170.4558276172303,-45.528613699658784],[170.46721010048998,-45.528889666196044],[170.47643893275534,-45.532972199509956],[170.4815941673141,-45.5092431168952],[170.55290613258265,-45.509369683266186],[170.55629948319543,-45.528410733423755],[170.56243678265716,-45.538338183363734],[170.56180208357543,-45.55394531656742],[170.57285661700067,-45.55464166675577],[170.57984675007717,-45.56754506668768],[170.59054970079484,-45.57244788396439],[170.59775371593312,-45.56935225005732],[170.6053819505876,-45.57419611633297],[170.614484433886,-45.57553393312013],[170.62720946687372,-45.56884085003037],[170.63678601640694,-45.55978423304826],[170.6779935159819,-45.55995448286881],[170.68308186586822,-45.559067532972705],[170.71560364930838,-45.559479533012656],[170.70957055038176,-45.55189763337439],[170.72148421577643,-45.550870216179256],[170.72848151756173,-45.55756083306065],[170.72678795009142,-45.56928578320502],[170.731080065962,-45.56265331680155],[170.74087328338646,-45.55556794943379],[170.75579789982012,-45.53348785018205],[170.7794248498816,-45.51670244975297],[170.78014788329742,-45.51329829988984],[170.81174708393624,-45.48784919974908],[170.81860169994562,-45.479946450079986],[170.83114588337918,-45.47351151631307],[170.82496643100012,-45.46458434999994],[170.80978846660432,-45.45741004939668],[170.80885936742143,-45.45156711663025],[170.81177405078154,-45.43969971627615],[170.81883580073256,-45.42315176666406],[170.835259933791,-45.403364383514315],[170.8485149175979,-45.39411598349064],[170.86756075149276,-45.38848676575142],[170.86311450135196,-45.376564332573025],[170.8670806880001,-45.371231851459264],[170.8566741940001,-45.357917784999984],[170.8533325190001,-45.36294555699993],[170.8374481200001,-45.36125183099995],[170.82791137800007,-45.350055692999945],[170.82470116672224,-45.33874489990737],[170.82547425094336,-45.32423226657169],[170.83147323245322,-45.30556003284568],[170.8361117831505,-45.296743249948236],[170.8472361833532,-45.28193054995056],[170.8598908831418,-45.27134885000195],[170.85837751754946,-45.26401181670664],[170.8628048663142,-45.25784344980202],[170.86134301736124,-45.24714891685212],[170.86496538267292,-45.23718439982863],[170.87590796740633,-45.22418791655616],[170.88838431681825,-45.216131183339606],[170.8845173005267,-45.210410600154425],[170.89434631650553,-45.19498868315332],[170.90773643251677,-45.182672049769934],[170.90445686708807,-45.1744155169177],[170.91480563317108,-45.16506043316255],[170.91911568383304,-45.157193233663875],[170.9331934000229,-45.14485369994432],[170.9559106002084,-45.12972404964159],[170.96597888297487,-45.12569559995783],[170.97602906703267,-45.125797566027565],[170.98109403355423,-45.1197132493928],[170.98095840416138,-45.11021518879035],[170.9729277499582,-45.10846233378369],[170.9737511497752,-45.099135449631945],[170.98044956660746,-45.09146298337109],[170.99118261715148,-45.083390032751474],[171.01801756747386,-45.067124099863534],[171.0602779338123,-45.03845168280981],[171.07063933370728,-45.03034889959149],[171.10052809908237,-45.00300836682045],[171.1167961331085,-44.983575732915746],[171.14075622204888,-44.94777846985342],[171.13250732400002,-44.94294357299998],[171.11582946800002,-44.94122314499998],[171.1049499510001,-44.93455505399993],[171.05577087400002,-44.933723449999945],[171.0483093260001,-44.93458175699993],[171.0325317390001,-44.92625045799997],[171.00750732400002,-44.92625045799997],[170.979187012,-44.91708373899996],[170.96166992100007,-44.91377639799998],[170.9474945070001,-44.90877914299995],[170.93167114200003,-44.90791702299998],[170.91496096452596,-44.90267057361016],[170.91048603692627,-44.900741552221206],[170.89828491200012,-44.899612425999976],[170.8862625373854,-44.89167647587051],[170.8721773000417,-44.89325501605048],[170.8560444171842,-44.88577466678999],[170.82694525040046,-44.883543133190344],[170.78766441691187,-44.87282256697438],[170.77497970006613,-44.867053666326164],[170.74628460081362,-44.858754333692964],[170.7207351333663,-44.84907266648674],[170.69838470069755,-44.844399716623634],[170.67479276666563,-44.83698306662904],[170.6313221840081,-44.82878605011226],[170.61075673400302,-44.821413849793935],[170.59592683343558,-44.818816982821794],[170.57991688371814,-44.81317428336318],[170.57158671637515,-44.804656400077484],[170.5512474000224,-44.79485586602787],[170.5379993659211,-44.784305533271606],[170.52143881651745,-44.764587016021636],[170.49742021664173,-44.74592340039875],[170.48035481643268,-44.73571798348567],[170.47289918326655,-44.72573069936452],[170.4604638005328,-44.71700683274505],[170.4534680007697,-44.701575399817415],[170.43660283401152,-44.69643808283949],[170.42720933412238,-44.6876430662174],[170.40007270036517,-44.67373474983124],[170.3872086658073,-44.66892668314296],[170.37618098342494,-44.661728150155206],[170.36047856643438,-44.666309866515974],[170.3553903670614,-44.65527460001802],[170.33106398307962,-44.637680216148254],[170.30739486678857,-44.6303075498404],[170.27440630082998,-44.612234566551905],[170.2375215331137,-44.61479140003873],[170.21526971606667,-44.60217498307879],[170.2003486334206,-44.5908787326767],[170.1908720825878,-44.587737983189385],[170.1852184661604,-44.57613830001317],[170.19276849958976,-44.56755754998234],[170.20410233379627,-44.565271183066514],[170.20877333350055,-44.55179328343563],[170.19786568302123,-44.54736984981043],[170.19239569963526,-44.54192290037524],[170.1967954669248,-44.53696975034149],[170.2048572661503,-44.5390247329635],[170.2094013827079,-44.53489648362275],[170.20299401685085,-44.52826950039058],[170.20067708293215,-44.518785149673484],[170.199823083271,-44.50403298357456],[170.19716523326426,-44.49506218357483],[170.20075546675923,-44.48972718346275],[170.21103249953674,-44.48591356697555],[170.20733695028912,-44.47510223293368],[170.2204286330679,-44.466069533552925],[170.21726601725015,-44.45774073311975],[170.21512318333214,-44.443263966744844],[170.22255858306062,-44.43707461692496],[170.22308698306452,-44.41832455016039],[170.2078202169368,-44.39468303306455],[170.20266388348833,-44.3830486998558],[170.20680163319736,-44.37092750000988],[170.20348896700867,-44.34974675002929],[170.19117416718242,-44.34464708287583],[170.18007089998832,-44.33466228321687],[170.1776804842032,-44.330083433370795],[170.1650352169509,-44.3198142668257],[170.15341020021583,-44.31466689991547],[170.13560923325286,-44.30301529937871],[170.11438576717023,-44.29528629998329],[170.1060155829689,-44.289886033190875],[170.0919242833299,-44.28758586640837],[170.0860880159803,-44.28357171679745],[170.0749491327475,-44.28314904979766],[170.05842538382467,-44.27954671606803],[170.02749826741075,-44.26822636652601],[170.0140645666324,-44.27028688258939],[169.99841229945454,-44.26123928314977],[169.99503465069162,-44.26516688283794],[169.98477658283346,-44.26352289994377],[169.98125551652413,-44.26895229960577],[169.96751153287616,-44.27723091670043],[169.96057456744805,-44.27822553323125],[169.95584443369563,-44.2847759832587],[169.93996653340517,-44.28453891673202],[169.9348457674479,-44.27172874949454],[169.92698175001246,-44.26921559974481],[169.91054103397082,-44.274584333151275],[169.90347643273896,-44.274952133305334],[169.89055433345007,-44.270967816727],[169.87776868359822,-44.25691171652612],[169.87712280028128,-44.23989808326279],[169.87970054983458,-44.22308691626018],[169.8773706327298,-44.21289816599763],[169.8789947829986,-44.20693120000331],[169.877114833129,-44.19032034962984],[169.87061463281904,-44.18317558317335],[169.86251643409835,-44.18031476676764],[169.86481920028874,-44.17550879933701],[169.86117791708978,-44.167670983253316],[169.84301848331754,-44.152811632920404],[169.84350118400954,-44.14522461622704],[169.8617693659145,-44.13143091653248],[169.87289974994954,-44.11090308314416],[169.87399443253392,-44.10092854948352],[169.86224403323675,-44.08848514955447],[169.8528673840526,-44.083025300608696],[169.8415862171994,-44.07362891673484],[169.82744339995804,-44.054846582969425],[169.81625813292285,-44.02875908310625],[169.8162477832335,-44.01679243329923],[169.82084061672344,-44.005898433119725],[169.82589099936163,-43.98112734980236],[169.82697321615382,-43.95952984966834],[169.84005063397737,-43.935197966474895],[169.85573185035537,-43.91873343257632],[169.85948033392447,-43.90674688296727],[169.8655396990734,-43.89930731664897],[169.87165493336852,-43.897420766558376],[169.87959678387514,-43.889106450120714],[169.89495318338464,-43.879821849846024],[169.89745393409956,-43.87278354996351],[169.9047020171731,-43.864126749516196],[169.90482585032814,-43.859260233238466],[169.91055971630848,-43.850801933501835],[169.910022566559,-43.84425426653027],[169.91924055023082,-43.82473969949982],[169.9447171670804,-43.80962453308363],[169.9513508168478,-43.79753936684507],[169.96393804917088,-43.791582616496385],[169.95843553413866,-43.7888837662746],[169.94291614971394,-43.78971121604902],[169.93365223304923,-43.80021628319561],[169.92810579992494,-43.80076541696665],[169.9131110830342,-43.80877951680451],[169.90003478334057,-43.81299796614061],[169.89830340029235,-43.81944079974229],[169.89300853327677,-43.823091183391874],[169.89600858358043,-43.82994303269368],[169.8878357160297,-43.836302049969795],[169.86739536655114,-43.832166382941125],[169.85466051613383,-43.84001173288195],[169.8379352832565,-43.85423526643717],[169.84038850081276,-43.86176031620767],[169.83790451747976,-43.866630582843285],[169.8257088334893,-43.87190670006109],[169.81374911709682,-43.872815666415285],[169.8024362837749,-43.8789380997817],[169.79223615034965,-43.89311451596384],[169.78208706678979,-43.89407674968202],[169.7711561005315,-43.899165282709035],[169.7655931167475,-43.90752954992436],[169.75829939964004,-43.93367141660584],[169.74627990006073,-43.931151432632326],[169.74268550043888,-43.94082618319266],[169.73421864939255,-43.94703631602931],[169.72760528384055,-43.948396133026655],[169.71973444990962,-43.9599941499395],[169.69933663417441,-43.96354628302983]]]},"properties":{"shapeName":"Waitaki District","shapeID":"76426892B29825208127723","shapeGroup":"NZL","shapeType":"ADM2"}},
{"type":"Feature","geometry":{"type":"Polygon","coordinates":[[[169.54249753384963,-44.44860020006129],[169.5393627665776,-44.45146698311249],[169.532623333571,-44.46758886665901],[169.5328451667316,-44.474086382829654],[169.5269693329876,-44.47855750024541],[169.5212631832771,-44.48740444989441],[169.52459548283647,-44.49792110001809],[169.51785235007193,-44.50686669952003],[169.50712913374304,-44.514371716513956],[169.50057310008805,-44.52178165022806],[169.4909034830237,-44.54849068295745],[169.4706414832304,-44.5462707497725],[169.42451821656067,-44.55340876622706],[169.4096401327291,-44.56111819921408],[169.40080628259537,-44.55995991605893],[169.3827575161598,-44.56220838267517],[169.37876390059037,-44.55952963271095],[169.3579326828748,-44.561385516241764],[169.35753764963263,-44.573954899573096],[169.35362243399197,-44.57952544940039],[169.3600343005852,-44.58404044971263],[169.37006405053637,-44.586151582516045],[169.36460433356754,-44.59655086633398],[169.36386248351621,-44.605306249830974],[169.37245025037015,-44.61525116592488],[169.37448876665366,-44.62946584955698],[169.38129461642464,-44.63339846619301],[169.38062901585056,-44.63960623314734],[169.3713514163048,-44.64567751594907],[169.35927323290318,-44.64946128261788],[169.36003073239803,-44.661236166324336],[169.35138421610142,-44.67424339977528],[169.35587966712575,-44.685385399230555],[169.3620175498938,-44.69225213265306],[169.36117333405247,-44.700991982949915],[169.363978866871,-44.71944123264307],[169.3750888830067,-44.72763753323018],[169.37612990043422,-44.74224126657614],[169.3727582494643,-44.7504012659211],[169.38158430012365,-44.75626521612513],[169.37126369933307,-44.76003381657722],[169.36379401647588,-44.75733666645041],[169.35796853300917,-44.75996786642174],[169.3409206673136,-44.75833501614985],[169.33890861675724,-44.75446166623625],[169.32428869997042,-44.762143082874196],[169.3104834661185,-44.76146701588281],[169.3041701992934,-44.76621674973708],[169.2819380828194,-44.79536139914829],[169.2740948169186,-44.80858496647585],[169.27430983309188,-44.814254999378946],[169.25779456671734,-44.820889799138385],[169.2592424168201,-44.82943158249788],[169.2418611506611,-44.83741414964681],[169.2217088175039,-44.851092766330055],[169.19695856628078,-44.86326598299958],[169.19048635016506,-44.872503782784065],[169.1816350497549,-44.871467599807616],[169.16928186747214,-44.87484229909064],[169.16022446655103,-44.87027199955828],[169.14987258345133,-44.87136088301032],[169.130470482712,-44.8678483497329],[169.11871399978037,-44.867827049210675],[169.10594943268424,-44.88507041631352],[169.09350369987726,-44.89657719906636],[169.07660403241695,-44.90120081579329],[169.07021023322807,-44.8973969665033],[169.05969494979607,-44.898027932427084],[169.05636065027818,-44.906702399441684],[169.05716340028724,-44.92120276652845],[169.04650426743692,-44.927683182965026],[169.0502651668745,-44.936208183179225],[169.04682621716395,-44.945348399716835],[169.04402513370724,-44.96629554987304],[169.06604774990075,-44.988537682367394],[169.0702022491364,-45.001028866363946],[169.06485923358602,-45.00621643254554],[169.06539043333416,-45.014151682430764],[169.0620435659216,-45.01846869904936],[169.0465091498691,-45.02470559916487],[169.03939351677855,-45.035040732807246],[169.04779186643756,-45.05398896651005],[169.04572118253975,-45.05938276588325],[169.02865596713272,-45.06251161603018],[169.01749596677118,-45.05959609925334],[168.99923201731227,-45.05067939949761],[168.99349771622525,-45.04981514963916],[168.98457026596083,-45.05653304958505],[168.97394644967116,-45.05975809950223],[168.95587191735376,-45.05995041589351],[168.95194914979763,-45.06163926693403],[168.92562653355998,-45.05983203236655],[168.90497001699845,-45.06317619933803],[168.89916613349914,-45.06807944945921],[168.88450034987346,-45.07115033329745],[168.87609768293905,-45.063660716445014],[168.85759424967497,-45.06004154938134],[168.85392291643825,-45.0506848162221],[168.83291998314124,-45.05164798232022],[168.8226494998958,-45.06404198247752],[168.82080778286092,-45.070166616199614],[168.83421626726158,-45.08330204945566],[168.83149489921007,-45.09099188294815],[168.83378408347022,-45.099293799187365],[168.82664613309626,-45.105090498953324],[168.828019067473,-45.11863073307757],[168.82569990004865,-45.12662724897817],[168.83354880088035,-45.131847648917855],[168.84117626630297,-45.1408483989678],[168.83597173339768,-45.14285269945777],[168.83806575086868,-45.1521815490981],[168.83583253328922,-45.16177856629318],[168.8295596508085,-45.168978382851904],[168.82418769978284,-45.18147369914726],[168.8382060838207,-45.18614268225837],[168.8466546496432,-45.20895583325664],[168.8439104164979,-45.22783276687109],[168.85022893329815,-45.23359759906613],[168.8486112327592,-45.246519882818106],[168.82755291662272,-45.26402069899475],[168.81900596650658,-45.281290398940754],[168.81845540053953,-45.28728148242717],[168.81151331744078,-45.29726953323701],[168.81186728375343,-45.320843832914534],[168.80862104991584,-45.32651463288771],[168.79772834914928,-45.33492586554892],[168.79596723368817,-45.34078541640659],[168.785609232963,-45.347822132888055],[168.77615378314854,-45.34977268293957],[168.77266040044512,-45.363516398916424],[168.77500003382062,-45.37767914901211],[168.77253175052766,-45.38322344946004],[168.77369326634332,-45.39272226589763],[168.7687268002386,-45.403684032469606],[168.78245703238724,-45.43703908292421],[168.79620315035086,-45.43341303245902],[168.8252197330706,-45.44605696628119],[168.82646796717378,-45.44013131644176],[168.83437918240415,-45.43611299942966],[168.85272886686076,-45.43220538302851],[168.8594001333917,-45.43663764928376],[168.85923474952406,-45.452367549106874],[168.88690013263235,-45.46282046566395],[168.89208956591182,-45.457512332259704],[168.89956399943335,-45.45564991642677],[168.90679695001157,-45.44948648260206],[168.92960959983455,-45.40987011591015],[168.9595653663121,-45.359122082746644],[169.0127917495908,-45.30346818267533],[169.06546900031086,-45.26960989973099],[169.07291225069386,-45.27108208280253],[169.08490575012888,-45.280818983035545],[169.0928153165752,-45.29815128321368],[169.09929303304318,-45.31994574924497],[169.10570046654757,-45.32188719962515],[169.11401726714905,-45.328709966006734],[169.12947014984846,-45.337592749654675],[169.14821441578917,-45.33876999929098],[169.15472168318792,-45.349271349657585],[169.1532248164979,-45.35353864949607],[169.16830103321678,-45.3735191491566],[169.17074091608265,-45.38047841624676],[169.18086113269072,-45.39043546593306],[169.19649016706467,-45.38837856589801],[169.20707075014778,-45.39937141642695],[169.21104858245718,-45.416771999123235],[169.19879105055077,-45.434806382587176],[169.1905997833627,-45.437608282678575],[169.17215786734576,-45.44007048289797],[169.173295717166,-45.45139428249278],[169.16799654924932,-45.4587051828803],[169.15404001657797,-45.465642782603474],[169.15396351684356,-45.46983576635689],[169.16152140012008,-45.47420034906163],[169.16463938310363,-45.485605949763745],[169.17976740086266,-45.49894281653824],[169.17680906646805,-45.505926266356155],[169.18290966640498,-45.51444084970023],[169.17281986879775,-45.524963750143755],[169.16951416662823,-45.53731896684887],[169.17352178274612,-45.54321424997495],[169.16723084963598,-45.54857944988089],[169.1743713830226,-45.5554363491344],[169.18118333247946,-45.557423766057276],[169.18877769938493,-45.565630382511166],[169.1966470841383,-45.56708484962303],[169.19773571634562,-45.57335749983172],[169.1741186824792,-45.59058389979669],[169.17815551693067,-45.60313568274777],[169.1831332667502,-45.607153499813826],[169.17686790074384,-45.620428066546],[169.18097573292704,-45.62543686576227],[169.1740559503125,-45.644595332479255],[169.17799729995576,-45.656281783092105],[169.19988803404883,-45.66294701640443],[169.2103972156772,-45.6710626331576],[169.2221138325089,-45.672564382468614],[169.22351108400505,-45.67947726658163],[169.2355842165701,-45.69253549951975],[169.24803466748685,-45.69499849953099],[169.25762394998978,-45.691638732563796],[169.26951431631312,-45.69052121589397],[169.27891355003518,-45.70258483280948],[169.2878777492963,-45.70103389956997],[169.29014596684794,-45.688154499737855],[169.32614249940258,-45.691107033018596],[169.34906083326052,-45.689456983144815],[169.35491969953728,-45.68734529916829],[169.3677712160946,-45.69087693321835],[169.3884627330093,-45.69054844988247],[169.40298166647946,-45.686575649666295],[169.40334991578013,-45.69541886607769],[169.39995621672236,-45.70102256652646],[169.40460458345157,-45.7129532829852],[169.39997803377776,-45.72223811647774],[169.40018160018562,-45.7341803166534],[169.3981086175569,-45.74415569932694],[169.41189941733543,-45.74131876647128],[169.41788596621768,-45.737008616278615],[169.43702527538332,-45.75759444138135],[169.4350596132234,-45.76054523137576],[169.43820138899886,-45.773040423519824],[169.44761623347182,-45.774671766666664],[169.44742843230622,-45.79017209999553],[169.46785581579286,-45.78575929965275],[169.4772636834162,-45.78735936640753],[169.4843235331519,-45.79677404932999],[169.50256581743224,-45.79691303310829],[169.5244721330291,-45.81315606630259],[169.53408850017487,-45.809656349745474],[169.5475394165199,-45.80867993280633],[169.54999258354462,-45.80567546620485],[169.57644141727437,-45.798640132957],[169.58650318239464,-45.789274366411604],[169.58671246584936,-45.78130813298546],[169.60954381598893,-45.77352091630487],[169.6415717832859,-45.769193233047325],[169.64795931632835,-45.76412974999831],[169.64695796615013,-45.758647282984185],[169.65452913288968,-45.74072940023434],[169.65957308311707,-45.73503071652963],[169.6659444998642,-45.71286869973792],[169.66386991755408,-45.70508684941524],[169.66695220001705,-45.699332849644456],[169.67412720042358,-45.697491533116995],[169.68305290000367,-45.70733468277117],[169.69436800031852,-45.710821866715264],[169.71458616644313,-45.70832806677928],[169.7178927337591,-45.71478073329936],[169.73939864963927,-45.71981944975086],[169.73658666675152,-45.71227573321017],[169.74104548302083,-45.70216716671022],[169.75097909998925,-45.69893896638479],[169.7573474336514,-45.68868959967217],[169.75722844987445,-45.67945416593247],[169.76146358414218,-45.674380099817526],[169.7716870670168,-45.669443799988365],[169.7798420165368,-45.66867173266183],[169.78206350056283,-45.66231914965763],[169.77802458339306,-45.65583658281662],[169.79493293304583,-45.64268155009669],[169.7937270325808,-45.632930866516894],[169.8029950837146,-45.62155716619946],[169.80422430009418,-45.61102065001802],[169.80169283360115,-45.60343656604328],[169.8131007664144,-45.58041443266479],[169.81843736749462,-45.573951249832476],[169.81193136582465,-45.57132053271816],[169.81199691649257,-45.56304288308538],[169.82516133421944,-45.55437926641315],[169.84262031725933,-45.54934880003458],[169.86213208407062,-45.54877251634848],[169.8972984175477,-45.539664333410975],[169.90608508312542,-45.542158766017835],[169.91379105022446,-45.5232187664101],[169.9064483826361,-45.497121066306185],[169.93126569989087,-45.499266183569304],[169.95059021629575,-45.49498166613294],[169.9641390830847,-45.48958744974881],[169.984177566697,-45.485165616019145],[169.98814676719556,-45.479529499784235],[169.996388783572,-45.47754683339507],[170.00524983387922,-45.48394131597885],[170.0295336341759,-45.47647383321371],[170.03070936665506,-45.47372426682284],[170.05265546635113,-45.45381794952188],[170.06423356591196,-45.44081623276972],[170.07259620066915,-45.42383336617494],[170.0861865338502,-45.4089058668133],[170.10767926682175,-45.396338716566106],[170.1281727002204,-45.38023181639928],[170.12921361616173,-45.367380582604696],[170.1200543325435,-45.35251320012484],[170.13675611737077,-45.34243628264748],[170.1563023006293,-45.327587666386854],[170.16188518384175,-45.31570558333056],[170.16133575085811,-45.31155871615988],[170.17770833412234,-45.287526466395725],[170.18648153317645,-45.265024499868595],[170.21648395088758,-45.257323533362424],[170.21662893398707,-45.23492204962905],[170.23915635050616,-45.23038550042596],[170.2577537833134,-45.22952026640636],[170.2608933007066,-45.235616666138306],[170.313765633006,-45.235840499835604],[170.31373166647074,-45.24247825039771],[170.32856006753016,-45.23668195062475],[170.34992500073525,-45.24142003301805],[170.34698881651732,-45.236258366292105],[170.35766360015847,-45.22713221603174],[170.37046758354734,-45.22165411663645],[170.38310966616257,-45.21249361662414],[170.38159376652865,-45.20195844942155],[170.36420496738575,-45.18702244969048],[170.3708489166749,-45.18629403326844],[170.3827605731105,-45.173709328938884],[170.39166669932294,-45.176983046887536],[170.40776023365166,-45.178404149776895],[170.41228848317573,-45.1750625328049],[170.41729563403862,-45.16110159973885],[170.42870001681024,-45.152823500069076],[170.4354066675431,-45.144693966070065],[170.43146148406572,-45.13983041654374],[170.43946791677536,-45.13366988301895],[170.43515441724188,-45.128247049603324],[170.42399376745612,-45.12836426657606],[170.40388903300146,-45.12262853268366],[170.3996780507667,-45.11526224939973],[170.4052951006575,-45.11333003306333],[170.40835951729667,-45.10226418290381],[170.39722150028902,-45.09308444961849],[170.3976764835397,-45.08109728334897],[170.38554418330645,-45.07787218301174],[170.3853087501922,-45.07224229978586],[170.3799039826829,-45.06839718295933],[170.3804791502155,-45.06084721680416],[170.368673384068,-45.055237716278455],[170.3633109171671,-45.043497116620784],[170.36307439950392,-45.03724151623354],[170.34944071673505,-45.02169769985761],[170.35185179925088,-45.00781466622059],[170.34734105010236,-44.989630949818476],[170.35408713336858,-44.98271711686663],[170.36982991712463,-44.97232209939363],[170.36887901756788,-44.9602093830982],[170.3732584009436,-44.95277601602945],[170.36564255086623,-44.94010039990399],[170.35757330087068,-44.93898216691007],[170.34927086680398,-44.94261094986045],[170.35387341734426,-44.92633036651147],[170.3501570164686,-44.90776464931599],[170.34013049954032,-44.90391481650343],[170.31935306623163,-44.903048982824494],[170.30467588284466,-44.91053129937752],[170.30168461704798,-44.91951351602209],[170.29071746682948,-44.914142232699064],[170.27234778341688,-44.92165336619791],[170.25985983342284,-44.92158491600053],[170.25191460054737,-44.918847816677804],[170.24207266745705,-44.930717250027826],[170.2252066494298,-44.934743033636586],[170.21047263333722,-44.93456173365016],[170.2001556501689,-44.9390347998404],[170.17566783303099,-44.94183841625845],[170.16448541660563,-44.94600485003171],[170.15838158325238,-44.94355739990413],[170.1270991659276,-44.94107621613352],[170.12044903389838,-44.947414266824076],[170.11129369981168,-44.94686301685038],[170.09409876727133,-44.940019933453534],[170.08477396670517,-44.92742830010622],[170.06865858275324,-44.92317514936957],[170.07441864920884,-44.916018499996945],[170.0818660990825,-44.91211733333285],[170.06950895012304,-44.8997664332021],[170.06381006731547,-44.88362433341868],[170.0502737332146,-44.877433082936435],[170.0431261841765,-44.87678358260933],[170.03014818358682,-44.86918451611005],[170.02639196586543,-44.8586920500014],[170.01850423307522,-44.85560926649304],[170.01264466629078,-44.84354641603249],[170.00601549960925,-44.837338566302115],[169.99661808349683,-44.82157358339562],[169.99879203406806,-44.81135464984479],[169.9931134668025,-44.78504424972542],[169.98622121656845,-44.77647046627275],[169.98235718384444,-44.76752024988613],[169.9811050327822,-44.754524683380204],[169.970183300282,-44.744071032905616],[169.96342288257802,-44.70883303269529],[169.94421631756725,-44.653984216814486],[169.8977245162984,-44.64643656636996],[169.891268734197,-44.64427546638089],[169.8415466324176,-44.66540428271312],[169.83619118341878,-44.668899416092295],[169.8170752163252,-44.665481332995846],[169.80563849993837,-44.661335866758456],[169.76335106601044,-44.64165295002184],[169.75487688327382,-44.63891663264149],[169.75368116709717,-44.61832098284309],[169.7571517993355,-44.612132815995764],[169.7477714997635,-44.60010233327291],[169.74628563375484,-44.58605944980776],[169.7305851166005,-44.56507028253445],[169.71860083350796,-44.57351611622061],[169.71857926672794,-44.57989896619288],[169.71333858306087,-44.59797141611533],[169.70850194974128,-44.60097620036064],[169.69136365026156,-44.602734066467946],[169.6817718999269,-44.59788821625059],[169.65717008360113,-44.593593999577685],[169.64156766624214,-44.5952571166833],[169.6442107490602,-44.58581549971066],[169.643078499181,-44.5681775661472],[169.64472125000106,-44.55701431664557],[169.65487681630648,-44.54364294945838],[169.6621786166506,-44.53726163316301],[169.65099945056033,-44.534594783003996],[169.64559268390784,-44.519242816610706],[169.63819090031623,-44.51213969987625],[169.6348547005682,-44.498873283266484],[169.6398227166079,-44.49674919959236],[169.64738754970352,-44.48082671668034],[169.6409019162415,-44.47129426670786],[169.64188941693223,-44.46642464942388],[169.63368564988428,-44.46240529988294],[169.61495483386494,-44.460587632877484],[169.6054300659688,-44.463574733205405],[169.5902761659579,-44.459150300035624],[169.57885395001824,-44.462085399893276],[169.56222445070802,-44.46011183324451],[169.54249753384963,-44.44860020006129]]]},"properties":{"shapeName":"Central Otago District","shapeID":"76426892B81213624592516","shapeGroup":"NZL","shapeType":"ADM2"}},
{"type":"Feature","geometry":{"type":"Polygon","coordinates":[[[168.33452791747646,-44.49677943213513],[168.31830896582377,-44.49503069928182],[168.30679028347907,-44.49978244914289],[168.2897467830811,-44.49637073197499],[168.2771544498401,-44.51392824911948],[168.27477931747202,-44.520363932227205],[168.25844323247946,-44.52574299839683],[168.24677660074732,-44.532099832468795],[168.2345098000047,-44.543195698813975],[168.2369979002229,-44.54889621563229],[168.2373967004927,-44.57386923261799],[168.23531341665094,-44.57848083171108],[168.22500476659,-44.58272856549305],[168.2231617668066,-44.58931836550995],[168.22451084975927,-44.59933198215863],[168.21491158315573,-44.602880699079805],[168.20378494929125,-44.622881548671096],[168.20202130059235,-44.63034494895371],[168.19692488344083,-44.63618914854081],[168.19731491716655,-44.64333963269088],[168.18500908237831,-44.64613156615855],[168.1911165670897,-44.6558571991999],[168.18512091666616,-44.67044369914968],[168.19259731694052,-44.679232831917915],[168.18489716638865,-44.69045959864953],[168.17657555065307,-44.69574129861237],[168.1723333834064,-44.704559182446765],[168.171972233472,-44.71857908231378],[168.16941683306135,-44.722199215378964],[168.17492531633647,-44.732740331653105],[168.1806619158272,-44.73719504878781],[168.18277571631546,-44.74538076531227],[168.1945283666243,-44.74050681549755],[168.20300428343577,-44.74151248218941],[168.20527888240193,-44.74634743245716],[168.20210885084893,-44.754177632241344],[168.19100193345827,-44.7667900988546],[168.1929035996232,-44.77666386585695],[168.18477136734694,-44.784143381862755],[168.1833156665719,-44.79778219831564],[168.17975198421752,-44.804413465338605],[168.17304220027677,-44.808563232430366],[168.16758018290997,-44.82830856505375],[168.1274336005903,-44.82858094843285],[168.1289589836715,-44.837833481777054],[168.1223057663966,-44.85421288149758],[168.1221277668337,-44.8659745317557],[168.11721441659634,-44.87144994846763],[168.11771305075504,-44.88348188183481],[168.12625228377615,-44.88386989830375],[168.12975916731884,-44.901280348768644],[168.13452846736328,-44.905146898839476],[168.13637949965644,-44.91914146550484],[168.13125958283797,-44.92144991559504],[168.13535258380773,-44.927616349245646],[168.12865781747809,-44.93039236512066],[168.1339938501812,-44.94144106564982],[168.14471755065614,-44.9421419488251],[168.15986698308623,-44.95195278233449],[168.17607315005853,-44.96628481548112],[168.17425905084647,-44.980692848865125],[168.1828650007802,-44.983055748767214],[168.1909246831674,-44.9906644819923],[168.20885991583225,-45.00167538190289],[168.22040896570002,-45.00593229873727],[168.22105819932915,-45.0160608153174],[168.23519351643628,-45.024083931751996],[168.24685591610987,-45.02718246561398],[168.27526815022753,-45.02580258193719],[168.2855788831685,-45.020638365792045],[168.2860069167937,-45.016985199027914],[168.299850365987,-45.014854749152526],[168.30969566647505,-45.02602031549905],[168.29942646648897,-45.03299119929072],[168.2922679495929,-45.04382463230055],[168.2982721499576,-45.04857718212455],[168.29404134928413,-45.05540431564541],[168.2936820334667,-45.07434831590868],[168.2852498002557,-45.08329553196209],[168.28638125053774,-45.09321939848947],[168.2842061827612,-45.10617453254683],[168.27032931666184,-45.11220558204011],[168.266108483753,-45.119025581792044],[168.24550455074376,-45.126172731844136],[168.23621049973107,-45.13381938214625],[168.2269605838257,-45.13750499892169],[168.21700649908465,-45.144540948835655],[168.2393769330317,-45.154430515217726],[168.23583336645436,-45.16637408189034],[168.24529238307036,-45.1706407653646],[168.25467616646287,-45.184889281970165],[168.25077119944302,-45.193916332203216],[168.25665146682329,-45.203919948396035],[168.27321635030071,-45.211163715140295],[168.28597154961588,-45.21331038214131],[168.30075913352087,-45.2246531159516],[168.28824385041256,-45.24488038256883],[168.29817524910285,-45.250841432083156],[168.30704433342834,-45.26040726599237],[168.30260824972873,-45.284184998703545],[168.30273885045136,-45.29559674879998],[168.32329405001877,-45.327543165946985],[168.4607928159005,-45.325137981938795],[168.53940138319155,-45.30932671620826],[168.54944511648836,-45.30021879899531],[168.56406190061466,-45.29147236580833],[168.56922670029428,-45.285268332882964],[168.58329528404803,-45.279730132702504],[168.59394375060836,-45.28074248291622],[168.60837493309012,-45.27751013218242],[168.61741173336543,-45.271844866072726],[168.61879639925056,-45.26731748221105],[168.6330509508117,-45.261762682106784],[168.64930738407347,-45.245698733334294],[168.65873895015181,-45.24653173291373],[168.67410511754684,-45.24307174914713],[168.68331553345783,-45.2475511826941],[168.68004683288004,-45.257078032183706],[168.68967169897098,-45.273466132815685],[168.68753881735532,-45.2824566159093],[168.6939013006403,-45.29188906596123],[168.6919577161279,-45.29809811590804],[168.69780658259396,-45.31277668246088],[168.69092141683655,-45.33650206598925],[168.69221520075973,-45.33966974956967],[168.7196895667212,-45.34913429917485],[168.75163494986992,-45.36756634916875],[168.7580411166628,-45.36247956590717],[168.77266040044512,-45.363516398916424],[168.77615378314854,-45.34977268293957],[168.785609232963,-45.347822132888055],[168.79596723368817,-45.34078541640659],[168.79772834914928,-45.33492586554892],[168.80862104991584,-45.32651463288771],[168.81186728375343,-45.320843832914534],[168.81151331744078,-45.29726953323701],[168.81845540053953,-45.28728148242717],[168.81900596650658,-45.281290398940754],[168.82755291662272,-45.26402069899475],[168.8486112327592,-45.246519882818106],[168.85022893329815,-45.23359759906613],[168.8439104164979,-45.22783276687109],[168.8466546496432,-45.20895583325664],[168.8382060838207,-45.18614268225837],[168.82418769978284,-45.18147369914726],[168.8295596508085,-45.168978382851904],[168.83583253328922,-45.16177856629318],[168.83806575086868,-45.1521815490981],[168.83597173339768,-45.14285269945777],[168.84117626630297,-45.1408483989678],[168.83354880088035,-45.131847648917855],[168.82569990004865,-45.12662724897817],[168.828019067473,-45.11863073307757],[168.82664613309626,-45.105090498953324],[168.83378408347022,-45.099293799187365],[168.83149489921007,-45.09099188294815],[168.83421626726158,-45.08330204945566],[168.82080778286092,-45.070166616199614],[168.8226494998958,-45.06404198247752],[168.83291998314124,-45.05164798232022],[168.85392291643825,-45.0506848162221],[168.85759424967497,-45.06004154938134],[168.87609768293905,-45.063660716445014],[168.88450034987346,-45.07115033329745],[168.89916613349914,-45.06807944945921],[168.90497001699845,-45.06317619933803],[168.92562653355998,-45.05983203236655],[168.95194914979763,-45.06163926693403],[168.95587191735376,-45.05995041589351],[168.97394644967116,-45.05975809950223],[168.98457026596083,-45.05653304958505],[168.99349771622525,-45.04981514963916],[168.99923201731227,-45.05067939949761],[169.01749596677118,-45.05959609925334],[169.02865596713272,-45.06251161603018],[169.04572118253975,-45.05938276588325],[169.04779186643756,-45.05398896651005],[169.03939351677855,-45.035040732807246],[169.0465091498691,-45.02470559916487],[169.0620435659216,-45.01846869904936],[169.06539043333416,-45.014151682430764],[169.06485923358602,-45.00621643254554],[169.0702022491364,-45.001028866363946],[169.06604774990075,-44.988537682367394],[169.04402513370724,-44.96629554987304],[169.04682621716395,-44.945348399716835],[169.0502651668745,-44.936208183179225],[169.04650426743692,-44.927683182965026],[169.05716340028724,-44.92120276652845],[169.05636065027818,-44.906702399441684],[169.05969494979607,-44.898027932427084],[169.07021023322807,-44.8973969665033],[169.07660403241695,-44.90120081579329],[169.09350369987726,-44.89657719906636],[169.10594943268424,-44.88507041631352],[169.11871399978037,-44.867827049210675],[169.130470482712,-44.8678483497329],[169.14987258345133,-44.87136088301032],[169.16022446655103,-44.87027199955828],[169.16928186747214,-44.87484229909064],[169.1816350497549,-44.871467599807616],[169.19048635016506,-44.872503782784065],[169.19695856628078,-44.86326598299958],[169.2217088175039,-44.851092766330055],[169.2418611506611,-44.83741414964681],[169.2592424168201,-44.82943158249788],[169.25779456671734,-44.820889799138385],[169.27430983309188,-44.814254999378946],[169.2740948169186,-44.80858496647585],[169.2819380828194,-44.79536139914829],[169.3041701992934,-44.76621674973708],[169.3104834661185,-44.76146701588281],[169.32428869997042,-44.762143082874196],[169.33890861675724,-44.75446166623625],[169.3409206673136,-44.75833501614985],[169.35796853300917,-44.75996786642174],[169.36379401647588,-44.75733666645041],[169.37126369933307,-44.76003381657722],[169.38158430012365,-44.75626521612513],[169.3727582494643,-44.7504012659211],[169.37612990043422,-44.74224126657614],[169.3750888830067,-44.72763753323018],[169.363978866871,-44.71944123264307],[169.36117333405247,-44.700991982949915],[169.3620175498938,-44.69225213265306],[169.35587966712575,-44.685385399230555],[169.35138421610142,-44.67424339977528],[169.36003073239803,-44.661236166324336],[169.35927323290318,-44.64946128261788],[169.3713514163048,-44.64567751594907],[169.38062901585056,-44.63960623314734],[169.38129461642464,-44.63339846619301],[169.37448876665366,-44.62946584955698],[169.37245025037015,-44.61525116592488],[169.36386248351621,-44.605306249830974],[169.36460433356754,-44.59655086633398],[169.37006405053637,-44.586151582516045],[169.3600343005852,-44.58404044971263],[169.35362243399197,-44.57952544940039],[169.35753764963263,-44.573954899573096],[169.3579326828748,-44.561385516241764],[169.37876390059037,-44.55952963271095],[169.3827575161598,-44.56220838267517],[169.40080628259537,-44.55995991605893],[169.4096401327291,-44.56111819921408],[169.42451821656067,-44.55340876622706],[169.4706414832304,-44.5462707497725],[169.4909034830237,-44.54849068295745],[169.50057310008805,-44.52178165022806],[169.50712913374304,-44.514371716513956],[169.51785235007193,-44.50686669952003],[169.52459548283647,-44.49792110001809],[169.5212631832771,-44.48740444989441],[169.5269693329876,-44.47855750024541],[169.5328451667316,-44.474086382829654],[169.532623333571,-44.46758886665901],[169.5393627665776,-44.45146698311249],[169.54249753384963,-44.44860020006129],[169.5560936007736,-44.43779143297209],[169.54588436747727,-44.42266239959981],[169.55147073236137,-44.413672933355855],[169.56526380062823,-44.403085699456874],[169.56655413263414,-44.39731688251341],[169.55915289916342,-44.38961981699672],[169.5567122838138,-44.38095399986592],[169.56578531581283,-44.37238038313003],[169.57085399990473,-44.35824981624147],[169.56791288410784,-44.35413328312274],[169.5771008166301,-44.34566578314638],[169.57843481750913,-44.33744966668611],[169.57122884906474,-44.333227383264415],[169.56839701613276,-44.319315783403475],[169.57236261729358,-44.31340653321352],[169.5744144007275,-44.29938546636222],[169.57111348232718,-44.29623888362608],[169.57478081654943,-44.28416704932562],[169.57316305023386,-44.279884416555866],[169.5782716832886,-44.268121082522974],[169.58050033320046,-44.252069432764586],[169.57693558387123,-44.24964731616475],[169.5704630673976,-44.23673219933922],[169.54839746625908,-44.22744794946161],[169.5434583168554,-44.216360115928005],[169.5433238667758,-44.2074743495155],[169.55864448393402,-44.20557734935508],[169.56175990090483,-44.1941812493503],[169.57106993386537,-44.17722914997736],[169.58128786711154,-44.17262793280671],[169.58558221635298,-44.16687143269214],[169.59755268320208,-44.1606332665693],[169.60582318348574,-44.15851884955642],[169.5995297502133,-44.15075115053513],[169.60318971654254,-44.147346366369675],[169.62065391674102,-44.13961541663538],[169.6191179671918,-44.13332538299223],[169.62497129974778,-44.12248121591234],[169.63645296601524,-44.12147976601388],[169.63630141703476,-44.1145168660352],[169.64043765042544,-44.10482848321041],[169.65492181595587,-44.09285936617761],[169.66123529914498,-44.091502449410385],[169.66252621755342,-44.085172499572316],[169.65754663345325,-44.07812901666247],[169.66654724906203,-44.0682351993895],[169.68217446612155,-44.06802546671513],[169.6796984833302,-44.0616488494559],[169.68268653341713,-44.05571238322727],[169.68098299983225,-44.04865268313284],[169.6866490166435,-44.041574349264806],[169.70227298355286,-44.04105425025951],[169.7170374164176,-44.0382773159809],[169.71963078242987,-44.03458511658852],[169.707645717078,-44.01656984972046],[169.7059313163855,-44.004375166303966],[169.71111379954328,-43.999047099688255],[169.7039788172397,-43.98399526667886],[169.6995939835531,-43.98056326643035],[169.70217149994198,-43.973921783385876],[169.69933663417441,-43.96354628302983],[169.69345741639222,-43.95848826674497],[169.68353966750408,-43.956267416725595],[169.6560466337748,-43.95669598303577],[169.63291223373335,-43.96384033316476],[169.62365438268912,-43.95705439957763],[169.61080663386934,-43.956549316715865],[169.59278055064684,-43.95807616615123],[169.58662925007295,-43.96560371653722],[169.58715040040238,-43.97089968305708],[169.582888499803,-43.98509224970416],[169.5895511503317,-43.988640932916546],[169.59279896700593,-43.99499208290217],[169.5913759331394,-44.01253601671863],[169.58195348307328,-44.0226041829857],[169.5790056668997,-44.03411034921717],[169.57143465031575,-44.035465050460985],[169.56167348299113,-44.03223673284622],[169.54091816752197,-44.03337599999362],[169.5296165159283,-44.03796464985651],[169.5119965663863,-44.057812649848046],[169.5034433830864,-44.059525716322085],[169.48631925014234,-44.0553423829842],[169.4644777001764,-44.05858191671594],[169.45051463399344,-44.06610831649504],[169.44296966754632,-44.0850270661326],[169.42905158323651,-44.09410401614629],[169.40935853325107,-44.102183416564905],[169.40855548405426,-44.10688891642154],[169.3894964325757,-44.113357816614844],[169.38682401720132,-44.1187688664942],[169.37295708231963,-44.11699066652935],[169.35375548274823,-44.10669999951365],[169.34109509943204,-44.10382879952946],[169.32967365027875,-44.08881716637319],[169.33054741702287,-44.07924151622194],[169.32305708267003,-44.07167289944405],[169.32070496688706,-44.063796832538294],[169.30898084991694,-44.060649999592066],[169.29113648313177,-44.06250143326397],[169.29021993304846,-44.07389073314003],[169.28490083249469,-44.07963606596325],[169.2751786996961,-44.09858100008116],[169.2565724157748,-44.108221799423475],[169.24106598323806,-44.106282166959595],[169.219022616982,-44.109416699428735],[169.20578586727171,-44.1070222488213],[169.18879813334377,-44.11054689909989],[169.16772791796396,-44.10454444840117],[169.1587396024776,-44.10450734951677],[169.1514002162918,-44.094586799933914],[169.14710243249658,-44.08021676565707],[169.14075311859085,-44.080186566115216],[169.12992780093398,-44.0869949815354],[169.11923396854314,-44.087452399843585],[169.1097028833681,-44.09372453187676],[169.0952757670042,-44.09727614836782],[169.08848089916617,-44.09532153253412],[169.07897031657447,-44.09836311657176],[169.07330556680196,-44.109670649477756],[169.05687593113072,-44.109708331703814],[169.04595780004587,-44.116128098489185],[169.03617725126495,-44.11825810023726],[169.01976365091457,-44.11450674983085],[169.01252235114947,-44.11561784808342],[169.00985218317228,-44.123056932808375],[169.01592328465108,-44.130816298653144],[169.00881686835046,-44.13609921616102],[168.9933163518754,-44.141152649992335],[168.97983840088162,-44.14175214856727],[168.97507845122226,-44.14402948362086],[168.97696013350247,-44.15126924978363],[168.98600570017913,-44.16403566569343],[168.98739421655117,-44.16893081656992],[168.96598324976696,-44.17329888278014],[168.96137165044613,-44.1829695329479],[168.96335649960832,-44.1999363326238],[168.95886338398304,-44.2060861829599],[168.9456099502799,-44.20350163316951],[168.9104404334875,-44.20999454897203],[168.9054616831109,-44.21789361610071],[168.89430283375566,-44.217339665860926],[168.87723098408446,-44.22284111618731],[168.8736388157216,-44.22618719933416],[168.871125682845,-44.238699049458],[168.85610258253297,-44.24245053251223],[168.8491660006447,-44.246672349222536],[168.8515753163459,-44.25863286605897],[168.85720976683163,-44.268802649134585],[168.85467570038483,-44.2741545495736],[168.84747705020203,-44.27762881649925],[168.84258890037376,-44.284568333075526],[168.84393699917,-44.29069948294984],[168.84004891591943,-44.30244996596792],[168.84162310079898,-44.31042476587316],[168.83240041682924,-44.32056234906974],[168.83190818294347,-44.32644224997186],[168.83608353303262,-44.339917749712555],[168.82944570039885,-44.35276999975983],[168.81780001703513,-44.35613254905321],[168.78672091646717,-44.377906632546576],[168.7780859497258,-44.387849499106636],[168.76939750025053,-44.39117011606337],[168.75702014995144,-44.39000564902384],[168.741546283264,-44.40487073264521],[168.74440421653154,-44.41636253230592],[168.74102636645628,-44.42129763265458],[168.72839234942418,-44.41947811657769],[168.71759753406084,-44.41278091619237],[168.6997830165946,-44.404966232289446],[168.69367124994147,-44.39556871680527],[168.68714108334086,-44.391848082762785],[168.66277833243743,-44.40280103220263],[168.6558640990982,-44.410457149006426],[168.641586050221,-44.41655591634681],[168.63045713337308,-44.42629553250442],[168.62550280012553,-44.43393546604923],[168.607430216491,-44.43605776595239],[168.59304800017262,-44.44210158226948],[168.58987206669957,-44.45056459915672],[168.58419906655013,-44.45417328282405],[168.5735594334631,-44.45134878218371],[168.55493020072922,-44.45233713225741],[168.5466318160413,-44.45667631564415],[168.52354996626306,-44.46037208274427],[168.50680639964915,-44.46681509911408],[168.50091846576632,-44.47543366536917],[168.49062928338878,-44.47762329866856],[168.47388588347434,-44.48843253256942],[168.4600415329583,-44.49533481552981],[168.44766926648703,-44.4920729155656],[168.43825863321672,-44.49256534908545],[168.4155239663758,-44.49740446649429],[168.40032351669922,-44.495966382275384],[168.3924263998098,-44.49885954924761],[168.36435065028743,-44.494311932381876],[168.35852760074755,-44.491894465979335],[168.34504503360563,-44.49703899963521],[168.33452791747646,-44.49677943213513]]]},"properties":{"shapeName":"Queenstown-Lakes District","shapeID":"76426892B58919482239418","shapeGroup":"NZL","shapeType":"ADM2"}},
{"type":"Feature","geometry":{"type":"Polygon","coordinates":[[[170.31373166647074,-45.24247825039771],[170.313765633006,-45.235840499835604],[170.2608933007066,-45.235616666138306],[170.2577537833134,-45.22952026640636],[170.23915635050616,-45.23038550042596],[170.21662893398707,-45.23492204962905],[170.21648395088758,-45.257323533362424],[170.18648153317645,-45.265024499868595],[170.17770833412234,-45.287526466395725],[170.16133575085811,-45.31155871615988],[170.16188518384175,-45.31570558333056],[170.1563023006293,-45.327587666386854],[170.13675611737077,-45.34243628264748],[170.1200543325435,-45.35251320012484],[170.12921361616173,-45.367380582604696],[170.1281727002204,-45.38023181639928],[170.10767926682175,-45.396338716566106],[170.0861865338502,-45.4089058668133],[170.07259620066915,-45.42383336617494],[170.06423356591196,-45.44081623276972],[170.05265546635113,-45.45381794952188],[170.03070936665506,-45.47372426682284],[170.0295336341759,-45.47647383321371],[170.00524983387922,-45.48394131597885],[169.996388783572,-45.47754683339507],[169.98814676719556,-45.479529499784235],[169.984177566697,-45.485165616019145],[169.9641390830847,-45.48958744974881],[169.95059021629575,-45.49498166613294],[169.93126569989087,-45.499266183569304],[169.9064483826361,-45.497121066306185],[169.91379105022446,-45.5232187664101],[169.90608508312542,-45.542158766017835],[169.8972984175477,-45.539664333410975],[169.86213208407062,-45.54877251634848],[169.84262031725933,-45.54934880003458],[169.82516133421944,-45.55437926641315],[169.81199691649257,-45.56304288308538],[169.81193136582465,-45.57132053271816],[169.81843736749462,-45.573951249832476],[169.8131007664144,-45.58041443266479],[169.80169283360115,-45.60343656604328],[169.80422430009418,-45.61102065001802],[169.8029950837146,-45.62155716619946],[169.7937270325808,-45.632930866516894],[169.79493293304583,-45.64268155009669],[169.77802458339306,-45.65583658281662],[169.78206350056283,-45.66231914965763],[169.7798420165368,-45.66867173266183],[169.7716870670168,-45.669443799988365],[169.76146358414218,-45.674380099817526],[169.75722844987445,-45.67945416593247],[169.7573474336514,-45.68868959967217],[169.75097909998925,-45.69893896638479],[169.74104548302083,-45.70216716671022],[169.73658666675152,-45.71227573321017],[169.73939864963927,-45.71981944975086],[169.74404239916024,-45.733377266480375],[169.75279454952957,-45.73493031630023],[169.76067953300537,-45.74244194973113],[169.76082466668282,-45.75832491639905],[169.76425963292255,-45.76458009984103],[169.78281406643185,-45.76984781681948],[169.79737741602608,-45.77815941596773],[169.81807841746212,-45.775494683217495],[169.82711079989215,-45.763192266593386],[169.83716098319397,-45.76228921610285],[169.8538448002481,-45.75531295006754],[169.8686212169384,-45.75362478308441],[169.87444468242438,-45.761791499703044],[169.89076839997517,-45.758106233181984],[169.89824588394006,-45.74918143280771],[169.90421386633673,-45.74641194951804],[169.90695213291355,-45.735273566413476],[169.9036714003723,-45.73094088263449],[169.91037775038006,-45.725479199452685],[169.91454871760405,-45.71783371643718],[169.9330649497201,-45.715973649895126],[169.9406812336734,-45.717576733242744],[169.9580896338256,-45.743130099643494],[169.97316585057968,-45.7540960829475],[169.99352993397736,-45.75100319963864],[170.00755901629137,-45.76358241672719],[170.01084996591976,-45.770726233166044],[170.02966001611225,-45.77689095032372],[170.05066568389034,-45.77882138299848],[170.05029588262335,-45.85460379949174],[170.0217807338475,-45.854540283370376],[170.02136881747094,-45.91795301630996],[170.0292500508241,-45.92558148373075],[170.0469937006761,-45.93112654960568],[170.0548678175492,-45.92784298311787],[170.07010064994003,-45.92980041634009],[170.074767332345,-45.926945332920226],[170.08514813377477,-45.92742336650448],[170.09410731616637,-45.931545582829735],[170.0942562830357,-45.94309395009563],[170.1008830001044,-45.94929998308554],[170.114487599998,-45.950279532583906],[170.12623751650779,-45.956624149305355],[170.12937846628986,-45.96912645022903],[170.12303694989967,-45.974203933063094],[170.10826773320042,-45.978529016423984],[170.11289066654297,-45.98504216613742],[170.12604870018276,-45.99378823264009],[170.13643858340347,-45.99465088278107],[170.15155613259594,-45.99196478326385],[170.16701381688426,-46.003341366115684],[170.17007701753946,-46.01045101623531],[170.18153248304642,-46.0234852829814],[170.2034560834414,-46.05185553313106],[170.21235863305068,-46.051630566733266],[170.21962626692715,-46.0379021831316],[170.23040533330817,-46.026847199896],[170.2446924167448,-46.00875108320935],[170.2630273670975,-45.99583038292285],[170.26871009983108,-45.98728123343629],[170.29752665045825,-45.962393300143624],[170.32499961710982,-45.95196960006968],[170.33535766600005,-45.94916534399994],[170.34109831719903,-45.943078516881236],[170.36342209982212,-45.93783969941369],[170.3872869330186,-45.93447496668681],[170.40291743235045,-45.930552200022795],[170.427686132385,-45.928856566064766],[170.4449535990777,-45.923036916058805],[170.45089328321131,-45.92464506602635],[170.46050536606947,-45.920086016537],[170.48084033295797,-45.919038333756944],[170.48842490075842,-45.913181800227655],[170.51176531661554,-45.90917083346922],[170.563702267017,-45.907234416502476],[170.59305981655447,-45.90334675009433],[170.60516775027762,-45.89776741627019],[170.62316076642733,-45.897798299721074],[170.63397889933032,-45.90246669977581],[170.63894526689026,-45.89695388261307],[170.64886138416145,-45.897587366508304],[170.66378471640562,-45.90350873302274],[170.6791000168641,-45.89533600009381],[170.68586194983777,-45.89491873263248],[170.66782796639208,-45.871017182913306],[170.65790864940095,-45.86465973286621],[170.6623952325108,-45.859227316034165],[170.65992431667775,-45.8513553666112],[170.68270375091745,-45.85732874987421],[170.69041442800005,-45.86919403099995],[170.6795806890001,-45.875057218999984],[170.68400026666671,-45.88103778279445],[170.70028361640678,-45.87591528299172],[170.7206067493334,-45.87602998334287],[170.73922725022618,-45.879277333110494],[170.7498323505655,-45.868771249946406],[170.7437744140001,-45.86583328099994],[170.74141236714235,-45.85926891688274],[170.74919196609497,-45.855826482611576],[170.73910522500012,-45.847084043999985],[170.7341156010001,-45.84963989299996],[170.711608887,-45.84958267099995],[170.70164489800004,-45.85372161899994],[170.69049998303706,-45.854534032735245],[170.68277714989807,-45.84719511622655],[170.6888717665382,-45.83949513262197],[170.69530324911457,-45.838078182876295],[170.71815779948798,-45.84486673304842],[170.73211669900002,-45.84500122099996],[170.73063003410346,-45.83334680064614],[170.7379954503655,-45.81597251666399],[170.74830627400002,-45.80627822799994],[170.742179300375,-45.79974454980999],[170.74138108956697,-45.779968152676936],[170.72997844147247,-45.77458190899995],[170.7304382330001,-45.781665800999974],[170.72497558600003,-45.78291702299998],[170.72711181700004,-45.794971465999936],[170.7141723630001,-45.80130386199994],[170.70246887200005,-45.80291748099995],[170.69836425800008,-45.80708312999997],[170.68666076700003,-45.80710983199998],[170.682464599,-45.812137603999986],[170.66868385086582,-45.81868234959381],[170.67319218364452,-45.83168663287369],[170.67083740200007,-45.835414886999956],[170.65919494600007,-45.83874893199993],[170.65134921713368,-45.83757566649559],[170.64163208000002,-45.84544372399995],[170.624650999318,-45.84551389425088],[170.62330627400002,-45.84960937499994],[170.6007004513396,-45.8481604668109],[170.59822682202608,-45.85417038090368],[170.6012268070001,-45.860054015999935],[170.59722533388526,-45.86919068304944],[170.57833862300004,-45.87958144999993],[170.56500244100005,-45.88124847299997],[170.5391387940001,-45.88044357299998],[170.52746582100008,-45.88377761899994],[170.52009110014214,-45.89412504957866],[170.50721716402407,-45.88719335353629],[170.50684768372443,-45.87911638324213],[170.51322963158472,-45.87876988658637],[170.52590319987155,-45.87164521627729],[170.53800953398417,-45.87058588311765],[170.55847661696978,-45.86601675017937],[170.56774294904477,-45.862049316519965],[170.57412166692058,-45.856273533232695],[170.58026243321362,-45.84585398271367],[170.60545346661638,-45.820827616177816],[170.61185368253493,-45.81943878266057],[170.62366726733674,-45.822027333013054],[170.62663269000006,-45.81624984699994],[170.6237432172061,-45.807156116562304],[170.6285163443735,-45.79649503696257],[170.6409663002207,-45.79775226686591],[170.64797460009925,-45.79236598322889],[170.662382346279,-45.78785735982441],[170.6809400335457,-45.784119333460076],[170.70052663324932,-45.785926383484274],[170.70782500060773,-45.781052983207424],[170.69580466585728,-45.76371173288671],[170.68417358400006,-45.762916563999966],[170.67335510300006,-45.76461029099994],[170.66250610400004,-45.762916563999966],[170.65330505300005,-45.758777616999964],[170.64161068417903,-45.74272393321298],[170.63038635400005,-45.74252700699998],[170.62690866688132,-45.76281800018778],[170.61970070006217,-45.7572300994634],[170.6178111329116,-45.74952373312796],[170.62819036662722,-45.74931444999594],[170.62625890722754,-45.74417311813235],[170.61787902192486,-45.73708347029595],[170.6099395750001,-45.734584806999976],[170.59835815500003,-45.734584806999976],[170.59252929700006,-45.74124908299996],[170.58294677700007,-45.74750137199993],[170.5687058501486,-45.745070266876944],[170.568238434123,-45.73945151632132],[170.57169253303283,-45.72210451606036],[170.57550848311493,-45.71611181671075],[170.58880955057677,-45.71248919981128],[170.5987854010001,-45.72333144999993],[170.60326376668945,-45.705975950123346],[170.6134634340702,-45.69590578342768],[170.6175740342537,-45.6891641497663],[170.62937460067621,-45.68621163296982],[170.64155240091796,-45.67817769964018],[170.6546602497788,-45.66555541604496],[170.65434053357984,-45.65076398339045],[170.6599731440001,-45.64294433599997],[170.65434046669955,-45.63700016628896],[170.65168762200005,-45.62377929699994],[170.6607255662542,-45.63016661646847],[170.6666256998889,-45.62099189984155],[170.67492288351428,-45.61498526610143],[170.68985224985232,-45.61210893344306],[170.69482325925648,-45.61909985986422],[170.7072229000905,-45.61142893309758],[170.71373684970357,-45.60310064976799],[170.72524354995352,-45.59594891675213],[170.72863905017232,-45.5884494334311],[170.72678795009142,-45.56928578320502],[170.72848151756173,-45.55756083306065],[170.72148421577643,-45.550870216179256],[170.70957055038176,-45.55189763337439],[170.71560364930838,-45.559479533012656],[170.68308186586822,-45.559067532972705],[170.6779935159819,-45.55995448286881],[170.63678601640694,-45.55978423304826],[170.62720946687372,-45.56884085003037],[170.614484433886,-45.57553393312013],[170.6053819505876,-45.57419611633297],[170.59775371593312,-45.56935225005732],[170.59054970079484,-45.57244788396439],[170.57984675007717,-45.56754506668768],[170.57285661700067,-45.55464166675577],[170.56180208357543,-45.55394531656742],[170.56243678265716,-45.538338183363734],[170.55629948319543,-45.528410733423755],[170.55290613258265,-45.509369683266186],[170.4815941673141,-45.5092431168952],[170.47643893275534,-45.532972199509956],[170.46721010048998,-45.528889666196044],[170.4558276172303,-45.528613699658784],[170.4312650670937,-45.5231514830916],[170.41933701732137,-45.518734183500115],[170.3876844831307,-45.55409373361902],[170.37129656632914,-45.55423241676673],[170.36697738260943,-45.54923461621127],[170.34172415014712,-45.54580994965491],[170.35080036649467,-45.52815168300729],[170.35929508301086,-45.52123709950439],[170.3100214667882,-45.49786246626659],[170.30440071724024,-45.49958581629165],[170.28536293340485,-45.49737681644785],[170.27368098414757,-45.50559709992421],[170.26393735020207,-45.506748916375315],[170.2093873163655,-45.50671538258145],[170.20922193373931,-45.48190103314084],[170.22676701661769,-45.4820078167865],[170.26158308418758,-45.45611041640482],[170.26082364971688,-45.44877293280098],[170.26567970065193,-45.44412446653233],[170.284868083757,-45.444276499596235],[170.28498519931313,-45.38917499966626],[170.28431418296836,-45.34958936693583],[170.28866645039272,-45.349587966522925],[170.3090148667342,-45.35823708279751],[170.3248746839791,-45.36249949950889],[170.32505866692415,-45.324084400133415],[170.39489450044846,-45.327908883236894],[170.40898255018914,-45.31966818260365],[170.42087403422468,-45.30794910027048],[170.42344026711203,-45.295437717280166],[170.4150661826709,-45.28787864945433],[170.41098716730252,-45.28026065002896],[170.39413783355937,-45.26857071673856],[170.31354858318358,-45.268418899384265],[170.31373166647074,-45.24247825039771]]]},"properties":{"shapeName":"Dunedin City","shapeID":"76426892B14381320629181","shapeGroup":"NZL","shapeType":"ADM2"}},
{"type":"Feature","geometry":{"type":"Polygon","coordinates":[[[169.17215786734576,-45.44007048289797],[169.16075388296798,-45.43953894938433],[169.14882761681488,-45.44860766616452],[169.14023161724404,-45.46525208272415],[169.14197426657583,-45.47013528297682],[169.13812841650707,-45.48105428275727],[169.12904508413538,-45.52033418243048],[169.13023846747856,-45.52454896601348],[169.1128134496978,-45.54007934977807],[169.10727646640356,-45.55244003245839],[169.1052287501292,-45.563374933140395],[169.09721911719862,-45.583509949586194],[169.0807577168547,-45.59561938240865],[169.07356046715338,-45.60443133292095],[169.06551269970328,-45.62212481656021],[169.0586632332302,-45.64114946609977],[169.04397425012726,-45.652530432965015],[169.03528051578485,-45.65258541611011],[169.0246887334476,-45.659639299497705],[169.01870228355108,-45.67758538288158],[169.01882518317544,-45.68978528252483],[169.0073906504204,-45.69683004934912],[169.00522941735505,-45.700834399356786],[169.00757933331377,-45.71104508230276],[169.00407735047932,-45.72328293255552],[168.9933720505656,-45.72853841647481],[168.99451931682222,-45.73721424985821],[169.00170114976854,-45.73859451583361],[169.00455215011155,-45.74958496574611],[169.00347010013135,-45.79576789975483],[169.01353698343675,-45.80357068238988],[169.02403761696618,-45.805154049617094],[169.02884753321771,-45.80907956575949],[169.02539753401547,-45.82192298287606],[169.01981798249395,-45.82481909966518],[169.012026950624,-45.83409466583272],[169.00551023317948,-45.84793089936295],[169.0051994993221,-45.8634921996335],[169.05038973352652,-45.86395564965278],[169.04967551668338,-45.85852436687508],[169.05662261664403,-45.8501062663643],[169.0804555830881,-45.85816078245278],[169.07322191732965,-45.8649722835674],[169.0744737156721,-45.8710696665093],[169.0821544174051,-45.87301389976581],[169.091515616612,-45.88255611628213],[169.0990697992033,-45.884358183026315],[169.08950521627412,-45.89569673316831],[169.08506076754938,-45.90595521577599],[169.08475398394347,-45.91670898312816],[169.0764996491385,-45.919558265869405],[169.07391078337693,-45.92568729938759],[169.0821469169748,-45.929545016689794],[169.0903938996246,-45.93759729972036],[169.0972413500825,-45.938555666053645],[169.09971878362074,-45.948037433313566],[169.09439623349056,-45.95950104941737],[169.08111365086532,-45.96527553275044],[169.0672527833165,-45.98042761614638],[169.0713927504219,-45.98850356620412],[169.07271758347008,-46.001615999716535],[169.09072314951501,-46.00075914951815],[169.10817126692535,-45.995136832465484],[169.11716870012904,-46.00032283236199],[169.12747634994437,-46.00320549904931],[169.07982744985173,-46.0026810161743],[169.08175896695636,-46.01439393307641],[169.0881599005963,-46.021592149411816],[169.10259140078597,-46.03363146594634],[169.12408401663305,-46.03905811630389],[169.13850900029763,-46.048589932936984],[169.1533281342659,-46.04874471591787],[169.15800469939956,-46.0622218328338],[169.15787416578442,-46.068444649684274],[169.15307683395648,-46.07346438295877],[169.13801481739213,-46.07814883276945],[169.1355710659443,-46.08539231622072],[169.14844199914535,-46.08552046594977],[169.14829148328621,-46.092287532640796],[169.15813231622326,-46.09238584960679],[169.16328673329286,-46.09578558329533],[169.15787551661057,-46.106660866610426],[169.16230436669528,-46.1185416830583],[169.14309083356736,-46.12609089927967],[169.13343508309111,-46.13148523303631],[169.1301231331774,-46.14012230003499],[169.13292455029506,-46.150994799046835],[169.14329430029272,-46.14981088240402],[169.1507225831325,-46.15453968318205],[169.15873438319667,-46.151738532340715],[169.1688411172538,-46.16030119956573],[169.15961989969958,-46.17563714978237],[169.1688202335144,-46.181591499140175],[169.16787611719604,-46.18761138265508],[169.1873752001453,-46.1902230323927],[169.18974433279382,-46.19569163294698],[169.19829236588984,-46.200440132343324],[169.19806069944966,-46.21262954994374],[169.1863142495516,-46.22326121633498],[169.18623144949078,-46.23030966654682],[169.19565816678858,-46.23688506630481],[169.19177584919325,-46.247186483206825],[169.1857039175391,-46.25480476663837],[169.18830318363618,-46.25881614990285],[169.18901261659747,-46.27991991637369],[169.176854433577,-46.28568274954043],[169.18391175014813,-46.29141923266627],[169.18500643375393,-46.29905693238036],[169.19691505010118,-46.30431361585665],[169.18843173247805,-46.313505016422816],[169.17741623331256,-46.32187059933489],[169.19071041650488,-46.326360632744866],[169.176359133565,-46.334115066100665],[169.16126309932616,-46.34491761602763],[169.14838118299716,-46.35052991631451],[169.14634344999396,-46.3591224831387],[169.1373948168707,-46.36624214906739],[169.1341438675206,-46.37543923291638],[169.14424484996636,-46.38241696648749],[169.1610866835196,-46.38179901581797],[169.1787487670706,-46.388441499781],[169.19599751666388,-46.404406582479744],[169.1944400997747,-46.409670482537095],[169.19858433264986,-46.41487241656965],[169.19805730039263,-46.421700033264834],[169.18874933306253,-46.42686606607207],[169.19106906624282,-46.43441589988454],[169.19681016563848,-46.43879988318169],[169.18644711635056,-46.44277431663787],[169.17848231679264,-46.45215994977772],[169.16512893368193,-46.45565088272948],[169.16140643317078,-46.46685448268497],[169.16478555057938,-46.471571332463334],[169.1776978497161,-46.4772763165053],[169.1729598329671,-46.486118666163634],[169.18468880025023,-46.49210511610981],[169.2029943665799,-46.49523746626733],[169.2121538668408,-46.50119799921793],[169.23276636622938,-46.51164728259295],[169.24642578335278,-46.50993664945984],[169.2506602335253,-46.51432658313236],[169.24648404948886,-46.519649599085966],[169.24488023358253,-46.52938216625526],[169.23588741567985,-46.53650711648547],[169.2274952842238,-46.54818388278602],[169.2135596001811,-46.55454443272021],[169.19556973337473,-46.55491769953245],[169.2009408831955,-46.56070983266216],[169.23034048420547,-46.57296489966422],[169.24507611720597,-46.575240016164614],[169.2648885007906,-46.58585470008434],[169.26157808310825,-46.59855284932436],[169.27410521645257,-46.611338099953336],[169.2653065665126,-46.61549265019798],[169.27916626645265,-46.62241376659752],[169.29721379985173,-46.62334358274355],[169.3111877440001,-46.62916564799997],[169.32105406591472,-46.62729129943406],[169.33247375500002,-46.63291549699994],[169.34007375027247,-46.63210943264666],[169.35362562280886,-46.63797062268498],[169.36103326617663,-46.6368627499518],[169.36527254966543,-46.631448366340486],[169.35547351682337,-46.62153646582585],[169.36212341752565,-46.614734149634494],[169.37929228334337,-46.607037983066675],[169.39099560083812,-46.60765178293467],[169.40484330052274,-46.61232624937288],[169.4166886667751,-46.60289124920853],[169.43433933375928,-46.6074420662077],[169.4421548888528,-46.6012411138166],[169.42996388315083,-46.597845599175116],[169.43308456744404,-46.5916141165952],[169.4434253991487,-46.58186406667678],[169.45460703377472,-46.577761832997396],[169.46943988397945,-46.57836324981263],[169.47846091730165,-46.569333632900914],[169.47789001500007,-46.55669403],[169.48538208000002,-46.558334350999985],[169.50652463323718,-46.556485582798594],[169.52568961647845,-46.55726599986074],[169.53541705091328,-46.55998199935635],[169.540931968059,-46.56477879782699],[169.55064486678677,-46.560275199975685],[169.57459991624216,-46.564030999730996],[169.58122253400006,-46.56835937499994],[169.59480925035174,-46.56460034946078],[169.61000836646826,-46.55409783256359],[169.61692666755943,-46.540284649400505],[169.62799853334616,-46.537932316139155],[169.6530119496446,-46.538684166488366],[169.658900916564,-46.53487579920255],[169.66005965016697,-46.52819154976138],[169.67674354912478,-46.52427476633025],[169.68452181654936,-46.52517823271117],[169.69885528402216,-46.519339317062645],[169.69428331695389,-46.51626863309055],[169.6962470499223,-46.5079434328264],[169.7084599669486,-46.5064831161144],[169.71113988355157,-46.502499982996845],[169.70888541760164,-46.49405839962584],[169.7228600008962,-46.49017414932107],[169.72109491725013,-46.48630224941155],[169.69963238302466,-46.47859291659719],[169.69501668358012,-46.48456436651239],[169.68292563313682,-46.48388524972742],[169.67704716699126,-46.47484838324112],[169.6640928341926,-46.471306216400286],[169.63315923327147,-46.48894393272803],[169.62559816672913,-46.49039308254217],[169.61511346687777,-46.479808549307975],[169.62804179995933,-46.47568820002053],[169.63497680048178,-46.47567538307984],[169.63986749902213,-46.46834398295335],[169.6490333166039,-46.47051471611369],[169.66417594952594,-46.46925788290189],[169.68015864917908,-46.47174269998319],[169.6849899002998,-46.478240966420984],[169.6920723508762,-46.4783066996911],[169.7029212839059,-46.47251309944087],[169.71651610045546,-46.47411681632785],[169.72068084942003,-46.47925861623867],[169.74084451681145,-46.475786782878515],[169.75288391100003,-46.47916793699994],[169.75708678301555,-46.47523416718203],[169.75789423416535,-46.4665465003198],[169.76685201730027,-46.468843916802705],[169.78168700071615,-46.46514353318238],[169.77911188263045,-46.45425911642254],[169.79705196583797,-46.45135369930821],[169.7985804331141,-46.44040166604664],[169.79401631738276,-46.43440129951869],[169.79526648387372,-46.4182560667413],[169.7999363493251,-46.41221869971527],[169.79157224996408,-46.40753591672388],[169.78928481746934,-46.40248308260168],[169.78099894981585,-46.39705829950541],[169.78466306654127,-46.375698016228334],[169.7832977663823,-46.37362154938326],[169.79248185079254,-46.36050230004985],[169.79536438000002,-46.353389739999955],[169.80874633700012,-46.34083175699993],[169.82000732400002,-46.33294296199995],[169.844196490335,-46.327969388316966],[169.87714821670463,-46.31685103279728],[169.8907023002854,-46.31509671648789],[169.8952113492284,-46.31068433267202],[169.92394186701924,-46.298354333763776],[169.9316437663837,-46.28593684950265],[169.95601243302303,-46.2750579501324],[169.97248291669706,-46.27204513290508],[169.98393153305113,-46.2596764160652],[169.99984041696578,-46.250971333155036],[170.00359618423113,-46.24259958346131],[170.0198067332608,-46.232874366455114],[170.04009573408962,-46.225186466478085],[170.0567555668928,-46.21322728311784],[170.07751401629915,-46.202686932985195],[170.09819926627787,-46.19399538256529],[170.10888024917614,-46.19136138259196],[170.1267294490367,-46.183684616379225],[170.13102640012744,-46.17758648292644],[170.14725869963908,-46.16758961685484],[170.15886585069717,-46.158571699302335],[170.16856066666472,-46.15454191646458],[170.18326075023438,-46.13726443324157],[170.18264864963555,-46.1270958661352],[170.18615903326935,-46.115708450166515],[170.19659098398122,-46.10569086617404],[170.20002741640835,-46.090187166431996],[170.2010066326653,-46.07308999955687],[170.19797931639724,-46.069455666115],[170.19702148400006,-46.05086135899995],[170.2034560834414,-46.05185553313106],[170.18153248304642,-46.0234852829814],[170.17007701753946,-46.01045101623531],[170.16701381688426,-46.003341366115684],[170.15155613259594,-45.99196478326385],[170.13643858340347,-45.99465088278107],[170.12604870018276,-45.99378823264009],[170.11289066654297,-45.98504216613742],[170.10826773320042,-45.978529016423984],[170.12303694989967,-45.974203933063094],[170.12937846628986,-45.96912645022903],[170.12623751650779,-45.956624149305355],[170.114487599998,-45.950279532583906],[170.1008830001044,-45.94929998308554],[170.0942562830357,-45.94309395009563],[170.09410731616637,-45.931545582829735],[170.08514813377477,-45.92742336650448],[170.074767332345,-45.926945332920226],[170.07010064994003,-45.92980041634009],[170.0548678175492,-45.92784298311787],[170.0469937006761,-45.93112654960568],[170.0292500508241,-45.92558148373075],[170.02136881747094,-45.91795301630996],[170.0217807338475,-45.854540283370376],[170.05029588262335,-45.85460379949174],[170.05066568389034,-45.77882138299848],[170.02966001611225,-45.77689095032372],[170.01084996591976,-45.770726233166044],[170.00755901629137,-45.76358241672719],[169.99352993397736,-45.75100319963864],[169.97316585057968,-45.7540960829475],[169.9580896338256,-45.743130099643494],[169.9406812336734,-45.717576733242744],[169.9330649497201,-45.715973649895126],[169.91454871760405,-45.71783371643718],[169.91037775038006,-45.725479199452685],[169.9036714003723,-45.73094088263449],[169.90695213291355,-45.735273566413476],[169.90421386633673,-45.74641194951804],[169.89824588394006,-45.74918143280771],[169.89076839997517,-45.758106233181984],[169.87444468242438,-45.761791499703044],[169.8686212169384,-45.75362478308441],[169.8538448002481,-45.75531295006754],[169.83716098319397,-45.76228921610285],[169.82711079989215,-45.763192266593386],[169.81807841746212,-45.775494683217495],[169.79737741602608,-45.77815941596773],[169.78281406643185,-45.76984781681948],[169.76425963292255,-45.76458009984103],[169.76082466668282,-45.75832491639905],[169.76067953300537,-45.74244194973113],[169.75279454952957,-45.73493031630023],[169.74404239916024,-45.733377266480375],[169.73939864963927,-45.71981944975086],[169.7178927337591,-45.71478073329936],[169.71458616644313,-45.70832806677928],[169.69436800031852,-45.710821866715264],[169.68305290000367,-45.70733468277117],[169.67412720042358,-45.697491533116995],[169.66695220001705,-45.699332849644456],[169.66386991755408,-45.70508684941524],[169.6659444998642,-45.71286869973792],[169.65957308311707,-45.73503071652963],[169.65452913288968,-45.74072940023434],[169.64695796615013,-45.758647282984185],[169.64795931632835,-45.76412974999831],[169.6415717832859,-45.769193233047325],[169.60954381598893,-45.77352091630487],[169.58671246584936,-45.78130813298546],[169.58650318239464,-45.789274366411604],[169.57644141727437,-45.798640132957],[169.54999258354462,-45.80567546620485],[169.5475394165199,-45.80867993280633],[169.53408850017487,-45.809656349745474],[169.5244721330291,-45.81315606630259],[169.50256581743224,-45.79691303310829],[169.4843235331519,-45.79677404932999],[169.4772636834162,-45.78735936640753],[169.46785581579286,-45.78575929965275],[169.44742843230622,-45.79017209999553],[169.44761623347182,-45.774671766666664],[169.43820138899886,-45.773040423519824],[169.4350596132234,-45.76054523137576],[169.43702527538332,-45.75759444138135],[169.41788596621768,-45.737008616278615],[169.41189941733543,-45.74131876647128],[169.3981086175569,-45.74415569932694],[169.40018160018562,-45.7341803166534],[169.39997803377776,-45.72223811647774],[169.40460458345157,-45.7129532829852],[169.39995621672236,-45.70102256652646],[169.40334991578013,-45.69541886607769],[169.40298166647946,-45.686575649666295],[169.3884627330093,-45.69054844988247],[169.3677712160946,-45.69087693321835],[169.35491969953728,-45.68734529916829],[169.34906083326052,-45.689456983144815],[169.32614249940258,-45.691107033018596],[169.29014596684794,-45.688154499737855],[169.2878777492963,-45.70103389956997],[169.27891355003518,-45.70258483280948],[169.26951431631312,-45.69052121589397],[169.25762394998978,-45.691638732563796],[169.24803466748685,-45.69499849953099],[169.2355842165701,-45.69253549951975],[169.22351108400505,-45.67947726658163],[169.2221138325089,-45.672564382468614],[169.2103972156772,-45.6710626331576],[169.19988803404883,-45.66294701640443],[169.17799729995576,-45.656281783092105],[169.1740559503125,-45.644595332479255],[169.18097573292704,-45.62543686576227],[169.17686790074384,-45.620428066546],[169.1831332667502,-45.607153499813826],[169.17815551693067,-45.60313568274777],[169.1741186824792,-45.59058389979669],[169.19773571634562,-45.57335749983172],[169.1966470841383,-45.56708484962303],[169.18877769938493,-45.565630382511166],[169.18118333247946,-45.557423766057276],[169.1743713830226,-45.5554363491344],[169.16723084963598,-45.54857944988089],[169.17352178274612,-45.54321424997495],[169.16951416662823,-45.53731896684887],[169.17281986879775,-45.524963750143755],[169.18290966640498,-45.51444084970023],[169.17680906646805,-45.505926266356155],[169.17976740086266,-45.49894281653824],[169.16463938310363,-45.485605949763745],[169.16152140012008,-45.47420034906163],[169.15396351684356,-45.46983576635689],[169.15404001657797,-45.465642782603474],[169.16799654924932,-45.4587051828803],[169.173295717166,-45.45139428249278],[169.17215786734576,-45.44007048289797]]]},"properties":{"shapeName":"Clutha District","shapeID":"76426892B1616776897166","shapeGroup":"NZL","shapeType":"ADM2"}},
{"type":"Feature","geometry":{"type":"MultiPolygon","coordinates":[[[[167.43636476320572,-47.22654339461044],[167.43092913442567,-47.22392349001682],[167.41298898157044,-47.22690775946606],[167.3977153665266,-47.23210834199995],[167.39147136830834,-47.23902573016629],[167.3786136856524,-47.247739296156325],[167.37834511644297,-47.25342709317436],[167.38876976300003,-47.25482008399996],[167.39355782000007,-47.259930931999975],[167.41622197480143,-47.2446986375196],[167.42702042300004,-47.240025524999965],[167.43636476320572,-47.22654339461044]]],[[[167.61408981738117,-46.74997726359252],[167.60321857596807,-46.75562821882498],[167.59872436500007,-46.76669311499995],[167.6126492200001,-46.77488677599996],[167.61158469297973,-46.77894108673982],[167.61754765600006,-46.78961181599993],[167.62531323549146,-46.79495858077011],[167.63462140122414,-46.79238283078867],[167.642112332291,-46.79542121347939],[167.65375925260037,-46.78498626533774],[167.66329121990023,-46.781088695312995],[167.65990750661877,-46.765475088293414],[167.65241853412374,-46.766507629947974],[167.64093105122808,-46.7613665971658],[167.64204285067478,-46.75367204856197],[167.63210310209712,-46.7537474312343],[167.6226822690946,-46.75747514785969],[167.6146499890001,-46.754465126999946],[167.61408981738117,-46.74997726359252]]],[[[168.53471554997756,-46.73603391579287],[168.52642824918019,-46.736847399159544],[168.52976133406418,-46.7432556327029],[168.52179598388923,-46.746271948755336],[168.50942527900008,-46.75846881599995],[168.49466953375725,-46.7602063160903],[168.4923354350001,-46.76974506099998],[168.485805183034,-46.77230716586421],[168.4774338498624,-46.76787216597202],[168.47126864000006,-46.770662578999975],[168.47649951661242,-46.77750226558229],[168.48744803285857,-46.77625268249439],[168.5029372240001,-46.77721788399998],[168.50767155025605,-46.78134771603186],[168.5048761170001,-46.78765097499996],[168.50567161700008,-46.796040945645125],[168.5113031157838,-46.79965931527306],[168.51780536342028,-46.79162682983389],[168.5169616165345,-46.78496314891589],[168.52778160200012,-46.776802250999935],[168.53668448419072,-46.7751397991929],[168.53806773301343,-46.766462649116335],[168.54719198302263,-46.75145361563739],[168.53922222000006,-46.748134489999984],[168.53471554997756,-46.73603391579287]]],[[[167.86969671738558,-46.68423101504756],[167.8597088144014,-46.68913344011732],[167.86036682200006,-46.692501067999956],[167.84799710183069,-46.70009356436401],[167.83491100019228,-46.70305004685203],[167.824151282889,-46.70074039820707],[167.82119176884507,-46.69530686395604],[167.81033718392615,-46.69296323009466],[167.80295480001442,-46.69503736414595],[167.79367151896085,-46.69328493217939],[167.78647808667404,-46.68739766428221],[167.76688041788424,-46.696239780100704],[167.7546406331644,-46.694684714637596],[167.74743893959638,-46.70060228376921],[167.74296918383226,-46.70842508058789],[167.73200378324145,-46.71336786530107],[167.72217027790128,-46.71469675104954],[167.72541809100005,-46.727527617999954],[167.71912838528368,-46.7425082473167],[167.70797455223482,-46.744998347317576],[167.7052516670091,-46.754228319984925],[167.71911330017815,-46.78485946418555],[167.717065935226,-46.788950531081866],[167.70509385141224,-46.790988981115206],[167.70805832943114,-46.80125045799997],[167.71542358400006,-46.803359985999975],[167.7279205330001,-46.814998626999966],[167.7281792113015,-46.82427824606899],[167.73397681980268,-46.83415889077307],[167.7424926760001,-46.84294509899996],[167.7512817380001,-46.84833145199997],[167.75874328700002,-46.865859985999975],[167.75209045400004,-46.87419509799997],[167.76705932700008,-46.885055541999975],[167.77038574300002,-46.89502716099997],[167.7712249750001,-46.91255569499998],[167.76869201700003,-46.92336273199993],[167.7629241940001,-46.93416595499997],[167.74496460000012,-46.95208358799994],[167.72917175300006,-46.96127700799997],[167.69403996742844,-46.96708299769159],[167.68350621373796,-46.965534482217414],[167.6758575440001,-46.97380447299997],[167.6878814690001,-46.978359222999984],[167.69160461400008,-46.99627685599995],[167.70458984300012,-47.00585937499994],[167.69125366200012,-47.01330566299998],[167.69125366200012,-47.01669311499995],[167.70118713300008,-47.02336120499996],[167.7039698508707,-47.03207829765142],[167.717132568,-47.042526244999976],[167.7125244140001,-47.050472258999946],[167.70088195800008,-47.04875182999996],[167.6966705320001,-47.05125045699998],[167.6798411929652,-47.043750761999945],[167.67497253400006,-47.043750761999945],[167.65333557200006,-47.037109373999954],[167.6374664320001,-47.039585113999976],[167.62333679200003,-47.04380416899994],[167.62089538600003,-47.04877853399995],[167.602951049,-47.06002807599998],[167.6012268060001,-47.07088851799995],[167.5895843500001,-47.07919311399996],[167.58413696200012,-47.086250304999965],[167.56582641600005,-47.09127807599998],[167.56286621100003,-47.09752655099993],[167.57119751000005,-47.10916519199998],[167.58413696200012,-47.112056731999985],[167.58502197300004,-47.11794280999993],[167.5771179200001,-47.129196166999975],[167.5762481690001,-47.13916778599997],[167.57080078100012,-47.14461135899995],[167.5779418940001,-47.154998777999936],[167.57458496100003,-47.15999984699994],[167.57627868600002,-47.16749954299996],[167.56578063900008,-47.178779600999974],[167.557464599,-47.17541503899997],[167.5466156010001,-47.177944182999966],[167.53997802800006,-47.18624877999997],[167.52455139200003,-47.19002914499998],[167.5287780760001,-47.195835113999976],[167.5225067140001,-47.199554442999954],[167.50513274907416,-47.202043546418324],[167.49664306600005,-47.200416563999966],[167.4875335690001,-47.21208190899995],[167.46791076700003,-47.21919632],[167.46789550800008,-47.23502731299993],[167.4612426760001,-47.238388061999956],[167.4604187010001,-47.24525602609603],[167.46539306700004,-47.25],[167.4628906250001,-47.25583267199994],[167.45130920400004,-47.26088714599996],[167.4570770260001,-47.27000045699998],[167.45721166714017,-47.2794518953544],[167.4666220858512,-47.28285241341729],[167.47987885134788,-47.27852079671854],[167.48548691800568,-47.27045219766761],[167.49494934100005,-47.27377700699998],[167.49499511700003,-47.28374862499993],[167.50626098584934,-47.28546643060992],[167.5160198008004,-47.28217274701914],[167.5249263840858,-47.287657979553416],[167.5353537516873,-47.287056847647584],[167.54168641906773,-47.283072246857394],[167.55835968597316,-47.27763442954068],[167.57306198368198,-47.278517696162126],[167.57163645160767,-47.27154198073303],[167.57747403527264,-47.26358536423793],[167.58657623352622,-47.26017908097688],[167.5928579188912,-47.24547178001802],[167.60408125223745,-47.2485638968223],[167.62089538600003,-47.24791717499994],[167.61372375500002,-47.255859373999954],[167.61677391850742,-47.266576979768296],[167.64603149997998,-47.26372163031226],[167.6464777353925,-47.25591239717028],[167.655279718723,-47.25213074803826],[167.65596785238867,-47.24643509705216],[167.65129761733442,-47.23886044681855],[167.6604183188186,-47.23342308086593],[167.65733673452146,-47.224221497871476],[167.64250183100012,-47.22205734299996],[167.6362762450001,-47.22666549699994],[167.63952636700003,-47.23669433599997],[167.63166809000006,-47.237110137999935],[167.62753295900006,-47.242916107999974],[167.6108398440001,-47.23627853399995],[167.6016387940001,-47.23544311599994],[167.58670043900008,-47.24213790899995],[167.57000732400002,-47.24375152599998],[167.56087720071088,-47.24160479628328],[167.55564391752858,-47.23048798030004],[167.56413269000006,-47.23047256299998],[167.5776095510638,-47.237053780883734],[167.58416911918988,-47.22781521465884],[167.6030469846434,-47.228364680967374],[167.61130525026488,-47.22232604804426],[167.59787521962252,-47.21793396453597],[167.60250166831995,-47.21206654836184],[167.61609195221598,-47.213235663040834],[167.61936965180408,-47.20750579763003],[167.62893033505034,-47.20359002978412],[167.6389263171958,-47.204534030656085],[167.6325956343452,-47.1952249810376],[167.64050835058543,-47.19120778041225],[167.65157071832365,-47.204495598002694],[167.66046533598586,-47.20165183098563],[167.66887018549474,-47.19530464668608],[167.6740328521558,-47.18435834660704],[167.66746169932097,-47.178465213520205],[167.68034230051074,-47.17065194765076],[167.698099450034,-47.16360409800454],[167.69766710103409,-47.156837331515064],[167.70416259800004,-47.152889251999966],[167.71414184600008,-47.15963745099998],[167.72006225600012,-47.168750761999945],[167.72129821800002,-47.17833328099994],[167.7271489681637,-47.183251864140864],[167.73649585236777,-47.17890591371097],[167.74562940068233,-47.17815208204281],[167.75108323470278,-47.1741823987335],[167.76245117200006,-47.17375183099995],[167.76464510847643,-47.177341318274266],[167.78028845256298,-47.18458976344842],[167.78895431807996,-47.18029369865407],[167.79652268538374,-47.187061614252045],[167.8041627994301,-47.18753489838089],[167.81407255192116,-47.19196096393026],[167.82569975228313,-47.191379982114015],[167.84673610024907,-47.1787587149168],[167.85232231786932,-47.181915563905726],[167.86597608419603,-47.18115748074563],[167.86492653362194,-47.17316934766872],[167.8732757570001,-47.169582365999986],[167.87750356366627,-47.17514740410536],[167.89875875171612,-47.1675911471175],[167.9134320351804,-47.14991083147774],[167.927610317005,-47.15250484789074],[167.93193381692487,-47.14154013188095],[167.94304245152642,-47.13580418121487],[167.94909861918885,-47.128881031717604],[167.95435135104472,-47.12927456346243],[167.9620398155654,-47.139651991417125],[167.9729718853982,-47.13233586486717],[167.98205003331228,-47.134367398575264],[167.984523902163,-47.12873214738713],[167.99678176607782,-47.12469484770823],[167.99316015000753,-47.11432103094794],[168.00705981755254,-47.12155833219467],[168.0165176181864,-47.11980496693869],[168.0189609922834,-47.125707579909715],[168.03138081737907,-47.12844703095868],[168.04334200181,-47.12865963108201],[168.0432741006861,-47.11254049805818],[168.0530059511379,-47.12083924837231],[168.06073823253834,-47.12099393196872],[168.06329867673753,-47.1124003588964],[168.0766313840398,-47.10600096442962],[168.0899963380001,-47.11208343399994],[168.10962313440223,-47.11575816533215],[168.11803170023362,-47.12146571455063],[168.13277596886556,-47.12073816415313],[168.12160013455411,-47.109304215398645],[168.1112723687835,-47.10439379814998],[168.10300818430235,-47.10517259768245],[168.10075539943514,-47.09857376510375],[168.12826873458016,-47.10499284877133],[168.12888220100663,-47.10845718018263],[168.15361586797954,-47.11378544825216],[168.1498262665211,-47.10732894907458],[168.15639086723772,-47.104143515079315],[168.15000600836262,-47.09408019429958],[168.14273665091673,-47.08784348208016],[168.1721842857083,-47.07987686518477],[168.1815849003955,-47.08649138211574],[168.1942907996584,-47.08456309725406],[168.19277247432984,-47.0916309921727],[168.19912067036563,-47.09658343443691],[168.21290423509384,-47.092738664864406],[168.21054733836124,-47.0845335299349],[168.19580078100012,-47.08294296299994],[168.17319670599602,-47.07464129485406],[168.17050671136732,-47.070086108404396],[168.15913391100003,-47.06958389299996],[168.1651017505738,-47.060243947845805],[168.17087256703408,-47.0600968990755],[168.1761573341654,-47.053448065811295],[168.18388840031287,-47.05512963152428],[168.19905048566955,-47.0650650981889],[168.20840023327662,-47.066843181650356],[168.21025213431255,-47.061983696987866],[168.20020333325138,-47.057820031842446],[168.19802016650948,-47.05130748152528],[168.20816243558616,-47.046840082877246],[168.2081015331632,-47.03897628148349],[168.20155915033723,-47.0280394979774],[168.21390233365778,-47.02597181539528],[168.2166137690001,-47.01791763199998],[168.2089991844084,-47.015047931611406],[168.20293710244184,-47.00820466464722],[168.21321331720577,-46.999928347194476],[168.20524203414814,-46.994851548603094],[168.20290900103106,-46.988744514606296],[168.19501428347138,-46.98675799835947],[168.19039021698543,-46.980061632167285],[168.1778560172743,-46.97405734756536],[168.183680833904,-46.965638745898744],[168.18433486772884,-46.95818763199955],[168.17662478338653,-46.95626679789719],[168.17956621657217,-46.940766430962135],[168.1908111580001,-46.937915800999974],[168.18189411753414,-46.92741363182811],[168.17378766815153,-46.928510364398086],[168.17226471964116,-46.942009865426265],[168.17465225239033,-46.94662734797206],[168.1695861810001,-46.95916748099995],[168.1754150390001,-46.96502685399997],[168.17080688400006,-46.97377777099996],[168.15397200058314,-46.973637731883436],[168.142913818,-46.97669601499996],[168.14331054700006,-46.98377609099998],[168.1262507153126,-46.990240006440274],[168.11042358423916,-46.99212323858488],[168.10287360164037,-46.98961257899998],[168.07482621847586,-46.99119784854779],[168.07273553362467,-46.9835293656019],[168.08735705222787,-46.979150432341136],[168.0938238339956,-46.97281514741506],[168.11857966693165,-46.96837966520274],[168.12703098344244,-46.96231474784376],[168.12457417044493,-46.956273201282556],[168.115005493,-46.960445403999984],[168.10710278307383,-46.95770251346781],[168.09756730200868,-46.96012758066936],[168.0867280973079,-46.95540427731193],[168.07592454309756,-46.95622678372741],[168.0627297022831,-46.948748114588035],[168.0490702509512,-46.94593559830074],[168.03714281273454,-46.946448659081916],[168.02833557200006,-46.95211028899996],[168.02154276808912,-46.95081371546829],[168.02268101780703,-46.9440018816566],[168.02798813459472,-46.93932986545699],[168.01185018340223,-46.92622236540956],[168.0052736349619,-46.92425009811515],[167.99914490203824,-46.92869628181297],[167.9913668683074,-46.92805954675391],[167.9766082760001,-46.94372176999997],[167.96963775169533,-46.94317053227234],[167.96452331500006,-46.95336151199996],[167.94322812716965,-46.958830354703586],[167.93417358400006,-46.967109679999965],[167.91467376836005,-46.96738516583821],[167.92418605091285,-46.959820647509815],[167.940219533293,-46.95142704842969],[167.95005593461215,-46.93839931527648],[167.96214506744397,-46.933302380302855],[167.97225985075642,-46.93422846476437],[167.97883460034927,-46.928878231992655],[167.97079960065795,-46.90442028215767],[167.9708557130001,-46.89880371099997],[167.98014523436208,-46.896022098163606],[167.98283126721864,-46.890183347613664],[167.99837218477316,-46.89031911495846],[167.99616621691317,-46.886237314229184],[168.00301588349993,-46.873743747779585],[168.01583862300004,-46.877944946999946],[168.01455688500005,-46.885860442999956],[168.02038574200003,-46.89333343399994],[168.0319081845314,-46.896887481320036],[168.02803461926794,-46.90245979771908],[168.0170593260001,-46.90422058099995],[168.02685511647314,-46.91317671820239],[168.03752136200012,-46.91210937499994],[168.04750061000004,-46.90208434899995],[168.05914306600005,-46.90877914499998],[168.06948180816963,-46.901001338141704],[168.08419799800004,-46.90541839499997],[168.10336303700012,-46.907112121999944],[168.10743713400007,-46.90208434899995],[168.1228637700001,-46.90252685499996],[168.1286791397829,-46.90677107964128],[168.13583374000007,-46.904609679999965],[168.12646973477092,-46.894003131869766],[168.14521951625235,-46.88472531488992],[168.14651105045087,-46.877834665095946],[168.12942754938646,-46.88135493175517],[168.12593206712455,-46.87682103155456],[168.14433856783455,-46.86982741525301],[168.14179219956517,-46.861858531773414],[168.13195756763875,-46.85475199803197],[168.1221992662532,-46.863165164771864],[168.11187851202828,-46.86101048508824],[168.09450681949846,-46.85238388063094],[168.08412089989696,-46.8554946150542],[168.08093630074364,-46.839324231188336],[168.08723183515886,-46.829871080732104],[168.07739565208013,-46.830576248633605],[168.07181393446672,-46.824686848522006],[168.051712817549,-46.81896071397078],[168.03999328600003,-46.81874847299997],[168.03356195151727,-46.810444448255346],[168.0328798172849,-46.80331799754027],[168.01915245167154,-46.80150883188224],[168.01041218482504,-46.79542659801101],[168.00121073273235,-46.78576266403767],[168.00036621100003,-46.77999877899998],[168.00486921845302,-46.774660564656294],[168.0007512013501,-46.770348865873814],[167.99100170206907,-46.770341330551844],[167.9845313522742,-46.76039594842443],[167.98383523482534,-46.75281329792569],[167.97952613415885,-46.7457953158042],[167.97654756697827,-46.72376139734661],[167.96178466859254,-46.72142374756671],[167.95236416901778,-46.71689526534994],[167.94364485133477,-46.707800764843036],[167.93365781838213,-46.708648898278554],[167.9259226187677,-46.70035473149678],[167.91205223410958,-46.69866536477822],[167.9070567192193,-46.700322446822],[167.8968242341557,-46.69420924751471],[167.88270370132514,-46.691784280580706],[167.8781286518529,-46.686400431236024],[167.86969671738558,-46.68423101504756]]],[[[167.84288326789732,-46.45148158129899],[167.84207543426027,-46.45690459773109],[167.84862718800002,-46.46082136499996],[167.85390229984765,-46.45529323175992],[167.84288326789732,-46.45148158129899]]],[[[166.68371717530644,-45.60159351129592],[166.67241513500005,-45.602931199999944],[166.66408383600003,-45.60704344399994],[166.6424980541176,-45.60701383929916],[166.6357787830001,-45.61123579599996],[166.6218782862226,-45.610845727403955],[166.61845960420553,-45.607570443648996],[166.6042595937853,-45.60390385051765],[166.59904770340827,-45.607544743789525],[166.5941153030864,-45.616571977469384],[166.5832732890001,-45.61209791799996],[166.57012153811175,-45.61979122670897],[166.5603792328489,-45.63184036517863],[166.55389757068244,-45.635056527213266],[166.5461124879938,-45.62493882662705],[166.53806120550797,-45.62741652598424],[166.53802252086518,-45.633276760353496],[166.53069150200008,-45.64040297199995],[166.5232452130001,-45.642043290999936],[166.52286374300002,-45.65498655899995],[166.51959322133447,-45.66197044311786],[166.5132953374586,-45.66532019315079],[166.50210243331117,-45.67576016624945],[166.49910580900007,-45.68370741499996],[166.4915832260001,-45.683737932999975],[166.48277890500003,-45.69248503299997],[166.47572934400011,-45.70292967399996],[166.46492708868388,-45.70811759394213],[166.4582275130001,-45.717044053999984],[166.4523681380001,-45.71790236099997],[166.45116269400012,-45.72495955099998],[166.445640994814,-45.73094274556717],[166.45431348875064,-45.7384699764692],[166.4694306724933,-45.73103817615983],[166.48753512206034,-45.71711652652428],[166.49432720526443,-45.71656999320547],[166.49985650500724,-45.708983810239495],[166.52739945502458,-45.6885786607362],[166.542429821305,-45.679993560374655],[166.55110103785228,-45.66896986052625],[166.5528014880001,-45.679152665999936],[166.55744015900007,-45.68456953699996],[166.56987768666428,-45.688736026997844],[166.55496823600004,-45.69540327699997],[166.5546747205552,-45.70130690995888],[166.5719778162763,-45.70254965651619],[166.57697140900007,-45.70996016199996],[166.56687205423336,-45.71882697720234],[166.58837897067434,-45.720746960901685],[166.59380258722442,-45.731418977387484],[166.58280732676218,-45.73120972501031],[166.57817273844066,-45.739887677111795],[166.58742347062818,-45.74481121072571],[166.59294005877234,-45.7549150129099],[166.60251747147532,-45.75138206113625],[166.62614315289233,-45.74871079393179],[166.64771925439535,-45.73913391110747],[166.64937855348165,-45.714589010542475],[166.65660548236357,-45.740538798236386],[166.6628753361395,-45.74445907787131],[166.66210604353623,-45.749993717387675],[166.6846538367586,-45.74817357769503],[166.69957483712435,-45.73836671136625],[166.71094821935074,-45.727671561582085],[166.71745222061986,-45.72531041098769],[166.71698210363542,-45.71865344472222],[166.72364018745745,-45.69923544444404],[166.7158512697818,-45.68792652742386],[166.71982575427648,-45.676983665276396],[166.7163668537299,-45.6668176617078],[166.71679577459784,-45.65721681192478],[166.71313403663322,-45.634344094947004],[166.71648247027136,-45.62800182762715],[166.71297143465608,-45.62097649116626],[166.7067846207316,-45.618540177956575],[166.69743954900002,-45.60873716999998],[166.6875351024538,-45.60605257783646],[166.68371717530644,-45.60159351129592]]],[[[166.96242585192124,-45.14779827912141],[166.94787081937486,-45.152974974326796],[166.94145001772475,-45.164246478560834],[166.9235587808103,-45.17479121443868],[166.91700001869594,-45.18446226184726],[166.90964676840645,-45.189953078530365],[166.89750955260806,-45.204065962432495],[166.8989948740001,-45.21008367999997],[166.88070611831338,-45.22376236201503],[166.8781055920001,-45.23585958999996],[166.87151379500006,-45.240025238999976],[166.88353772100004,-45.24463720799997],[166.90273327800003,-45.259636597999986],[166.91434521600002,-45.27213736099998],[166.92740807106563,-45.27929752916976],[166.94357403558445,-45.28565017920238],[166.9460102460436,-45.292099217179],[166.9602131360001,-45.29460974199998],[166.9680370556574,-45.299697479388094],[166.97907350186935,-45.29839764579449],[166.99393334975613,-45.30051449275273],[167.00218123100012,-45.29779470799997],[166.99579960203263,-45.290416128836185],[166.98723645100006,-45.27088613999996],[166.9850472593473,-45.253205076722004],[166.97441230259278,-45.24696391277242],[166.9708709183731,-45.23678581198895],[166.95484386913037,-45.21508157912737],[166.95468473605015,-45.20952246202292],[166.9493930528288,-45.203177495688564],[166.95209176819347,-45.185124295629876],[166.96507603529787,-45.17663309653213],[166.9704158585001,-45.165241585279176],[166.97060517841106,-45.1577231995205],[166.96242585192124,-45.14779827912141]]],[[[168.05594111289057,-44.25943861258523],[168.06253924977642,-44.2655832651636],[168.0780360830322,-44.2659709985963],[168.10479630061178,-44.27920036562605],[168.11778106591348,-44.288734365778105],[168.11552284897212,-44.297500999017444],[168.10000610300006,-44.32713699399994],[168.0882720950001,-44.33375167699995],[168.0699768070001,-44.33208465499996],[168.06494140600012,-44.328804015999935],[168.01831054600007,-44.328804015999935],[168.01583862300004,-44.32708358699995],[167.99970332198367,-44.333088105275834],[168.00803120040015,-44.3379655983522],[168.0103302000001,-44.35499954199997],[168.00538269923237,-44.360066815469615],[168.00614046673726,-44.36718898219969],[168.0211178002286,-44.37151564862291],[168.01588886725298,-44.379656998687345],[168.02058771736955,-44.38627724858831],[168.03003994996098,-44.38564216529185],[168.0372475841511,-44.39350934865501],[168.04853973376257,-44.40050908190313],[168.0487020823817,-44.40584684812098],[168.05767836651827,-44.4118210649165],[168.05621703311832,-44.43153123152453],[168.06297376702565,-44.43823729854738],[168.06881851714334,-44.45187411504642],[168.06675643377045,-44.45878928202559],[168.07145058409375,-44.463319648487605],[168.07248353330382,-44.472559314933996],[168.0703128324993,-44.49053101497189],[168.07427013418592,-44.4953686317353],[168.07649640070466,-44.50694933189859],[168.07992020015115,-44.511402549042174],[168.07309871634217,-44.51915549835002],[168.06135801667563,-44.51550831509788],[168.05545089985372,-44.51100673165132],[168.05406068301355,-44.500170481937104],[168.0553343500911,-44.48475816486962],[168.05211079995607,-44.47602514837087],[168.05339921751082,-44.46616709888325],[168.04950773304571,-44.4511976649452],[168.03852045033366,-44.44565048194202],[168.03109009969617,-44.4371025648542],[168.02869248328565,-44.420499232103694],[168.03358806587426,-44.417738048346536],[168.03588433279242,-44.409072381519266],[168.02385189994126,-44.39697763213407],[168.0150404341504,-44.38395831516162],[168.01417881587233,-44.37187186518268],[168.00547893335514,-44.370970748693004],[168.0000000000001,-44.36461257999997],[167.9883270260001,-44.38047409099994],[167.97752380300005,-44.38880538999996],[167.9666900640001,-44.38874816799995],[167.96080017100007,-44.38460922099995],[167.9425354000001,-44.38713836699998],[167.92961120600012,-44.398334502999944],[167.9250335690001,-44.40713882499995],[167.91279570536076,-44.40608876577189],[167.90963745300007,-44.41502761899994],[167.90327453600003,-44.420444488999976],[167.88079834000007,-44.43375015299995],[167.8749694820001,-44.44208145099998],[167.8629150390001,-44.45005416899994],[167.8612213130001,-44.46250152499994],[167.85789489700005,-44.47085952799995],[167.85205078100012,-44.474166869999976],[167.84954834000007,-44.48336028899996],[167.83918762200005,-44.49375152599998],[167.8275299070001,-44.49877929599995],[167.8179736304919,-44.49996930652521],[167.82790655069473,-44.50755934804953],[167.82791137700008,-44.51666641199995],[167.83288574200003,-44.53002929699994],[167.82960510300006,-44.54669570899995],[167.8237762450001,-44.555000303999975],[167.8245544450001,-44.575862884999935],[167.82124328600003,-44.580055236999954],[167.8245544450001,-44.58586120599995],[167.81991935365667,-44.59999832943842],[167.83434116761373,-44.60096686494032],[167.85310881647078,-44.60628923117151],[167.85618448367762,-44.604452164932674],[167.87306126734543,-44.61077381496552],[167.8816545002334,-44.62035103127287],[167.88749695,-44.62127685499996],[167.90368891606246,-44.629377398668005],[167.9128221007671,-44.623273081666305],[167.91789245600012,-44.62838745099998],[167.91622924800004,-44.63666534299995],[167.91711425800008,-44.654193876999955],[167.92378234800003,-44.66419601399997],[167.91588123423887,-44.67558146487666],[167.92723838458298,-44.68039656438357],[167.91793311812282,-44.68518499797842],[167.91003096679356,-44.67767251576655],[167.9073060535651,-44.66526228143052],[167.89844999993943,-44.66027351543294],[167.8971481997902,-44.65069848231266],[167.87607335032507,-44.63677001464795],[167.87366630060183,-44.626625315189735],[167.8674926750001,-44.626277923999965],[167.85344928511728,-44.61411169131283],[167.84419250500002,-44.614639281999985],[167.83332824800004,-44.607082366999975],[167.8125000000001,-44.60794448799993],[167.80569850088358,-44.602821414850446],[167.80242096609066,-44.59261163223049],[167.78720479955905,-44.58654583168928],[167.78951683373154,-44.57992953098071],[167.78025300047833,-44.57575208424856],[167.76832580600012,-44.58294296099996],[167.75328064000007,-44.583778379999956],[167.74877929700006,-44.59164047099995],[167.75080871700004,-44.59622192399996],[167.7407989500001,-44.60458373999995],[167.7341918950001,-44.607082366999975],[167.7124786380001,-44.60794448799993],[167.69085693400007,-44.61960983299997],[167.6808624260001,-44.62710952799995],[167.67250061000004,-44.62958144999993],[167.6658325190001,-44.637916564999955],[167.65080261200012,-44.64374923699995],[167.63916015600012,-44.64294433499998],[167.63792420012143,-44.64755516572695],[167.6553955070001,-44.659999847999984],[167.6578674330001,-44.666694640999935],[167.6679382320001,-44.67669296299994],[167.66874695,-44.68580627399996],[167.6583557130001,-44.68960952799995],[167.64457646763063,-44.678387014475575],[167.64076781279704,-44.67201953775082],[167.62663269000006,-44.66374969499998],[167.615005493,-44.66127777099996],[167.60496521000005,-44.666248321999944],[167.59828186000004,-44.665443419999974],[167.58833313000002,-44.67047119099993],[167.5796356200001,-44.67839050199996],[167.57252502400002,-44.68797302099995],[167.56706237800006,-44.68916702299998],[167.57119751000005,-44.699195861999954],[167.56710815500003,-44.70666503899997],[167.56582018395062,-44.720914781140614],[167.57151420011942,-44.720824980956245],[167.58457946800002,-44.731666564999955],[167.586273193,-44.73749923699995],[167.59898288407365,-44.73836913080913],[167.6107845842018,-44.74387319815466],[167.61019211634886,-44.747795881392705],[167.6221517329357,-44.75098093129013],[167.6217358005251,-44.756927981071584],[167.6334015665994,-44.7734087145455],[167.63128416681127,-44.782158380726216],[167.62073916693447,-44.78313228131874],[167.62294735002095,-44.77480301480813],[167.61686693310293,-44.76620149778194],[167.60394343357353,-44.753175647664584],[167.5908660890001,-44.74460983299997],[167.5758361810001,-44.74041747899997],[167.56829834000007,-44.74294280999993],[167.5441741940001,-44.74124908299996],[167.53747558600003,-44.73625182999996],[167.52833557100007,-44.73627853399995],[167.51663208000002,-44.740444182999966],[167.49956982506228,-44.7577188632709],[167.51042175300006,-44.763332366999975],[167.50955200200008,-44.771694181999976],[167.5253906250001,-44.78505706799996],[167.53036499000007,-44.79419326799996],[167.53555213448075,-44.794472415003],[167.55128479000007,-44.805862425999976],[167.52838134700005,-44.831275939999955],[167.52288818400007,-44.83250045799997],[167.51702880900007,-44.84749984599995],[167.50660705500002,-44.85205459599996],[167.50703430200008,-44.86166763299997],[167.5346298673525,-44.878286831038764],[167.52355583350314,-44.878877464504335],[167.5116882320001,-44.87625122099996],[167.5056301171695,-44.87058529706448],[167.49218643345637,-44.86279208113708],[167.48910398356253,-44.847432797591786],[167.49249055070612,-44.84127494770829],[167.50500248451107,-44.83290104759437],[167.51533055052593,-44.82041934724852],[167.52750451714957,-44.81328983073208],[167.53298468312386,-44.807693947180184],[167.53166198700012,-44.80211257999997],[167.50098886734827,-44.78753019742988],[167.49769871766625,-44.78253764643393],[167.48871640317276,-44.77746676462278],[167.45169067400002,-44.775390623999954],[167.4429473880001,-44.779193876999955],[167.436218262,-44.78922271599998],[167.4291687010001,-44.791248321999944],[167.42166137700008,-44.79794311499995],[167.4083557130001,-44.79877853399995],[167.39627075200008,-44.80916595399998],[167.39669799800004,-44.81711196799995],[167.38482725299457,-44.812309655381],[167.38005065900006,-44.81874847499995],[167.37080383300008,-44.82044601299998],[167.36119079600007,-44.82749938999996],[167.36372375400003,-44.84002685499996],[167.36285400400004,-44.84999847399996],[167.37043762200005,-44.85669326699997],[167.37461853000002,-44.87002944999995],[167.39041137700008,-44.88919448699994],[167.390396118,-44.897556304999966],[167.39627075200008,-44.908332824999945],[167.39707946800002,-44.92336273099994],[167.40367606792026,-44.930094580238126],[167.39806025031652,-44.93243634729023],[167.38993835400004,-44.92791748099995],[167.38461303700012,-44.93505477799994],[167.40620620044476,-44.945982047119564],[167.4240720170557,-44.96552041416907],[167.43426653441324,-44.96944513066456],[167.43316138462316,-44.97848246411345],[167.42294311700005,-44.98333358699995],[167.41255188000002,-44.98544311599994],[167.40371704100005,-44.99163818399995],[167.39379882800006,-44.99333190799996],[167.40628051700003,-44.98002624399993],[167.40091700090588,-44.97869563084638],[167.39573948449825,-44.987030731187176],[167.3898270669874,-44.98871029624064],[167.3812799013573,-44.99736878029877],[167.3795668171902,-44.98497141412914],[167.39711748396684,-44.97351766277214],[167.40124511700003,-44.969165801999964],[167.3970489500001,-44.95589065599995],[167.39163208000002,-44.95291519199998],[167.37585449200003,-44.95294570999994],[167.36419677700007,-44.95124816799995],[167.36670659976198,-44.944518780147256],[167.36652065207582,-44.929802696650114],[167.37558481874024,-44.922974880114715],[167.37644688594494,-44.910903313270836],[167.3685622022303,-44.903035829286864],[167.3664866518108,-44.89083399636704],[167.35621175240735,-44.880786429727266],[167.34661521795022,-44.87529284702226],[167.34223571711422,-44.866689713137546],[167.34331605057494,-44.85605039581524],[167.33918762200005,-44.84711074699993],[167.33000124417748,-44.84480376042322],[167.3254241940001,-44.854194640999935],[167.30163574200003,-44.86461257999997],[167.28582763600002,-44.869556425999974],[167.27455139200003,-44.87080383299997],[167.27789306600005,-44.87755584599995],[167.26377868600002,-44.88922119099993],[167.26083374000007,-44.897945403999984],[167.25083923300008,-44.90124893199993],[167.25125122100008,-44.90586090099998],[167.242523193,-44.911220550999985],[167.229187012,-44.91377639799998],[167.24461364800004,-44.92750167699995],[167.229187012,-44.93047332799995],[167.2200317380001,-44.92625045799997],[167.21205139200003,-44.930862426999965],[167.2062530510001,-44.94086074899997],[167.19917297400002,-44.94461059599996],[167.19188898610943,-44.95440949641662],[167.19792175300006,-44.96502685599995],[167.18833923300008,-44.96294402899997],[167.17707824700005,-44.96339034899995],[167.17166137700008,-44.97377777099996],[167.16328430200008,-44.972946166999975],[167.14660644600008,-44.979610442999956],[167.13873869682303,-44.98836570132488],[167.1387176510001,-44.99502944999995],[167.146255493,-44.99830627299997],[167.14710998500004,-45.007526395999946],[167.154968262,-45.01544570899995],[167.1708679200001,-45.009582517999945],[167.174163818,-45.01374816899994],[167.1833343510001,-45.01297378399994],[167.18916320900007,-45.01794433499998],[167.2008361820001,-45.01958465599995],[167.2108306890001,-45.01791763299997],[167.24668884300002,-45.04208373999995],[167.26661682200006,-45.04041671799996],[167.2949981690001,-45.04877853299996],[167.30252075200008,-45.04541778599997],[167.308364868,-45.053779600999974],[167.293304443,-45.05041503899997],[167.28169250500002,-45.05041503899997],[167.27330017100007,-45.05291748099995],[167.25752258300008,-45.045471189999944],[167.24833679200003,-45.047084808999955],[167.2316436760001,-45.042945861999954],[167.2224731450001,-45.03541564799997],[167.20164489700005,-45.03044509899996],[167.1966705320001,-45.02624893199993],[167.1733093260001,-45.022914886999956],[167.15994262700008,-45.023750305999954],[167.14125061200002,-45.01919555699993],[167.14375305200008,-45.01422119199998],[167.12791442900004,-45.00755691499995],[167.1208343510001,-45.01380538799998],[167.11622619600007,-45.02249908299996],[167.1016387940001,-45.024612425999976],[167.09873143279458,-45.027958935587975],[167.10871887200005,-45.033332824999945],[167.09625244100005,-45.040027616999964],[167.09628295900006,-45.05169296299994],[167.10496521000005,-45.060443877999944],[167.10874939000007,-45.073360442999956],[167.13421630900007,-45.09208297599997],[167.14083862300004,-45.09458160299994],[167.16333007800006,-45.09627914499998],[167.19793701100002,-45.097499847999984],[167.1966705320001,-45.10044479399994],[167.17247009300002,-45.10124969499998],[167.16667175300006,-45.09872054999994],[167.1524963380001,-45.09963989099998],[167.14125061200002,-45.10755538899997],[167.1487426760001,-45.12250137399997],[167.1428833010001,-45.125862119999965],[167.14958190900006,-45.134223937999934],[167.1475067140001,-45.13874816899994],[167.1721038810001,-45.14664077599997],[167.15168762200005,-45.14708328099994],[167.13452148500005,-45.13333511199994],[167.13877868600002,-45.12339019799998],[167.13543701300011,-45.11000060899994],[167.13624572800006,-45.09919357199993],[167.1166687010001,-45.09291839499997],[167.10830688500005,-45.07872390599994],[167.10125732400002,-45.075832365999986],[167.09541320800008,-45.05919265799997],[167.0899658200001,-45.052082061999954],[167.07756042500012,-45.05127715899994],[167.0741882320001,-45.057056426999964],[167.06253051700003,-45.06208419699993],[167.05935135272654,-45.067678096570035],[167.04524140832308,-45.07711363602056],[167.03996741805886,-45.08918254573616],[167.03032306960134,-45.09553509150256],[167.02914428700012,-45.10291671799996],[167.04089355500003,-45.102085113999976],[167.05163574300002,-45.105445860999964],[167.0587463380001,-45.114223478999975],[167.06747436500007,-45.11875152499994],[167.07791137700008,-45.146694182999966],[167.08586120600012,-45.15127944999995],[167.09077453600003,-45.160446166999975],[167.09661865200007,-45.16291809099994],[167.10542297400002,-45.17166519199998],[167.10827636700003,-45.181278228999986],[167.09872436500007,-45.18500137399997],[167.09208679200003,-45.169166563999966],[167.06954956100003,-45.15169524999993],[167.06369018500004,-45.14169311599994],[167.06040954600007,-45.12916564899996],[167.0532989510001,-45.12461090099998],[167.0392150880001,-45.109584808999955],[167.02833557100007,-45.105445860999964],[167.02252197300004,-45.10794448699994],[167.01336669900002,-45.10627746499995],[166.99914550800008,-45.12877655099993],[166.99499511700003,-45.12880706699997],[166.97392437506724,-45.14301258551392],[166.97925573490292,-45.150396628998664],[166.99372876848167,-45.16435546234265],[166.9962158200001,-45.172500609999986],[166.98916625900006,-45.17211150999998],[166.98797607400002,-45.179164886999956],[166.9824676510001,-45.182056426999964],[166.97294616700003,-45.200862884999935],[166.98173199634016,-45.22307971788704],[166.9883392682763,-45.227265063322264],[166.9971047746782,-45.24003679805506],[167.00830078100012,-45.24544525199997],[167.01167297400002,-45.25624847399996],[167.0067364182787,-45.271241745858234],[167.0116119380001,-45.27955627299997],[167.02711616820483,-45.28590334633402],[167.0453721516607,-45.28102632933489],[167.0625019514442,-45.282149629392734],[167.10302666726747,-45.27477156332698],[167.11122893472847,-45.27653002949749],[167.1214818513768,-45.26781806378629],[167.12023026808572,-45.26238847960218],[167.14229828399755,-45.26272251339377],[167.1460918346083,-45.265684096355635],[167.16252356789028,-45.252737380030354],[167.17288208000002,-45.254138946999944],[167.15505981500007,-45.27208328099994],[167.14884555838873,-45.27089162647528],[167.14375305200008,-45.27750015199996],[167.15279950073844,-45.28553761306174],[167.15957641600005,-45.29583358799994],[167.15788269100005,-45.30255508399995],[167.17185050121975,-45.31390891319745],[167.18829033464905,-45.312876512795526],[167.19705200200008,-45.31833267199994],[167.19329834000007,-45.32210922199994],[167.1724395750001,-45.32125091399996],[167.14756785101,-45.30287949602148],[167.1452900873049,-45.29208681690824],[167.14163208000002,-45.28794479299995],[167.1283111570001,-45.284584045999964],[167.11833190900006,-45.28461074699993],[167.111663818,-45.28794479299995],[167.09831237800006,-45.28794479299995],[167.06829834000007,-45.293750761999945],[167.05667114300002,-45.29380416899994],[167.0466918940001,-45.29127883899997],[167.035827637,-45.29377746599994],[167.0316355352662,-45.29894437900102],[167.0170786599864,-45.305959643808414],[167.01583862300004,-45.313777921999986],[167.00791931100002,-45.314998625999976],[167.00794982900004,-45.32002639799998],[167.0181758352181,-45.3262729295166],[167.02491341538214,-45.334821987896646],[167.04280167861606,-45.34604881639025],[167.06997681805868,-45.350955212440105],[167.08377458387505,-45.35939706288146],[167.0891459841891,-45.368959995856784],[167.10112940139135,-45.37698836280953],[167.09944845159782,-45.3812845298037],[167.1070359521167,-45.38470821281262],[167.130326717323,-45.416025779622316],[167.13539123500004,-45.41919326699997],[167.13122558600003,-45.430862426999965],[167.14332580500002,-45.44458389199997],[167.13586425800008,-45.44461059599996],[167.129577637,-45.45005416899994],[167.12416076700003,-45.448776244999976],[167.12208557100007,-45.45836257999997],[167.11331176700003,-45.46458434999994],[167.10125732400002,-45.46836090099998],[167.089950562,-45.47460937499994],[167.08207702700008,-45.48333358599996],[167.08206176800002,-45.49166488499998],[167.06913757300003,-45.50294494599996],[167.05718638554558,-45.50612092897104],[167.05699416792487,-45.49901442911175],[167.07481313509865,-45.48502472903805],[167.07218516797363,-45.476598979237245],[167.08189685178456,-45.46888716277162],[167.10927148525818,-45.454979329814265],[167.11508691824375,-45.44675177922116],[167.11535313456216,-45.43058606278355],[167.104098001623,-45.40922536279753],[167.08874511700003,-45.39580535899995],[167.08711242700008,-45.384193418999985],[167.08081054700006,-45.37625122099996],[167.07374572800006,-45.37169265799997],[167.0658485616638,-45.36168249945766],[167.0502727512014,-45.358020845857446],[167.0424009680144,-45.35791476244119],[167.02792358400006,-45.364166258999944],[167.0237426760001,-45.37755584599995],[167.0312500000001,-45.394222259999935],[167.03175686740357,-45.40356029622481],[167.0250244140001,-45.41291808999995],[167.0138598514006,-45.41595821288513],[167.00332641600005,-45.40963745199997],[166.9833679200001,-45.407081603999984],[166.9750213630001,-45.41208267099995],[166.9600067140001,-45.41708373899996],[166.9432830820001,-45.41627883899997],[166.921646118,-45.427112577999935],[166.91736421954928,-45.424102311930476],[166.91902715266022,-45.41768961197152],[166.92979595241073,-45.41699204591491],[166.9409362020007,-45.40964699637897],[166.96372746887218,-45.40855491257149],[166.97058261871788,-45.4028434124569],[166.97995120209652,-45.39899356288998],[166.99060358528033,-45.399755029478136],[167.0159486351627,-45.40667499658844],[167.02062758564534,-45.401169478888754],[167.01883775229655,-45.39326126273032],[167.01243508543482,-45.38590947886688],[167.01243088501678,-45.373997295989774],[167.00627236844522,-45.36816344595721],[167.01821441901626,-45.366363895788744],[167.02138563466167,-45.357548845747154],[167.0279036514918,-45.35210567957187],[167.02172851500006,-45.34711074699993],[167.0075073260001,-45.34627914299995],[166.99664306600005,-45.339584350999985],[166.9875030510001,-45.337112425999976],[166.9805674328118,-45.330582143628654],[166.96502685600012,-45.32291793699994],[166.94413757300003,-45.33294296299994],[166.9282989500001,-45.33708190899995],[166.91833496100003,-45.34377670199996],[166.89920043900008,-45.34627914299995],[166.8992112685676,-45.339874078977815],[166.9178449683445,-45.33447084537631],[166.92730626779274,-45.327220762628],[166.93815311930945,-45.32561222926958],[166.9464572191858,-45.321162395938345],[166.94250488300008,-45.31541824399994],[166.92997741700003,-45.31460952599997],[166.9024963380001,-45.30710983299997],[166.87580871600005,-45.29291534299995],[166.8691406250001,-45.294582365999986],[166.86416626000005,-45.28380584699994],[166.85499572800006,-45.27880477799994],[166.84497070300006,-45.27880477799994],[166.8362426760001,-45.28916549699994],[166.8362731940001,-45.29505538799998],[166.82830810500002,-45.30461120599995],[166.82202148400006,-45.30333328299997],[166.81413269100005,-45.31460952599997],[166.80827331500006,-45.313720702999944],[166.8028869630001,-45.322498321999944],[166.79536438000002,-45.328334808999955],[166.79621887200005,-45.33502960199996],[166.79077148400006,-45.337112425999976],[166.78041076700003,-45.34755706699997],[166.7729492190001,-45.367500303999975],[166.77586364700005,-45.38044357299998],[166.79631042500012,-45.383361814999944],[166.81166076700003,-45.39461135899995],[166.82743835500003,-45.39625167899993],[166.83160400500003,-45.40458297799995],[166.8391723630001,-45.40458297799995],[166.85000610300006,-45.41041564799997],[166.85336303700012,-45.416248319999966],[166.86795044000007,-45.40583419799998],[166.8653564450001,-45.394222259999935],[166.86125183100012,-45.38999938999996],[166.8670806880001,-45.38497161899994],[166.87043762200005,-45.39836120599995],[166.8745574950001,-45.40502929699994],[166.87167358400006,-45.42291641199995],[166.85083007800006,-45.42124938999996],[166.8416900630001,-45.417110442999956],[166.83247375500002,-45.407943725999985],[166.82002258300008,-45.404609678999975],[166.81582641600005,-45.40044402899997],[166.80000305200008,-45.39544296299994],[166.78161621100003,-45.393775939999955],[166.7716369630001,-45.40124893199993],[166.7583007820001,-45.400417327999946],[166.74790954600007,-45.41088867099995],[166.74543762200005,-45.417556762999936],[166.73625973388314,-45.42277561169228],[166.73967915311482,-45.426115061838736],[166.73625183100012,-45.437526702999946],[166.7191314700001,-45.47377777099996],[166.71372325293962,-45.47407627637499],[166.71353345296794,-45.48726286112222],[166.72991635295548,-45.49619272787324],[166.71911621100003,-45.50711059599996],[166.70416259700005,-45.50544357299998],[166.6974945060001,-45.50210952799995],[166.68371582100008,-45.51752853399995],[166.68380737400003,-45.52752685499996],[166.67628479000007,-45.542556762999936],[166.67707824700005,-45.54836273199993],[166.67233870338214,-45.56185418149256],[166.67538452100007,-45.56833267199994],[166.67375183100012,-45.575862884999935],[166.68642971374072,-45.58294296299994],[166.6942156865137,-45.58373856092351],[166.74298766918122,-45.57876722756312],[166.75441860361718,-45.57267364512685],[166.77096120367247,-45.56801036153149],[166.77000108630804,-45.56198241159277],[166.77474763528102,-45.55828564515224],[166.78645968626998,-45.56226379466208],[166.80889605223066,-45.55254806201928],[166.81344375207794,-45.55430921186902],[166.8403290034733,-45.54828332833678],[166.85291606997237,-45.54977451176745],[166.8705263187848,-45.54320141174719],[166.8740275531551,-45.539530745405024],[166.87383740656614,-45.529820355451456],[166.8883052691678,-45.529733078403794],[166.92486128486888,-45.521176345661615],[166.9373310847002,-45.513694678466784],[166.94618833576789,-45.51302839524342],[166.96166615211473,-45.50875072895458],[166.96997905099352,-45.50111887884531],[166.97577548555006,-45.50290414558801],[166.98877543547636,-45.49700027864609],[166.9976757352245,-45.49773981289927],[167.0101844858622,-45.48668732952024],[167.01252746600005,-45.49708175599994],[166.99577331500006,-45.50374984599995],[166.97747802700007,-45.51294326799996],[166.96502685600012,-45.51708221499996],[166.95500183100012,-45.522914886999956],[166.94166564900002,-45.52794265699998],[166.93417358400006,-45.52791595299993],[166.91993713400007,-45.532943725999985],[166.904968262,-45.532112121999944],[166.88542175300006,-45.543361663999974],[166.88542175300006,-45.55083465599995],[166.894663985096,-45.55621591219764],[166.91387146804146,-45.55674527833546],[166.9314625363368,-45.553838711920925],[166.9441486178711,-45.54853812910216],[166.94841090236423,-45.55010381199078],[166.96287270157046,-45.54614429557955],[166.98089588509433,-45.55544357888244],[166.98210796789695,-45.559248778645994],[166.99583140102726,-45.55392421218983],[166.99789428700012,-45.55916595499997],[166.99082946700003,-45.56380462499993],[166.97996521000005,-45.56547164799997],[166.96166992200006,-45.55377960199996],[166.95413208000002,-45.55461120599995],[166.9333343500001,-45.560443877999944],[166.9158325200001,-45.56708145099998],[166.90834045400004,-45.56464004399993],[166.88414001400008,-45.56127929699994],[166.87666320800008,-45.554584501999955],[166.86996460000012,-45.55377960199996],[166.8557739260001,-45.56213760299994],[166.84416198700012,-45.56041717399995],[166.82330322200005,-45.569637296999986],[166.79747009200003,-45.57624816899994],[166.7833557130001,-45.58294296299994],[166.76832580600012,-45.59711074899997],[166.75907897900004,-45.59291839499997],[166.74668884200003,-45.59711074899997],[166.73750305200008,-45.594612121999944],[166.72541809100005,-45.604194640999935],[166.73070581951708,-45.61491866103229],[166.72937123654884,-45.64248056157212],[166.73371887200005,-45.65750121999997],[166.74292973668668,-45.65962127768643],[166.76337423644964,-45.65751044456006],[166.78670956920234,-45.65331547802385],[166.81111705266096,-45.64399456184199],[166.81866731931228,-45.643600512066726],[166.83659178609568,-45.63562227871165],[166.8561761694594,-45.62963216178487],[166.8688655363808,-45.63459989502906],[166.8872371022328,-45.63018277870771],[166.91256026880257,-45.62643751196541],[166.91757333526797,-45.62799287844212],[166.93120743514336,-45.625479995769105],[166.94398068524123,-45.615173245581246],[166.96948200265402,-45.60524582921589],[166.96166992200006,-45.61624908299996],[166.95202636700003,-45.620834350999985],[166.9391174320001,-45.63127899099993],[166.93252563500005,-45.633777616999964],[166.91917419600009,-45.633777616999964],[166.90747070400005,-45.64211273199993],[166.88166809100005,-45.64041519199998],[166.87580871600005,-45.645416257999955],[166.85545742950245,-45.64524420529591],[166.85583496100003,-45.64791488499998],[166.8382720940001,-45.64963912899998],[166.80746460000012,-45.662109373999954],[166.79997253400006,-45.66213989299996],[166.77671814000007,-45.66627883799998],[166.76580810500002,-45.666248321999944],[166.7633667010001,-45.66955566399997],[166.75244140600012,-45.66961288299996],[166.7416687010001,-45.677082060999965],[166.7380816244265,-45.68228769600249],[166.73872375500002,-45.68999862499993],[166.73026883609586,-45.700757376393994],[166.73124776730336,-45.728158114552706],[166.76689043641082,-45.7217001285312],[166.78199860259943,-45.717296661398386],[166.79796350320714,-45.71450342803364],[166.81861083612324,-45.704599478636716],[166.8387939351063,-45.70597957916546],[166.8451036395458,-45.71181903674946],[166.86366593612013,-45.717061112211645],[166.87679720214885,-45.71483211176426],[166.90481126919795,-45.724927145479825],[166.92726588639306,-45.71943954533789],[166.9389492861203,-45.72210189513676],[166.94019288457207,-45.710189712500785],[166.94861101913173,-45.69690769525493],[166.95711961943707,-45.69601184622225],[166.9628906250001,-45.703334808999955],[166.95957946800002,-45.70916748099995],[166.9479272202013,-45.71996512553581],[166.95475270205824,-45.72201869592165],[166.97316010274204,-45.71621377899083],[166.9804382330001,-45.720027923999965],[166.95333862300004,-45.73041534299995],[166.9504241940001,-45.73419570799996],[166.93753051800002,-45.73377609299996],[166.9282989500001,-45.73875045699998],[166.92324829100005,-45.737110137999935],[166.9007720950001,-45.73794555699993],[166.89500427300004,-45.74130630399998],[166.88410949700005,-45.740444183999955],[166.87167358400006,-45.74625015299995],[166.8657989500001,-45.75377654899995],[166.8599395760001,-45.75461196799995],[166.85166931100002,-45.761276244999976],[166.84249877900004,-45.762916563999966],[166.8379843866859,-45.76832095951217],[166.85501925284473,-45.76695452839788],[166.84500122000009,-45.777084350999985],[166.83580017100007,-45.77794265699998],[166.8271179200001,-45.77172088599997],[166.8267768201554,-45.764932978466256],[166.81747436600006,-45.761249540999984],[166.80410766600005,-45.76294326799996],[166.78836059600008,-45.762916563999966],[166.75422668600004,-45.76794433599997],[166.7433929440001,-45.77377700899996],[166.69914245600012,-45.77791595499997],[166.68833923400007,-45.782081603999984],[166.6699981690001,-45.78630447399996],[166.66166687100008,-45.786251067999956],[166.64497375500002,-45.791305541999975],[166.62164306600005,-45.79208373899996],[166.61410522500012,-45.80041503899997],[166.60244750900006,-45.80377960199996],[166.5950317380001,-45.80961227299997],[166.58666992200006,-45.80961227299997],[166.5799713140001,-45.815418242999954],[166.56784768730816,-45.81429737747569],[166.5825607868493,-45.806628743851114],[166.59368705355664,-45.79886484408943],[166.5799713140001,-45.79791641099996],[166.56578064000007,-45.79291534299995],[166.55577087400002,-45.79208373899996],[166.5425262450001,-45.80044555699993],[166.53910827700008,-45.795387268999946],[166.52060102064848,-45.79631575988548],[166.51496887200005,-45.80291748099995],[166.50083923300008,-45.802082061999954],[166.49417114200003,-45.80627822799994],[166.48084191497867,-45.80802143375541],[166.47413635200007,-45.81877899199998],[166.4624786380001,-45.82041549499996],[166.45663452100007,-45.81544494499997],[166.45039367800007,-45.82086181599993],[166.45246887200005,-45.831275939999955],[166.43583679200003,-45.84291839599996],[166.4320220950001,-45.84999847399996],[166.43218847235147,-45.85874609308546],[166.4362755551832,-45.861834942763565],[166.4340759931195,-45.875489508704895],[166.4387817380001,-45.88666534499998],[166.43281342965247,-45.89285396573118],[166.42931507191452,-45.90818497671165],[166.44248478961188,-45.915363643458285],[166.44242735546965,-45.92398972651092],[166.4497767217875,-45.937097142685744],[166.44904850585348,-45.95636254281124],[166.45525268955944,-45.97450875960101],[166.4545898440001,-45.98419570899995],[166.45118713400007,-45.99252700799997],[166.4615922059053,-46.00949220999355],[166.4710892386047,-46.0096139269296],[166.46997892200304,-45.997339009485735],[166.4744054042957,-45.995480059847],[166.49921795481237,-46.00166211027202],[166.51615932165157,-45.99324994348913],[166.5237889881572,-45.99558037661122],[166.52953680447703,-45.988613393220575],[166.53624093796503,-45.98658964338529],[166.55577843768555,-45.97464644342801],[166.56391300503373,-45.977707860532554],[166.5741444208132,-45.97404719345237],[166.58301315438337,-45.974744444170796],[166.6015334383671,-45.96174009413077],[166.61669630367078,-45.95527521029783],[166.63588733701815,-45.92880082734647],[166.64392930364914,-45.91427741061741],[166.6576905369518,-45.90644651057971],[166.6704091040877,-45.89630156097843],[166.6712971871654,-45.88531809449729],[166.68331056985903,-45.87609296116042],[166.6855185706699,-45.86892496094384],[166.70446030325,-45.86331699407661],[166.7095489500001,-45.87002944999995],[166.70086669900002,-45.87130737299998],[166.69000244200004,-45.877918241999964],[166.68469418595166,-45.88656595815308],[166.68503191979806,-45.89701847769179],[166.67794799800004,-45.91169357199993],[166.6733398440001,-45.91708373999995],[166.65916442900004,-45.92541503899997],[166.6462249760001,-45.941696165999986],[166.64760397033945,-45.94912782725484],[166.66297907084487,-45.950912977472946],[166.6799704862821,-45.955502377794005],[166.69599928722664,-45.954881994191744],[166.70556281968385,-45.95703941084947],[166.7251406862757,-45.94867562762545],[166.73896033646554,-45.94708691114421],[166.7420301699654,-45.9438434448104],[166.76566920283554,-45.94441797811425],[166.76835632400002,-45.95211028999995],[166.7570343010001,-45.95583343399994],[166.7712249760001,-45.96419525199997],[166.76753234900002,-45.97127914499998],[166.75516522289644,-45.96543669298862],[166.74993896400008,-45.96541595299993],[166.71414184600008,-45.973751067999956],[166.6949768070001,-45.97127914499998],[166.67083740200007,-45.97541809099994],[166.65164184500009,-45.980445860999964],[166.63996887200005,-45.97963714499997],[166.63163757300003,-45.98627853299996],[166.62086486900012,-45.99041747999996],[166.60941052072047,-46.003395843924196],[166.60743713400007,-46.01294326699997],[166.60050978660098,-46.031002436523565],[166.60895803796717,-46.035023094012026],[166.6054382330001,-46.043361663999974],[166.60895403839544,-46.052902244331015],[166.59920860351832,-46.05131852711235],[166.59703064000007,-46.04166793699994],[166.59119307128034,-46.03572942756848],[166.5839612208272,-46.041145943777664],[166.58594450466478,-46.049612176717446],[166.58144363559254,-46.05465445779387],[166.58401932093028,-46.06245712681555],[166.56868238785268,-46.07320776065697],[166.57089005388207,-46.08441459329058],[166.56894916974255,-46.08961926122774],[166.57612997165634,-46.09182722668616],[166.5892569041061,-46.0870095267287],[166.58754242101136,-46.07837596142053],[166.60476532118167,-46.07425504377117],[166.60705225346146,-46.064563777394255],[166.61513853756085,-46.0600605774594],[166.61966465346035,-46.063643877518324],[166.6308288580001,-46.06375122099996],[166.6353424374053,-46.070129344155106],[166.644634487461,-46.07226539378495],[166.64389864883745,-46.08088166005088],[166.6549825877376,-46.074818011518836],[166.65874390459476,-46.062994427765304],[166.67883009319476,-46.056750892813554],[166.69428445348703,-46.043467911530136],[166.6990051371353,-46.03559871114537],[166.72437643718544,-46.01806896110564],[166.73135165897986,-46.02377700799997],[166.72415452032232,-46.02630159434783],[166.71553818712744,-46.03783326081048],[166.70780678987978,-46.04092342555332],[166.6986188366222,-46.05060184509971],[166.6985400193646,-46.058234094393875],[166.70801058767,-46.057711844856705],[166.70543154792472,-46.067596276257724],[166.71625858666363,-46.07527246154233],[166.72127963683639,-46.06908782761371],[166.7259673871171,-46.056478677464504],[166.7335300700376,-46.051917877998136],[166.73563106922992,-46.04070554416174],[166.74802135343376,-46.039111244562875],[166.74708557100007,-46.050025939999955],[166.74041748000002,-46.05749893199993],[166.7508503257792,-46.05879775630735],[166.75772513748208,-46.052273644617166],[166.76507491915856,-46.05142059486352],[166.76668308566312,-46.042888561783506],[166.76284881963022,-46.03675421125484],[166.75324975388185,-46.03151001185886],[166.74709385281554,-46.02114632776591],[166.73861965406408,-46.01898274505746],[166.74497382073181,-46.00615737769023],[166.7542502530121,-45.995877344776694],[166.76936592014198,-45.99081046154052],[166.7752889532161,-45.991394161173965],[166.78593771948795,-45.98451084454929],[166.77417757027789,-45.978973495259055],[166.79661281910614,-45.978699945125875],[166.80384963716324,-45.975808761791114],[166.8241171185957,-45.97311502858936],[166.83220578598576,-45.96979351212965],[166.85117671934748,-45.968437811843856],[166.86222615306932,-45.95267034534877],[166.8747710522712,-45.945574244961364],[166.87870548612113,-45.94839516240198],[166.90293083615734,-45.93187517909203],[166.91427908613227,-45.926055178400354],[166.92208862300004,-45.92830657899998],[166.91952514600007,-45.93505477799994],[166.8941650390001,-45.94791793799993],[166.8883056640001,-45.95624923699995],[166.88038635300006,-45.96002960199996],[166.88038635300006,-45.964168548999965],[166.85499572800006,-45.984584808999955],[166.8207702640001,-45.99627685599995],[166.787551881,-45.997943877999944],[166.77420043900008,-46.00210952799995],[166.7678833010001,-46.009998319999966],[166.76956176800002,-46.01916503899997],[166.77458190900006,-46.02502822799994],[166.78208923400007,-46.04085922199994],[166.78208923400007,-46.045886991999964],[166.7733306890001,-46.04964065599995],[166.76939465338663,-46.0588916776439],[166.7633667010001,-46.06127929699994],[166.73996485368568,-46.06376196297336],[166.73374939100006,-46.06755447399996],[166.73999827097626,-46.08657811097579],[166.73246765200008,-46.09208297699996],[166.72591963671084,-46.074060444726236],[166.70957946800002,-46.08839034999994],[166.7081245701887,-46.10075122821008],[166.71614480347708,-46.1112889441597],[166.7070002544132,-46.11553529477846],[166.69329834000007,-46.117084501999955],[166.68593517263963,-46.11383664729636],[166.6799926760001,-46.11960983299997],[166.66058059554553,-46.12556618981611],[166.63881026747438,-46.13743612032677],[166.63333129900002,-46.14291763199998],[166.62205505400004,-46.147556304999966],[166.61407820391284,-46.158820393550464],[166.62662440436728,-46.1607376275625],[166.62949562010024,-46.16929941074113],[166.6398263049115,-46.17202306060172],[166.639931798046,-46.18210681834586],[166.6474918873921,-46.18898912771703],[166.6470369867048,-46.19408616104099],[166.65777728746397,-46.19698172772064],[166.65761032931897,-46.20232515545483],[166.66942555359884,-46.20412204414721],[166.67335252133918,-46.207292861393505],[166.69277370398115,-46.21202396084281],[166.6987518371475,-46.20738107787667],[166.71877610395325,-46.205630077943596],[166.7260635205665,-46.21047951159222],[166.7657470700001,-46.21377944899996],[166.7770914364386,-46.219223895423646],[166.7762146010001,-46.22419357299998],[166.7852630871862,-46.22866711174341],[166.7882972720938,-46.22215218443963],[166.80699143120134,-46.214867423291565],[166.82002258300008,-46.211250304999965],[166.83131420279074,-46.21129047831067],[166.84543963565207,-46.20800531150641],[166.86445568679622,-46.211250304999965],[166.8750000000001,-46.208778381999934],[166.88336181700004,-46.21708297799995],[166.9225235029539,-46.217670895759575],[166.9291687010001,-46.21541595499997],[166.93330383300008,-46.22380447399996],[166.94747924800004,-46.22127914299995],[166.9567260760001,-46.223751067999956],[166.95863733215404,-46.22906969625445],[166.967468262,-46.22791671599998],[166.9824981690001,-46.231250761999945],[166.9899749760001,-46.227973937999934],[167.0000000000001,-46.23038864199998],[167.0058288580001,-46.22708511199994],[167.01913452200006,-46.22627639799998],[167.02711010248646,-46.23374938799998],[167.03581237800006,-46.231250761999945],[167.04513701909016,-46.23851364550474],[167.05577087400002,-46.237110137999935],[167.08629643517455,-46.247021862552195],[167.0896319370202,-46.24958682073009],[167.1175701631662,-46.253672913053364],[167.12246704100005,-46.24961089999994],[167.15747070300006,-46.25294494499997],[167.1733398440001,-46.25797271799996],[167.18496704100005,-46.25711059599996],[167.20500183100012,-46.258804321999946],[167.21752929700006,-46.26130676199995],[167.22830200300007,-46.25708389199997],[167.2324676510001,-46.252082824999945],[167.23919677700007,-46.252918242999954],[167.25660705600012,-46.24625015299995],[167.29827880900007,-46.245418548999965],[167.31413269100005,-46.250473022999984],[167.33003234800003,-46.24791717599993],[167.34249877900004,-46.248806],[167.34368896500007,-46.24419403099995],[167.35242509446488,-46.23838468123935],[167.35864623658688,-46.23858943440751],[167.36275012281283,-46.23170911975326],[167.36375798714448,-46.21978094876579],[167.3618685050788,-46.21170623042914],[167.35365140170563,-46.207112096687595],[167.3495788580001,-46.200862883999946],[167.35252380500003,-46.192916870999966],[167.36660766600005,-46.185443877999944],[167.38560796846087,-46.18301823013101],[167.39192710983247,-46.17851381863334],[167.40057655164824,-46.16268809717692],[167.40310026761207,-46.15207541395664],[167.41789506764988,-46.149371030275276],[167.44328308100012,-46.14963912799993],[167.45163920099168,-46.14854134736455],[167.49458666686303,-46.152635980501586],[167.51660141132712,-46.15712291543287],[167.5332832669753,-46.162409464393555],[167.56620788390114,-46.175607897192954],[167.59194146746523,-46.18329266428148],[167.61457516072994,-46.19323405471419],[167.63169860800008,-46.18627929599995],[167.64999389700006,-46.16788864199998],[167.652114868,-46.179164886999956],[167.64080810500002,-46.18880462599998],[167.63330078100012,-46.18880462599998],[167.6212976180191,-46.197216196685744],[167.65104843301947,-46.214039280839735],[167.65911258387234,-46.22217541443287],[167.71235120016559,-46.25769594845311],[167.72380260033881,-46.26767116458487],[167.73261400058968,-46.283277964392894],[167.72990573366803,-46.298771597682006],[167.72159350076234,-46.30340679752382],[167.69738853461945,-46.307961464950296],[167.68747975129497,-46.315161881577566],[167.6864935506538,-46.321693480861114],[167.69090361726236,-46.328760597788126],[167.69823751738343,-46.332360314588676],[167.7092946168125,-46.33288876520867],[167.7208557130001,-46.33041763299997],[167.73783571712016,-46.34232018110078],[167.737749233893,-46.349275848122566],[167.73188100108902,-46.35190453141074],[167.73236398857716,-46.358616860709745],[167.74775071746436,-46.36815248151779],[167.75743823461224,-46.36847624785298],[167.76499076372724,-46.37926443338646],[167.77059441747824,-46.37990541513391],[167.78244018600003,-46.387916564999955],[167.7992308079041,-46.38647983510286],[167.80634380074736,-46.38271003139892],[167.8112093005154,-46.37368056496371],[167.8181496677526,-46.369720864539744],[167.83108161784955,-46.36808701519608],[167.84794428352185,-46.37169231446159],[167.85484953446854,-46.375838547876484],[167.8605584083898,-46.38478719704553],[167.8721312673267,-46.389234864937784],[167.88409770315695,-46.39044517933138],[167.88612420770025,-46.38034288269304],[167.87762883369294,-46.372365797942294],[167.88072001664372,-46.36731678199672],[167.89323116750316,-46.36053373189189],[167.91027751670646,-46.35720294848592],[167.93185776713003,-46.35810149844494],[167.94836425800008,-46.361305236999954],[167.96004393277408,-46.36711120499996],[167.96665954600007,-46.36711120499996],[167.98013423224907,-46.375478712562916],[167.99089136639708,-46.37609321512394],[168.01080322300004,-46.38294601499996],[168.02580261200012,-46.382137296999986],[168.03157173436043,-46.379087465263645],[168.02964093421997,-46.37251289869612],[168.02107484990495,-46.3667157318227],[168.02217753316611,-46.36005546517631],[167.99219580054893,-46.34716599834279],[167.98115794925855,-46.34624091535078],[167.9813742001846,-46.33931353143185],[167.9621117506051,-46.33789144856334],[167.96273873322005,-46.33307148171008],[167.9720512166486,-46.33204954866403],[167.97887133337954,-46.33719168159654],[168.00245889837493,-46.337097341513235],[167.99832500013952,-46.327381481447354],[168.0117187500001,-46.325416564999955],[168.0146179200001,-46.33166503799998],[168.02288818400007,-46.33252716099997],[168.0177133644034,-46.33923804088288],[168.0179138190001,-46.34666824399994],[168.01322294731202,-46.35129632389797],[168.02361711604777,-46.356266383801014],[168.0452693669235,-46.343859898455065],[168.06494099991494,-46.33929796531226],[168.08805720083225,-46.33893059819009],[168.11247253400006,-46.34208297699996],[168.12503051700003,-46.345417020999946],[168.1616973880001,-46.36377715899994],[168.1993390142884,-46.391396124130054],[168.2382417669046,-46.393521582125466],[168.24305863361977,-46.383159048322305],[168.25740373346684,-46.381049616216714],[168.24978888287933,-46.37522691576543],[168.2502013497716,-46.368102215436764],[168.25449145073094,-46.363888565600284],[168.2675704671273,-46.3651604818896],[168.27046529975414,-46.35917411535535],[168.28332960070813,-46.359539148413326],[168.28517896642103,-46.35347239892712],[168.2945806491098,-46.350943765393325],[168.32727488357045,-46.350932049133036],[168.32726311666855,-46.344057898816715],[168.3402884508282,-46.34391244852853],[168.3402604335685,-46.32218309906309],[168.36610934984074,-46.32220028193973],[168.36611955010358,-46.33661614914108],[168.35835165083847,-46.33661431528101],[168.35835768381835,-46.345847498751525],[168.38471088327802,-46.34891961594234],[168.38476226696758,-46.3608664492379],[168.4321467500052,-46.360892232164204],[168.4321587505593,-46.36450389936726],[168.45356299962046,-46.36447546528426],[168.45365391636523,-46.38452041629916],[168.45876858358156,-46.383558249139526],[168.45878128342852,-46.39623841544061],[168.45343595001694,-46.39575709879674],[168.45349786690247,-46.42696719876175],[168.45856554966548,-46.43143889921324],[168.45907503403168,-46.500060965317864],[168.4519844009135,-46.5000672159288],[168.44678436668227,-46.50669069865314],[168.4468001163416,-46.52552206608639],[168.51582579908333,-46.562434765555146],[168.50682181602502,-46.57045344925237],[168.51282496661875,-46.57389036586587],[168.52422613239182,-46.57826363232104],[168.5168403173424,-46.58177538214426],[168.52679821639407,-46.5882146490601],[168.52919046635063,-46.59291554888209],[168.54227296141713,-46.59971677129805],[168.56595695750724,-46.59197608817043],[168.56669616700003,-46.584609985999975],[168.58081054700006,-46.58630370999998],[168.5852387454805,-46.58108164139014],[168.58270778308233,-46.57581171537974],[168.5716129661222,-46.57623559888114],[168.5603911007822,-46.57143139911962],[168.55580139100005,-46.559638975999974],[168.60247802700007,-46.551250455999934],[168.61660766600005,-46.55377960199996],[168.6237846002139,-46.56096291619854],[168.63242018361612,-46.55943191543844],[168.64423523306175,-46.562478982198705],[168.64942563163,-46.56674461276337],[168.67259256750398,-46.568781549465136],[168.67337528393156,-46.57072214924536],[168.70387576744912,-46.56869049960322],[168.73544508073573,-46.56996134207409],[168.76167297500012,-46.57208251999998],[168.7875213630001,-46.57791519099993],[168.78829956000004,-46.572944639999946],[168.77746582100008,-46.56880569499998],[168.78416442900004,-46.55875015299995],[168.7946167010001,-46.56919479399994],[168.79956054700006,-46.584194181999976],[168.80705261200012,-46.58919524999993],[168.8066369665923,-46.593600699273395],[168.8315887450001,-46.60377883799998],[168.83544921800012,-46.61333465599995],[168.82705688400006,-46.625862121999944],[168.833755493,-46.63249969499998],[168.83500797276113,-46.64542904675312],[168.85041809100005,-46.65169525099998],[168.8503901264786,-46.66011972229963],[168.89504241656033,-46.65486219904622],[168.92455130379037,-46.657112119999965],[168.9466705320001,-46.657112119999965],[168.95488098851817,-46.66442732612121],[168.9681077313694,-46.66952396374242],[168.97738901603606,-46.66948451573836],[168.98137511679857,-46.66556378261018],[168.99580383300008,-46.66791534299995],[169.00587778316526,-46.67433863279221],[169.01877023316058,-46.671979032312876],[169.02859126643776,-46.66780643274552],[169.03791809100005,-46.65750121999997],[169.05251179996188,-46.66158413253327],[169.06291198700012,-46.67083358799994],[169.07448495007006,-46.66877918290402],[169.07683703244064,-46.66554149913055],[169.1067268172691,-46.66281974972161],[169.10196044936902,-46.65580841572793],[169.10587988294515,-46.648555433052415],[169.1129776339741,-46.64456979957729],[169.1315994164278,-46.64071728251905],[169.1386281666604,-46.637446382373184],[169.1404085665544,-46.63131391631574],[169.12828173358284,-46.611906299924165],[169.12787218296674,-46.60499781656445],[169.13483075052076,-46.604954282836594],[169.15908813500005,-46.61875152599998],[169.1595928625488,-46.62208904713682],[169.17213439900002,-46.62755584699994],[169.16580200200008,-46.63294601299998],[169.15539550800008,-46.636695861999954],[169.15997199914818,-46.65101661615001],[169.16952836733557,-46.65547129980697],[169.17537546658565,-46.65220663271271],[169.2062833003085,-46.656749232901895],[169.22036591603558,-46.656223099603125],[169.2245178172702,-46.64782306644834],[169.2293688503999,-46.64812319958973],[169.23956300077535,-46.63598125037325],[169.2498409656964,-46.640548999521165],[169.25680818369955,-46.638448599256584],[169.25685875019374,-46.63226849979311],[169.26422418316807,-46.62622780041368],[169.27916626645265,-46.62241376659752],[169.2653065665126,-46.61549265019798],[169.27410521645257,-46.611338099953336],[169.26157808310825,-46.59855284932436],[169.2648885007906,-46.58585470008434],[169.24507611720597,-46.575240016164614],[169.23034048420547,-46.57296489966422],[169.2009408831955,-46.56070983266216],[169.19556973337473,-46.55491769953245],[169.2135596001811,-46.55454443272021],[169.2274952842238,-46.54818388278602],[169.23588741567985,-46.53650711648547],[169.24488023358253,-46.52938216625526],[169.24648404948886,-46.519649599085966],[169.2506602335253,-46.51432658313236],[169.24642578335278,-46.50993664945984],[169.23276636622938,-46.51164728259295],[169.2121538668408,-46.50119799921793],[169.2029943665799,-46.49523746626733],[169.18468880025023,-46.49210511610981],[169.1729598329671,-46.486118666163634],[169.1776978497161,-46.4772763165053],[169.16478555057938,-46.471571332463334],[169.16140643317078,-46.46685448268497],[169.16512893368193,-46.45565088272948],[169.17848231679264,-46.45215994977772],[169.18644711635056,-46.44277431663787],[169.19681016563848,-46.43879988318169],[169.19106906624282,-46.43441589988454],[169.18874933306253,-46.42686606607207],[169.19805730039263,-46.421700033264834],[169.19858433264986,-46.41487241656965],[169.1944400997747,-46.409670482537095],[169.19599751666388,-46.404406582479744],[169.1787487670706,-46.388441499781],[169.1610866835196,-46.38179901581797],[169.14424484996636,-46.38241696648749],[169.1341438675206,-46.37543923291638],[169.1373948168707,-46.36624214906739],[169.14634344999396,-46.3591224831387],[169.14838118299716,-46.35052991631451],[169.16126309932616,-46.34491761602763],[169.176359133565,-46.334115066100665],[169.19071041650488,-46.326360632744866],[169.17741623331256,-46.32187059933489],[169.18843173247805,-46.313505016422816],[169.19691505010118,-46.30431361585665],[169.18500643375393,-46.29905693238036],[169.18391175014813,-46.29141923266627],[169.176854433577,-46.28568274954043],[169.15491986705365,-46.268551782605556],[169.1355883497423,-46.267151532970246],[169.12742511631777,-46.27195231596436],[169.11024058317568,-46.27384653318637],[169.08776541667692,-46.27475186632161],[169.0629153999399,-46.27770463234465],[169.05346523382815,-46.28541881618641],[169.04535651704336,-46.296083766034336],[169.03328636728506,-46.29548429918617],[169.01783985066473,-46.29179176635622],[168.99085455032193,-46.278036199030154],[168.9984662238375,-46.26743969905498],[168.99553456173047,-46.26235426521681],[168.96862023351704,-46.257203465681194],[168.95637146596295,-46.260996265729574],[168.9450282826241,-46.25958018231197],[168.9284845667544,-46.261233749054625],[168.91245626721025,-46.2602143324021],[168.9128975662702,-46.242726766097185],[168.8385626005347,-46.24181444916332],[168.84002162611955,-46.24846907899837],[168.83183653296604,-46.25112593254008],[168.80196708354367,-46.24421043243615],[168.79604894986306,-46.244047116387996],[168.7668812495542,-46.235073732778204],[168.77148471635374,-46.22925618232282],[168.782073633891,-46.22253138231644],[168.78124796595583,-46.20662831566376],[168.79289054974038,-46.197647448975104],[168.7961366498683,-46.18941496635094],[168.7756201837082,-46.18220404900594],[168.76176328301264,-46.184858832560295],[168.7548302829061,-46.18094319913722],[168.7082495335374,-46.17760143305312],[168.7014611168592,-46.173522116398246],[168.70130835006148,-46.155111682885845],[168.70478148354624,-46.15510289957733],[168.7045573825076,-46.1298781655235],[168.75288826664365,-46.11030554968468],[168.77457006664417,-46.11027421609281],[168.79113440007728,-46.117776966286876],[168.80600825041824,-46.11784754964235],[168.8053636836683,-46.104831749528884],[168.8209653660773,-46.08914341635969],[168.80914834932335,-46.085035499490104],[168.81835404215005,-46.07245420618575],[168.8292701997732,-46.07007848236477],[168.82595518352284,-46.06228451608142],[168.81800176668347,-46.05817143264694],[168.803755250683,-46.05708564956566],[168.78606350024134,-46.050834732888426],[168.77043386618377,-46.04004859928173],[168.76675491633466,-46.03322646557965],[168.77121708305927,-46.02632541604826],[168.7878539675262,-46.02120756596841],[168.7858090173685,-46.00899326689053],[168.788125899758,-46.0021100326124],[168.7878318835497,-45.987477582641844],[168.81182426666325,-45.98676024908109],[168.81593629991292,-45.98446398284936],[168.82726369591228,-45.98934453976046],[168.83283055986936,-45.979192958819254],[168.83433630436937,-45.96969785707183],[168.82790725545516,-45.96862460861502],[168.8223825922919,-45.96098716245709],[168.8155671435081,-45.956722041976334],[168.81794497453984,-45.94936443227668],[168.81395336646872,-45.93764356407986],[168.80470114153678,-45.9357699376835],[168.80287783015,-45.92999660030433],[168.80617305622994,-45.92133928220022],[168.81298571660122,-45.91316826488207],[168.81450704390755,-45.90653406621109],[168.8421136504199,-45.90685526593208],[168.8358808332174,-45.90102518224578],[168.82356854993216,-45.89529968280781],[168.8191721999843,-45.87711424966505],[168.83427038238668,-45.85033283241024],[168.8434096997398,-45.83926959900167],[168.8445664498787,-45.83443594913921],[168.9395167507857,-45.83556568288227],[168.94307486632437,-45.82923771563808],[168.95063774989043,-45.82491221650558],[168.96262034983124,-45.80997816617781],[168.9704193657165,-45.79619203290939],[168.99311581689503,-45.79133914933273],[169.00347010013135,-45.79576789975483],[169.00455215011155,-45.74958496574611],[169.00170114976854,-45.73859451583361],[168.99451931682222,-45.73721424985821],[168.9933720505656,-45.72853841647481],[169.00407735047932,-45.72328293255552],[169.00757933331377,-45.71104508230276],[169.00522941735505,-45.700834399356786],[169.0073906504204,-45.69683004934912],[169.01882518317544,-45.68978528252483],[169.01870228355108,-45.67758538288158],[169.0246887334476,-45.659639299497705],[169.03528051578485,-45.65258541611011],[169.04397425012726,-45.652530432965015],[169.0586632332302,-45.64114946609977],[169.06551269970328,-45.62212481656021],[169.07356046715338,-45.60443133292095],[169.0807577168547,-45.59561938240865],[169.09721911719862,-45.583509949586194],[169.1052287501292,-45.563374933140395],[169.10727646640356,-45.55244003245839],[169.1128134496978,-45.54007934977807],[169.13023846747856,-45.52454896601348],[169.12904508413538,-45.52033418243048],[169.13812841650707,-45.48105428275727],[169.14197426657583,-45.47013528297682],[169.14023161724404,-45.46525208272415],[169.14882761681488,-45.44860766616452],[169.16075388296798,-45.43953894938433],[169.17215786734576,-45.44007048289797],[169.1905997833627,-45.437608282678575],[169.19879105055077,-45.434806382587176],[169.21104858245718,-45.416771999123235],[169.20707075014778,-45.39937141642695],[169.19649016706467,-45.38837856589801],[169.18086113269072,-45.39043546593306],[169.17074091608265,-45.38047841624676],[169.16830103321678,-45.3735191491566],[169.1532248164979,-45.35353864949607],[169.15472168318792,-45.349271349657585],[169.14821441578917,-45.33876999929098],[169.12947014984846,-45.337592749654675],[169.11401726714905,-45.328709966006734],[169.10570046654757,-45.32188719962515],[169.09929303304318,-45.31994574924497],[169.0928153165752,-45.29815128321368],[169.08490575012888,-45.280818983035545],[169.07291225069386,-45.27108208280253],[169.06546900031086,-45.26960989973099],[169.0127917495908,-45.30346818267533],[168.9595653663121,-45.359122082746644],[168.92960959983455,-45.40987011591015],[168.90679695001157,-45.44948648260206],[168.89956399943335,-45.45564991642677],[168.89208956591182,-45.457512332259704],[168.88690013263235,-45.46282046566395],[168.85923474952406,-45.452367549106874],[168.8594001333917,-45.43663764928376],[168.85272886686076,-45.43220538302851],[168.83437918240415,-45.43611299942966],[168.82646796717378,-45.44013131644176],[168.8252197330706,-45.44605696628119],[168.79620315035086,-45.43341303245902],[168.78245703238724,-45.43703908292421],[168.7687268002386,-45.403684032469606],[168.77369326634332,-45.39272226589763],[168.77253175052766,-45.38322344946004],[168.77500003382062,-45.37767914901211],[168.77266040044512,-45.363516398916424],[168.7580411166628,-45.36247956590717],[168.75163494986992,-45.36756634916875],[168.7196895667212,-45.34913429917485],[168.69221520075973,-45.33966974956967],[168.69092141683655,-45.33650206598925],[168.69780658259396,-45.31277668246088],[168.6919577161279,-45.29809811590804],[168.6939013006403,-45.29188906596123],[168.68753881735532,-45.2824566159093],[168.68967169897098,-45.273466132815685],[168.68004683288004,-45.257078032183706],[168.68331553345783,-45.2475511826941],[168.67410511754684,-45.24307174914713],[168.65873895015181,-45.24653173291373],[168.64930738407347,-45.245698733334294],[168.6330509508117,-45.261762682106784],[168.61879639925056,-45.26731748221105],[168.61741173336543,-45.271844866072726],[168.60837493309012,-45.27751013218242],[168.59394375060836,-45.28074248291622],[168.58329528404803,-45.279730132702504],[168.56922670029428,-45.285268332882964],[168.56406190061466,-45.29147236580833],[168.54944511648836,-45.30021879899531],[168.53940138319155,-45.30932671620826],[168.4607928159005,-45.325137981938795],[168.32329405001877,-45.327543165946985],[168.30273885045136,-45.29559674879998],[168.30260824972873,-45.284184998703545],[168.30704433342834,-45.26040726599237],[168.29817524910285,-45.250841432083156],[168.28824385041256,-45.24488038256883],[168.30075913352087,-45.2246531159516],[168.28597154961588,-45.21331038214131],[168.27321635030071,-45.211163715140295],[168.25665146682329,-45.203919948396035],[168.25077119944302,-45.193916332203216],[168.25467616646287,-45.184889281970165],[168.24529238307036,-45.1706407653646],[168.23583336645436,-45.16637408189034],[168.2393769330317,-45.154430515217726],[168.21700649908465,-45.144540948835655],[168.2269605838257,-45.13750499892169],[168.23621049973107,-45.13381938214625],[168.24550455074376,-45.126172731844136],[168.266108483753,-45.119025581792044],[168.27032931666184,-45.11220558204011],[168.2842061827612,-45.10617453254683],[168.28638125053774,-45.09321939848947],[168.2852498002557,-45.08329553196209],[168.2936820334667,-45.07434831590868],[168.29404134928413,-45.05540431564541],[168.2982721499576,-45.04857718212455],[168.2922679495929,-45.04382463230055],[168.29942646648897,-45.03299119929072],[168.30969566647505,-45.02602031549905],[168.299850365987,-45.014854749152526],[168.2860069167937,-45.016985199027914],[168.2855788831685,-45.020638365792045],[168.27526815022753,-45.02580258193719],[168.24685591610987,-45.02718246561398],[168.23519351643628,-45.024083931751996],[168.22105819932915,-45.0160608153174],[168.22040896570002,-45.00593229873727],[168.20885991583225,-45.00167538190289],[168.1909246831674,-44.9906644819923],[168.1828650007802,-44.983055748767214],[168.17425905084647,-44.980692848865125],[168.17607315005853,-44.96628481548112],[168.15986698308623,-44.95195278233449],[168.14471755065614,-44.9421419488251],[168.1339938501812,-44.94144106564982],[168.12865781747809,-44.93039236512066],[168.13535258380773,-44.927616349245646],[168.13125958283797,-44.92144991559504],[168.13637949965644,-44.91914146550484],[168.13452846736328,-44.905146898839476],[168.12975916731884,-44.901280348768644],[168.12625228377615,-44.88386989830375],[168.11771305075504,-44.88348188183481],[168.11721441659634,-44.87144994846763],[168.1221277668337,-44.8659745317557],[168.1223057663966,-44.85421288149758],[168.1289589836715,-44.837833481777054],[168.1274336005903,-44.82858094843285],[168.16758018290997,-44.82830856505375],[168.17304220027677,-44.808563232430366],[168.17975198421752,-44.804413465338605],[168.1833156665719,-44.79778219831564],[168.18477136734694,-44.784143381862755],[168.1929035996232,-44.77666386585695],[168.19100193345827,-44.7667900988546],[168.20210885084893,-44.754177632241344],[168.20527888240193,-44.74634743245716],[168.20300428343577,-44.74151248218941],[168.1945283666243,-44.74050681549755],[168.18277571631546,-44.74538076531227],[168.1806619158272,-44.73719504878781],[168.17492531633647,-44.732740331653105],[168.16941683306135,-44.722199215378964],[168.171972233472,-44.71857908231378],[168.1723333834064,-44.704559182446765],[168.17657555065307,-44.69574129861237],[168.18489716638865,-44.69045959864953],[168.19259731694052,-44.679232831917915],[168.18512091666616,-44.67044369914968],[168.1911165670897,-44.6558571991999],[168.18500908237831,-44.64613156615855],[168.19731491716655,-44.64333963269088],[168.19692488344083,-44.63618914854081],[168.20202130059235,-44.63034494895371],[168.20378494929125,-44.622881548671096],[168.21491158315573,-44.602880699079805],[168.22451084975927,-44.59933198215863],[168.2231617668066,-44.58931836550995],[168.22500476659,-44.58272856549305],[168.23531341665094,-44.57848083171108],[168.2373967004927,-44.57386923261799],[168.2369979002229,-44.54889621563229],[168.2345098000047,-44.543195698813975],[168.24677660074732,-44.532099832468795],[168.25844323247946,-44.52574299839683],[168.27477931747202,-44.520363932227205],[168.2771544498401,-44.51392824911948],[168.2897467830811,-44.49637073197499],[168.30679028347907,-44.49978244914289],[168.31830896582377,-44.49503069928182],[168.33452791747646,-44.49677943213513],[168.33378275040144,-44.48838936567881],[168.33892788301495,-44.474068415559564],[168.35313541621522,-44.46002646537323],[168.34873049972367,-44.45185684863125],[168.3538692675034,-44.443732381990976],[168.36096310015634,-44.43920418242619],[168.35984368306586,-44.432761599343344],[168.36549083342314,-44.42670918181713],[168.36623866625598,-44.418918149485734],[168.3543893164156,-44.41234294924916],[168.35176091613192,-44.40417991524182],[168.35991425026836,-44.39766983248591],[168.38523400051432,-44.38658944881077],[168.38620106581848,-44.380438199288555],[168.39774508255775,-44.379525565471354],[168.40736359904133,-44.375114782183246],[168.41174073238872,-44.363679215475706],[168.40939650058087,-44.360318432649606],[168.38494040075193,-44.35771651597469],[168.36836733249405,-44.35450088182865],[168.37062866672224,-44.34650144889868],[168.36727336591244,-44.3405497154155],[168.35922121710092,-44.33767099904161],[168.34907543328097,-44.330482399175914],[168.345641017126,-44.320285265904104],[168.35326433375346,-44.30460876576601],[168.3488041167801,-44.30179803191582],[168.35031943406224,-44.294844183052334],[168.3473491992043,-44.28423831604259],[168.34357818294646,-44.28123799917239],[168.32721974925343,-44.281650315281006],[168.31913171585938,-44.277695731941016],[168.3051823168225,-44.27905366572169],[168.28535941636997,-44.26290229896281],[168.27599879975654,-44.25965926564102],[168.25961405043589,-44.26180194930565],[168.25028601741016,-44.255120531796734],[168.2415320174209,-44.25820933219871],[168.22495895051264,-44.256824249116],[168.21164938260355,-44.26476744918153],[168.20225165071378,-44.266656382041575],[168.19628351700305,-44.27357529843509],[168.18027306657552,-44.27732289915958],[168.16932718349133,-44.27544296556016],[168.15812956650313,-44.2821886485445],[168.15176864980697,-44.280874365665845],[168.13192896592847,-44.28119378151885],[168.11875394966907,-44.27686316548238],[168.0782806330056,-44.26098889845694],[168.05594111289057,-44.25943861258523]]]]},"properties":{"shapeName":"Southland District","shapeID":"76426892B99609638104575","shapeGroup":"NZL","shapeType":"ADM2"}},
{"type":"Feature","geometry":{"type":"Polygon","coordinates":[[[169.00347010013135,-45.79576789975483],[168.99311581689503,-45.79133914933273],[168.9704193657165,-45.79619203290939],[168.96262034983124,-45.80997816617781],[168.95063774989043,-45.82491221650558],[168.94307486632437,-45.82923771563808],[168.9395167507857,-45.83556568288227],[168.8445664498787,-45.83443594913921],[168.8434096997398,-45.83926959900167],[168.83427038238668,-45.85033283241024],[168.8191721999843,-45.87711424966505],[168.82356854993216,-45.89529968280781],[168.8358808332174,-45.90102518224578],[168.8421136504199,-45.90685526593208],[168.81450704390755,-45.90653406621109],[168.81298571660122,-45.91316826488207],[168.80617305622994,-45.92133928220022],[168.80287783015,-45.92999660030433],[168.80470114153678,-45.9357699376835],[168.81395336646872,-45.93764356407986],[168.81794497453984,-45.94936443227668],[168.8155671435081,-45.956722041976334],[168.8223825922919,-45.96098716245709],[168.82790725545516,-45.96862460861502],[168.83433630436937,-45.96969785707183],[168.83283055986936,-45.979192958819254],[168.82726369591228,-45.98934453976046],[168.81593629991292,-45.98446398284936],[168.81182426666325,-45.98676024908109],[168.7878318835497,-45.987477582641844],[168.788125899758,-46.0021100326124],[168.7858090173685,-46.00899326689053],[168.7878539675262,-46.02120756596841],[168.77121708305927,-46.02632541604826],[168.76675491633466,-46.03322646557965],[168.77043386618377,-46.04004859928173],[168.78606350024134,-46.050834732888426],[168.803755250683,-46.05708564956566],[168.81800176668347,-46.05817143264694],[168.82595518352284,-46.06228451608142],[168.8292701997732,-46.07007848236477],[168.81835404215005,-46.07245420618575],[168.80914834932335,-46.085035499490104],[168.8209653660773,-46.08914341635969],[168.8053636836683,-46.104831749528884],[168.80600825041824,-46.11784754964235],[168.79113440007728,-46.117776966286876],[168.77457006664417,-46.11027421609281],[168.75288826664365,-46.11030554968468],[168.7045573825076,-46.1298781655235],[168.70478148354624,-46.15510289957733],[168.70130835006148,-46.155111682885845],[168.7014611168592,-46.173522116398246],[168.7082495335374,-46.17760143305312],[168.7548302829061,-46.18094319913722],[168.76176328301264,-46.184858832560295],[168.7756201837082,-46.18220404900594],[168.7961366498683,-46.18941496635094],[168.79289054974038,-46.197647448975104],[168.78124796595583,-46.20662831566376],[168.782073633891,-46.22253138231644],[168.77148471635374,-46.22925618232282],[168.7668812495542,-46.235073732778204],[168.79604894986306,-46.244047116387996],[168.80196708354367,-46.24421043243615],[168.83183653296604,-46.25112593254008],[168.84002162611955,-46.24846907899837],[168.8385626005347,-46.24181444916332],[168.9128975662702,-46.242726766097185],[168.91245626721025,-46.2602143324021],[168.9284845667544,-46.261233749054625],[168.9450282826241,-46.25958018231197],[168.95637146596295,-46.260996265729574],[168.96862023351704,-46.257203465681194],[168.99553456173047,-46.26235426521681],[168.9984662238375,-46.26743969905498],[168.99085455032193,-46.278036199030154],[169.01783985066473,-46.29179176635622],[169.03328636728506,-46.29548429918617],[169.04535651704336,-46.296083766034336],[169.05346523382815,-46.28541881618641],[169.0629153999399,-46.27770463234465],[169.08776541667692,-46.27475186632161],[169.11024058317568,-46.27384653318637],[169.12742511631777,-46.27195231596436],[169.1355883497423,-46.267151532970246],[169.15491986705365,-46.268551782605556],[169.176854433577,-46.28568274954043],[169.18901261659747,-46.27991991637369],[169.18830318363618,-46.25881614990285],[169.1857039175391,-46.25480476663837],[169.19177584919325,-46.247186483206825],[169.19565816678858,-46.23688506630481],[169.18623144949078,-46.23030966654682],[169.1863142495516,-46.22326121633498],[169.19806069944966,-46.21262954994374],[169.19829236588984,-46.200440132343324],[169.18974433279382,-46.19569163294698],[169.1873752001453,-46.1902230323927],[169.16787611719604,-46.18761138265508],[169.1688202335144,-46.181591499140175],[169.15961989969958,-46.17563714978237],[169.1688411172538,-46.16030119956573],[169.15873438319667,-46.151738532340715],[169.1507225831325,-46.15453968318205],[169.14329430029272,-46.14981088240402],[169.13292455029506,-46.150994799046835],[169.1301231331774,-46.14012230003499],[169.13343508309111,-46.13148523303631],[169.14309083356736,-46.12609089927967],[169.16230436669528,-46.1185416830583],[169.15787551661057,-46.106660866610426],[169.16328673329286,-46.09578558329533],[169.15813231622326,-46.09238584960679],[169.14829148328621,-46.092287532640796],[169.14844199914535,-46.08552046594977],[169.1355710659443,-46.08539231622072],[169.13801481739213,-46.07814883276945],[169.15307683395648,-46.07346438295877],[169.15787416578442,-46.068444649684274],[169.15800469939956,-46.0622218328338],[169.1533281342659,-46.04874471591787],[169.13850900029763,-46.048589932936984],[169.12408401663305,-46.03905811630389],[169.10259140078597,-46.03363146594634],[169.0881599005963,-46.021592149411816],[169.08175896695636,-46.01439393307641],[169.07982744985173,-46.0026810161743],[169.12747634994437,-46.00320549904931],[169.11716870012904,-46.00032283236199],[169.10817126692535,-45.995136832465484],[169.09072314951501,-46.00075914951815],[169.07271758347008,-46.001615999716535],[169.0713927504219,-45.98850356620412],[169.0672527833165,-45.98042761614638],[169.08111365086532,-45.96527553275044],[169.09439623349056,-45.95950104941737],[169.09971878362074,-45.948037433313566],[169.0972413500825,-45.938555666053645],[169.0903938996246,-45.93759729972036],[169.0821469169748,-45.929545016689794],[169.07391078337693,-45.92568729938759],[169.0764996491385,-45.919558265869405],[169.08475398394347,-45.91670898312816],[169.08506076754938,-45.90595521577599],[169.08950521627412,-45.89569673316831],[169.0990697992033,-45.884358183026315],[169.091515616612,-45.88255611628213],[169.0821544174051,-45.87301389976581],[169.0744737156721,-45.8710696665093],[169.07322191732965,-45.8649722835674],[169.0804555830881,-45.85816078245278],[169.05662261664403,-45.8501062663643],[169.04967551668338,-45.85852436687508],[169.05038973352652,-45.86395564965278],[169.0051994993221,-45.8634921996335],[169.00551023317948,-45.84793089936295],[169.012026950624,-45.83409466583272],[169.01981798249395,-45.82481909966518],[169.02539753401547,-45.82192298287606],[169.02884753321771,-45.80907956575949],[169.02403761696618,-45.805154049617094],[169.01353698343675,-45.80357068238988],[169.00347010013135,-45.79576789975483]]]},"properties":{"shapeName":"Gore District","shapeID":"76426892B13163294507058","shapeGroup":"NZL","shapeType":"ADM2"}},
{"type":"Feature","geometry":{"type":"MultiPolygon","coordinates":[[[[168.52919046635063,-46.59291554888209],[168.52168645079882,-46.5983910660901],[168.5050048820001,-46.59791564999995],[168.49580383300008,-46.593776702999946],[168.48302859908998,-46.59113699914732],[168.47303726722365,-46.586879249407986],[168.4646995498296,-46.58911259873813],[168.453922200927,-46.58728933269992],[168.4505809174988,-46.58287554929352],[168.4389868507098,-46.58717468231029],[168.42972143303007,-46.58530916609839],[168.41367386577141,-46.57910266528085],[168.4060534663715,-46.5814543653263],[168.39202778539394,-46.581419532463876],[168.3756026182792,-46.58370236598208],[168.36062420852699,-46.60022741402635],[168.36736068274448,-46.60196839825398],[168.37240913396903,-46.59709346567271],[168.3871017673261,-46.59471563268052],[168.4113110165833,-46.59874006519817],[168.42410383402066,-46.60474999919217],[168.4321275669392,-46.60621613217993],[168.45829594999614,-46.60671591592292],[168.49305176679792,-46.610196231965745],[168.50162239912441,-46.60987418235742],[168.52491979988676,-46.60526986536675],[168.54227296141713,-46.59971677129805],[168.52919046635063,-46.59291554888209]]],[[[168.1993390142884,-46.391396124130054],[168.21708679200003,-46.41249847499995],[168.23458862300004,-46.44419479399994],[168.23692007342012,-46.45520647205815],[168.25294494600007,-46.47497177099996],[168.25622558600003,-46.484138488999974],[168.26661682100007,-46.496223449999945],[168.27705916015572,-46.50028172407029],[168.28663635200007,-46.49625015099997],[168.30116263372597,-46.49534958250368],[168.30440621627446,-46.488715732154255],[168.29991866694928,-46.47837018205169],[168.29338854993316,-46.47049736511897],[168.2991638190001,-46.46544265799997],[168.2725067140001,-46.46458434899995],[168.27395755257118,-46.46041488599997],[168.28358061031457,-46.46041488599997],[168.29080200200008,-46.45541763299997],[168.31360956665173,-46.4568571155628],[168.32543945300006,-46.45080566399997],[168.32258843379083,-46.43978183245266],[168.311691733566,-46.42949594881674],[168.3371950509469,-46.41846210935349],[168.33967026639044,-46.42777051553838],[168.34691796729524,-46.42824494868531],[168.3519771829892,-46.44625188223349],[168.3548635336925,-46.462994615784964],[168.36785848683874,-46.47629137567512],[168.37541198700012,-46.47586059599996],[168.37705630162466,-46.48458753425018],[168.36830139200003,-46.48627853299996],[168.36056060875217,-46.49514775985031],[168.31659023389346,-46.51053838211695],[168.3005501335258,-46.51171063270439],[168.2944710996266,-46.508188565842005],[168.2868294832454,-46.518589107902535],[168.28652700294344,-46.523307272187225],[168.2949676510001,-46.53461074799998],[168.27482386704517,-46.53749006593115],[168.28163458308478,-46.527238048681106],[168.28208923400007,-46.51916503899997],[168.2863789839602,-46.51180213204792],[168.27062506806467,-46.51103311477267],[168.26092299939594,-46.51690473291175],[168.23442903451908,-46.513744049234525],[168.2281427184839,-46.51500486388785],[168.2240824842126,-46.52354294844214],[168.23303996661522,-46.53192598210906],[168.2366823826607,-46.54331446557487],[168.2299945169385,-46.550231315622916],[168.23701213782968,-46.552864306285436],[168.24836731000005,-46.55127716099997],[168.2558012793876,-46.55489617780176],[168.26594050035453,-46.55593353165738],[168.27598466849466,-46.56982303097253],[168.27283436659928,-46.578794381543666],[168.27588575106282,-46.58518193220187],[168.2922708360089,-46.59208297699996],[168.31047696754007,-46.59402518220179],[168.31605210060002,-46.604326882397956],[168.32087260040342,-46.61885586542472],[168.3277627991074,-46.62438343214346],[168.33553623537762,-46.625703682522285],[168.3516534992132,-46.62187318194667],[168.35908475051215,-46.61175189881936],[168.3560526623298,-46.60551439219055],[168.34481443419259,-46.59809037343886],[168.31700051699886,-46.593976382261886],[168.309250317022,-46.590869965780776],[168.30549284977764,-46.58438073228189],[168.30745341615483,-46.57547119913144],[168.3011627200001,-46.57002639799998],[168.2994482841539,-46.56358549863176],[168.30133706684185,-46.5488981978433],[168.3116455070001,-46.54794311399996],[168.32749939000007,-46.54377746499995],[168.33247375500002,-46.55041503799998],[168.34419864992364,-46.537737597866645],[168.35295636778545,-46.53627819836499],[168.3616502347373,-46.54629595321317],[168.36320262545922,-46.553772712108355],[168.3743321507718,-46.569252948917445],[168.4066314690001,-46.56047057999996],[168.41329956000004,-46.55958175699993],[168.45243835400004,-46.56047057999996],[168.4659573164852,-46.5649571819389],[168.48243713400007,-46.56541824399994],[168.49944185711496,-46.57361006058051],[168.51282496661875,-46.57389036586587],[168.50682181602502,-46.57045344925237],[168.51582579908333,-46.562434765555146],[168.4468001163416,-46.52552206608639],[168.44678436668227,-46.50669069865314],[168.4519844009135,-46.5000672159288],[168.45907503403168,-46.500060965317864],[168.45856554966548,-46.43143889921324],[168.45349786690247,-46.42696719876175],[168.45343595001694,-46.39575709879674],[168.45878128342852,-46.39623841544061],[168.45876858358156,-46.383558249139526],[168.45365391636523,-46.38452041629916],[168.45356299962046,-46.36447546528426],[168.4321587505593,-46.36450389936726],[168.4321467500052,-46.360892232164204],[168.38476226696758,-46.3608664492379],[168.38471088327802,-46.34891961594234],[168.35835768381835,-46.345847498751525],[168.35835165083847,-46.33661431528101],[168.36611955010358,-46.33661614914108],[168.36610934984074,-46.32220028193973],[168.3402604335685,-46.32218309906309],[168.3402884508282,-46.34391244852853],[168.32726311666855,-46.344057898816715],[168.32727488357045,-46.350932049133036],[168.2945806491098,-46.350943765393325],[168.28517896642103,-46.35347239892712],[168.28332960070813,-46.359539148413326],[168.27046529975414,-46.35917411535535],[168.2675704671273,-46.3651604818896],[168.25449145073094,-46.363888565600284],[168.2502013497716,-46.368102215436764],[168.24978888287933,-46.37522691576543],[168.25740373346684,-46.381049616216714],[168.24305863361977,-46.383159048322305],[168.2382417669046,-46.393521582125466],[168.1993390142884,-46.391396124130054]]]]},"properties":{"shapeName":"Invercargill City","shapeID":"76426892B89444897674661","shapeGroup":"NZL","shapeType":"ADM2"}},
{"type":"Feature","geometry":{"type":"MultiPolygon","coordinates":[[[[174.83994918347054,-36.39194356717792],[174.83856935032026,-36.39850320101919],[174.83063950009455,-36.39866391676825],[174.8217415050001,-36.41224836899994],[174.82552625200003,-36.41636953699998],[174.8363193743078,-36.42162756092625],[174.85003394962078,-36.420711369935205],[174.85563600900002,-36.42536882199994],[174.8327092330487,-36.42913451631524],[174.82172550889038,-36.4261458732519],[174.81840278519357,-36.433447482069525],[174.82850736781174,-36.43581134919916],[174.8332498160649,-36.44117986329241],[174.83349741735447,-36.44893423241119],[174.84083344700002,-36.44597466199997],[174.8566776746532,-36.44499572600675],[174.85807506800006,-36.43958264699995],[174.86665382600006,-36.44336739299996],[174.86968162200003,-36.44858193199997],[174.87750343100004,-36.44092833399998],[174.87948043467304,-36.43452726655212],[174.87641006,-36.42772377499995],[174.87707891653176,-36.41595444951079],[174.8700879500813,-36.40755626690575],[174.86467391747357,-36.40754259895739],[174.85826987278136,-36.40143579174688],[174.83994918347054,-36.39194356717792]]],[[[174.48174833315719,-36.22827699994109],[174.4726813167744,-36.239034133372776],[174.4764962005319,-36.2600291832904],[174.4649963390001,-36.26208495999998],[174.4571075440001,-36.25916671799996],[174.4458007820001,-36.263778686999956],[174.4375000000001,-36.27544403099995],[174.42541171609724,-36.275318700092484],[174.42247009200003,-36.28708267299993],[174.41458129900002,-36.28833389299996],[174.4016972833677,-36.296587266566185],[174.39544677700007,-36.30333328299997],[174.3900299080001,-36.312946317999945],[174.38163757300003,-36.31211089999994],[174.37750244100005,-36.323776244999976],[174.3665598001624,-36.31083156668382],[174.36258171671363,-36.31990239934403],[174.35706798396708,-36.32328394978566],[174.34893721699748,-36.321277432968614],[174.33953101748668,-36.32808263321489],[174.32496456721907,-36.326163949536976],[174.3098784176964,-36.32755928312803],[174.30891213491122,-36.32042688213027],[174.2990605014049,-36.30932573278145],[174.2810557337556,-36.305539933392915],[174.26458740300006,-36.314998625999976],[174.2663116450001,-36.32669448699994],[174.25961303700012,-36.32586288299996],[174.26046752900004,-36.36583328099994],[174.2554473880001,-36.375831603999984],[174.25745998445043,-36.38090344911116],[174.2656792175151,-36.384185550103105],[174.27457073331007,-36.391250916105264],[174.28092380120395,-36.387536182946434],[174.28962058480136,-36.3895844994902],[174.30415551654303,-36.389880533537415],[174.30896683436038,-36.387111649332724],[174.30170293324517,-36.38073491577599],[174.30430143480012,-36.37150394858732],[174.31147243339393,-36.37341738291199],[174.31559521753027,-36.37973595012538],[174.33806395136972,-36.39199783281754],[174.35066818409894,-36.40317445007663],[174.35499572700007,-36.40955734299996],[174.36401171778346,-36.409179083740234],[174.3680246345879,-36.39952269980295],[174.3824768070001,-36.40124893199993],[174.3850396840958,-36.39513778195263],[174.37290954600007,-36.388332366999975],[174.37611148377735,-36.3821313489142],[174.3824268082675,-36.385358808068624],[174.39742443951403,-36.38210565642396],[174.40541076600005,-36.37752914499998],[174.40189810122894,-36.36622088327677],[174.40267014884992,-36.36144319927598],[174.39369201600005,-36.35752868499998],[174.39080810500002,-36.34294509799997],[174.39586420015422,-36.33800190016435],[174.40331531717374,-36.33705511707114],[174.40688063330185,-36.343160383451725],[174.40625475021713,-36.34950526664692],[174.42280113361878,-36.348643866437975],[174.41553957264094,-36.3573722626452],[174.42151785423113,-36.37164114258561],[174.43170166000004,-36.37461089999994],[174.44375610400004,-36.38088989099998],[174.4282989500001,-36.38708495999998],[174.4237213140001,-36.39333343399994],[174.42457580600012,-36.40163803099995],[174.4337463380001,-36.41169357299998],[174.43041992200006,-36.42250060999993],[174.43875381815914,-36.427953745950816],[174.43062396656666,-36.43089743227494],[174.42625427200005,-36.436587552161164],[174.43045044000007,-36.451667784999984],[174.42538452200006,-36.458332060999965],[174.4254150390001,-36.46833419799998],[174.4199981690001,-36.47622299099993],[174.41252136200012,-36.478748321999944],[174.4112854000001,-36.48869921197895],[174.42201373214667,-36.49568874896681],[174.4375000000001,-36.49544524999993],[174.43666076700003,-36.50377654999994],[174.42673070069293,-36.51515418327405],[174.4299926760001,-36.531276702999946],[174.44830322300004,-36.532917021999936],[174.45460510200007,-36.542499540999984],[174.45372009300002,-36.56000137399997],[174.4466705320001,-36.56208419699993],[174.4291687010001,-36.561248777999936],[174.42286682100007,-36.56672286999998],[174.42752075200008,-36.572139739999955],[174.44502258300008,-36.57205581499994],[174.44207763700012,-36.57749938899997],[174.433364868,-36.58044433499998],[174.41667175300006,-36.57877731199994],[174.4128737587466,-36.585014233318326],[174.4326593171617,-36.586993716598705],[174.44502258300008,-36.59208297599997],[174.4486999510001,-36.59669494499997],[174.44288635200007,-36.60497283999996],[174.44038391100003,-36.620834350999985],[174.43371582100008,-36.62502670199996],[174.43791198700012,-36.63336181699998],[174.45043945300006,-36.645027159999984],[174.44583129900002,-36.64710998499993],[174.42955017100007,-36.636695861999954],[174.4250335690001,-36.64710998499993],[174.4171886031411,-36.647010377931835],[174.41435020488402,-36.632101420693125],[174.4099731450001,-36.63208389299996],[174.40086364700005,-36.63961028899996],[174.39169695051706,-36.63860003338918],[174.3880743500772,-36.63393166588147],[174.40244655077365,-36.63135896611391],[174.39791443401342,-36.62289047199994],[174.3874664320001,-36.62127685599995],[174.3828887940001,-36.626693725999985],[174.3689631264353,-36.62951098319102],[174.35816750071916,-36.62361468313941],[174.35186624981742,-36.62482873320195],[174.34993671974811,-36.61772271936867],[174.35455322200005,-36.605861663999974],[174.3486633671071,-36.60058963323705],[174.35703568384704,-36.59490236622943],[174.35330200200008,-36.58877944999995],[174.34124755800008,-36.58833312999997],[174.34997558600003,-36.58211135899995],[174.3641252002707,-36.58266031602453],[174.37815273300308,-36.57457179938773],[174.37738065034134,-36.565122183185714],[174.36429460144427,-36.557197700330065],[174.35496521000005,-36.55875015099997],[174.35496521000005,-36.55205535899995],[174.35079956100003,-36.54544448699994],[174.33666992200006,-36.54627609099998],[174.33497619600007,-36.542110442999956],[174.31919860800008,-36.54297256499996],[174.31666565000012,-36.53794479399994],[174.30918884300002,-36.53708267199994],[174.3004150390001,-36.531665801999964],[174.3004007164658,-36.522345366606324],[174.29128651627403,-36.506211932877186],[174.292885366297,-36.503582216330486],[174.2782984164636,-36.48897041661395],[174.27000673256097,-36.47735704990342],[174.26824373371525,-36.47002954998721],[174.26009656634557,-36.45519006624567],[174.25105486683046,-36.449935733041926],[174.235835399823,-36.4280906168391],[174.23120229962845,-36.42759391605655],[174.20580556670194,-36.44320823264583],[174.19954710081063,-36.45356875013229],[174.19900685063683,-36.462361782925655],[174.1896057130001,-36.45500182999996],[174.1896057130001,-36.44333267199994],[174.18341146115458,-36.440480452776654],[174.16863528384212,-36.45176005017617],[174.1622216005248,-36.46335436685136],[174.16205685159196,-36.472443118827975],[174.16874694800003,-36.48666763199998],[174.17177226152805,-36.49824756570429],[174.1870359164564,-36.51568131726214],[174.21044446684556,-36.540859736202194],[174.22955322300004,-36.560028074999934],[174.25294494600007,-36.584999084999936],[174.25369262700008,-36.58750152599998],[174.27455139200003,-36.60833358799994],[174.2904205320001,-36.63163757399997],[174.30038452100007,-36.64252853399995],[174.31040954500008,-36.659168241999964],[174.3295898440001,-36.68169403],[174.33377075200008,-36.690029143999936],[174.3453674320001,-36.70419311499995],[174.35874939000007,-36.72416686899993],[174.37788391100003,-36.750862121999944],[174.39208984300012,-36.77252960199996],[174.40458679200003,-36.78836059599996],[174.41377258300008,-36.804195403999984],[174.41874695,-36.80922317499994],[174.42961120600012,-36.82919311399996],[174.43458557100007,-36.84922409099994],[174.4312744140001,-36.85583496099997],[174.4354400640001,-36.85919570799996],[174.437942506,-36.867500303999975],[174.43455505300005,-36.87658648031365],[174.44545521648328,-36.8766175001987],[174.4518400829908,-36.87322999973204],[174.44744500037854,-36.866842800065655],[174.45669750065497,-36.86045521680185],[174.45757503326593,-36.8527668663639],[174.46589324940848,-36.840872566519074],[174.47396494710512,-36.834386400678746],[174.48116300067284,-36.83298861686633],[174.4872272507089,-36.835866599955],[174.49535158318463,-36.834627483211925],[174.5193768002473,-36.837790382932695],[174.5233796171575,-36.84235435001218],[174.5330154168697,-36.83762033329154],[174.54671166658352,-36.84140728350824],[174.57742846694174,-36.844562166235306],[174.58633939998188,-36.83633878341698],[174.5813104338675,-36.832936616632516],[174.58227968332105,-36.82760933323575],[174.59078840396901,-36.81705808093488],[174.58574343280478,-36.80671940008151],[174.58820923337967,-36.79545894979643],[174.59115355010934,-36.79370123330934],[174.59888420033448,-36.78403451687202],[174.60510363354643,-36.770212283247325],[174.61464786723832,-36.77254610007452],[174.6317607670891,-36.76701278350131],[174.6317400337073,-36.76060074993349],[174.63883940055246,-36.752066650115076],[174.638056566363,-36.747272183229654],[174.6550883167298,-36.74144231667014],[174.6572478497299,-36.7367775503704],[174.66999575651332,-36.725236973101936],[174.66571945049043,-36.71226993278088],[174.67294598321368,-36.7129222164152],[174.681699316135,-36.70897606686773],[174.68936840074858,-36.7085441997752],[174.6967590993838,-36.71208196757987],[174.7070604996172,-36.710201999995675],[174.7031144667169,-36.69084333364009],[174.69751423251057,-36.68214021659807],[174.68699543307812,-36.67755154974313],[174.67941028334118,-36.668397999911406],[174.6675195671616,-36.65926371624672],[174.66263665012502,-36.64763218281046],[174.66294388365387,-36.6180323665804],[174.66037976726142,-36.61227974970297],[174.66248854859018,-36.598681564327016],[174.66250759927317,-36.59832713298733],[174.666267499748,-36.57851378388888],[174.6737430665229,-36.56553956628722],[174.6812337338111,-36.55678373312053],[174.68103468318498,-36.538159816190216],[174.69490093062817,-36.53885705660675],[174.69662421424454,-36.53983340803702],[174.70247259625424,-36.54044153458235],[174.71576966664108,-36.54275418326519],[174.71567393373778,-36.536431349500205],[174.7025299070001,-36.53208160299994],[174.71432186648698,-36.52604954993364],[174.7246093750001,-36.51586151099997],[174.71621704100005,-36.50505447399996],[174.71307471422838,-36.49377638938566],[174.7073597001103,-36.49596384933154],[174.70663452200006,-36.48627853299996],[174.69960300007105,-36.484856666900455],[174.69255511692808,-36.48743404962596],[174.69119625024317,-36.47961268357043],[174.69454425066388,-36.47400879952189],[174.7044409004144,-36.47415999973273],[174.71223473325963,-36.469664749643606],[174.6980194498335,-36.46677984933454],[174.69999694900002,-36.46130371099997],[174.70707702700008,-36.45416641099996],[174.7043501826176,-36.45017028265349],[174.70683194328836,-36.44229797721748],[174.69917297300003,-36.43375015299995],[174.69893093269968,-36.42537143268154],[174.70875549400012,-36.42833328099994],[174.71812301627406,-36.42788946674433],[174.72335615003686,-36.43303391648759],[174.72376388363807,-36.44274499969183],[174.7320945000075,-36.45142876683778],[174.7304934000561,-36.45833263372163],[174.7346038820001,-36.46505737199993],[174.7441641498162,-36.460942083590155],[174.74826715020373,-36.47329303272462],[174.74274584967893,-36.4832684829413],[174.73910522500012,-36.495418547999975],[174.74961853000002,-36.49252700799997],[174.75122070400005,-36.47835922099995],[174.757919312,-36.46502685599995],[174.76214599600007,-36.46169280999993],[174.75952148500005,-36.45080566399997],[174.77381326702485,-36.44224764988423],[174.74499511700003,-36.43627929699994],[174.73124694800003,-36.42419433599997],[174.72789001400008,-36.41083145199997],[174.7346038820001,-36.40169525199997],[174.72125244100005,-36.38666534499998],[174.72368446690638,-36.375717866545976],[174.7333867331077,-36.37022634964889],[174.7398706996822,-36.37212418346835],[174.73398105071507,-36.37859299995169],[174.73294891691364,-36.386749200116824],[174.74420166000004,-36.396278380999945],[174.75926288364718,-36.38162348314123],[174.77125918335778,-36.39268386677573],[174.77731025056812,-36.385405466219765],[174.7856365167955,-36.38749734944538],[174.79573503392817,-36.37828188273707],[174.80425311642614,-36.382272666393014],[174.8235869999894,-36.37514648277321],[174.84760409953225,-36.377694266861475],[174.85972934958173,-36.37262846668987],[174.8633270260001,-36.367084502999944],[174.85169982900004,-36.366249084999936],[174.83836364700005,-36.370418548999965],[174.82746887200005,-36.367084502999944],[174.81166076700003,-36.35797119099993],[174.80752563500005,-36.35124969399993],[174.78828430200008,-36.35124969399993],[174.78375244100005,-36.346694946999946],[174.7790784830011,-36.329276349500226],[174.77463351701735,-36.32614004946126],[174.76963108001075,-36.33569855260696],[174.77027036974914,-36.34329447186443],[174.77648965073936,-36.35090488280998],[174.7828674320001,-36.36247253399995],[174.77789306800003,-36.36583328099994],[174.77318822881034,-36.359590543519694],[174.76470425004888,-36.356662466132356],[174.7637481690001,-36.35086059599996],[174.75794983000003,-36.34336090099998],[174.7604249007047,-36.334136287805634],[174.75955200200008,-36.32422256499996],[174.75250244300003,-36.316249847999984],[174.77122450168346,-36.312029682170014],[174.7794437831446,-36.31244381670246],[174.7845332798843,-36.319927890827245],[174.7963991174877,-36.32161516677176],[174.79448206718553,-36.30357859937279],[174.80835031621734,-36.29444048333403],[174.81818408307632,-36.285267866207896],[174.82008541717138,-36.276668999949415],[174.80415929572783,-36.27042363764646],[174.77877946721824,-36.269761982661436],[174.76928241657163,-36.26208768332126],[174.75669860800008,-36.26124954199997],[174.73913574300002,-36.25463867199994],[174.7308044440001,-36.24708175699993],[174.7183074950001,-36.239582060999965],[174.70663452200006,-36.230445860999964],[174.67378234800003,-36.19752883899997],[174.65371704100005,-36.17336273199993],[174.65104725511085,-36.16649580373086],[174.64291381800012,-36.15919494499997],[174.63062503610203,-36.13807634205159],[174.61663516703814,-36.1175555665894],[174.60591118378673,-36.12162238344105],[174.60634970046624,-36.13267154987533],[174.59856320028098,-36.14028193341052],[174.58491519552928,-36.142917350643586],[174.58258588163875,-36.148478010443185],[174.58668696719366,-36.15746746647492],[174.58018844485326,-36.16703401901185],[174.57114521691898,-36.16615319955756],[174.56564268743355,-36.17131386159311],[174.5628090505643,-36.17900018275693],[174.55185010003274,-36.17743261623581],[174.53294001665884,-36.184744599588456],[174.52229970061637,-36.197224449871406],[174.52507341608893,-36.20823171610398],[174.51850861672185,-36.210478499823616],[174.49813803330832,-36.22412260050593],[174.489496432559,-36.22414129996933],[174.48174833315719,-36.22827699994109]]]]},"properties":{"shapeName":"Rodney Local Board Area","shapeID":"76426892B62509674219060","shapeGroup":"NZL","shapeType":"ADM2"}},
{"type":"Feature","geometry":{"type":"MultiPolygon","coordinates":[[[[174.66250759927317,-36.59832713298733],[174.67597990045954,-36.59499980007622],[174.68126994983518,-36.591699699668894],[174.6883477839719,-36.596522749495485],[174.70044198838056,-36.598603347690876],[174.70085206680284,-36.595078366173766],[174.6928154505003,-36.57573476617455],[174.69696993249067,-36.56187083335407],[174.70804113386302,-36.56273008347527],[174.70956996701878,-36.54419637651204],[174.7008361810001,-36.54377746499995],[174.69490093062817,-36.53885705660675],[174.68103468318498,-36.538159816190216],[174.6812337338111,-36.55678373312053],[174.6737430665229,-36.56553956628722],[174.666267499748,-36.57851378388888],[174.66250759927317,-36.59832713298733]]],[[[174.7070604996172,-36.710201999995675],[174.7209376163007,-36.70240768159041],[174.72790443364067,-36.70933633338838],[174.72310838326885,-36.7236833498742],[174.73085272586897,-36.72838297703859],[174.7357079839389,-36.736152782686354],[174.7412766333335,-36.738337032938205],[174.7392778321843,-36.74480578355354],[174.7456874633928,-36.74748543746646],[174.7546921167046,-36.75828731612815],[174.76417436635734,-36.75276340012758],[174.76535791677918,-36.74869971668505],[174.7530459831833,-36.73244526689167],[174.75735698276083,-36.7295906330456],[174.75162451639557,-36.72098534985854],[174.75001809956436,-36.71258606626337],[174.75153926642747,-36.70368613346725],[174.75900611649433,-36.69835403299297],[174.76021096708055,-36.69381133319079],[174.75254776707496,-36.68881568348582],[174.7477667333063,-36.67937199947353],[174.74620218306347,-36.66765148311205],[174.7425231940001,-36.66294479199996],[174.73414611900012,-36.67044448699994],[174.72783650020838,-36.65765368364708],[174.7276723003329,-36.64929466649073],[174.7186519830724,-36.63764481606278],[174.7102446333775,-36.62284866655882],[174.70187051646514,-36.6255941332925],[174.7009193665738,-36.61728441634125],[174.7099297164948,-36.61503184937555],[174.7236692418452,-36.63731492027149],[174.7302534163383,-36.644207916406536],[174.74061016735226,-36.64800354936485],[174.75147018331685,-36.63913638377626],[174.75942506703882,-36.64167724972077],[174.76722093362915,-36.63616296632536],[174.7704850499126,-36.62642054946497],[174.78559905027933,-36.623357583790195],[174.79374694800003,-36.62333297799995],[174.79646078381654,-36.62970761604553],[174.80504236729422,-36.624810916357845],[174.80405238384944,-36.61816263331015],[174.8079148165375,-36.60783314969009],[174.81417721728974,-36.60823345012783],[174.81873543329107,-36.61518978264811],[174.82513219998987,-36.61422879963559],[174.83268438285396,-36.61956725009658],[174.836789517349,-36.61632458376969],[174.84081703364203,-36.601649683096184],[174.83729996120636,-36.596248626999966],[174.82499694800003,-36.594581603999984],[174.81788635200007,-36.59749984699994],[174.81497192400002,-36.602943419999974],[174.80081176700003,-36.60211181599993],[174.79339599600007,-36.606250762999935],[174.78500366200012,-36.60627746499995],[174.78169250500002,-36.609584807999966],[174.77166748000002,-36.61044311399996],[174.77207946800002,-36.62086105199995],[174.76419067400002,-36.62877654999994],[174.75666809100005,-36.628749847999984],[174.74857173384805,-36.624657483411],[174.74085998600003,-36.625415801999964],[174.7308865165582,-36.62073651647532],[174.7229020839385,-36.61379529938348],[174.71478328315024,-36.61025090002237],[174.70753479000007,-36.60041809099994],[174.68208071704194,-36.602881149831305],[174.67607618386003,-36.59595925016971],[174.66248854859018,-36.598681564327016],[174.66037976726142,-36.61227974970297],[174.66294388365387,-36.6180323665804],[174.66263665012502,-36.64763218281046],[174.6675195671616,-36.65926371624672],[174.67941028334118,-36.668397999911406],[174.68699543307812,-36.67755154974313],[174.69751423251057,-36.68214021659807],[174.7031144667169,-36.69084333364009],[174.7070604996172,-36.710201999995675]]]]},"properties":{"shapeName":"Hibiscus and Bays Local Board Area","shapeID":"76426892B59525679970548","shapeGroup":"NZL","shapeType":"ADM2"}},
{"type":"Feature","geometry":{"type":"MultiPolygon","coordinates":[[[[174.63663785069096,-36.82349894979938],[174.6458913669818,-36.81757361645884],[174.64393036626825,-36.81244173322055],[174.64906974972854,-36.80229894966132],[174.66334883820576,-36.807358896781714],[174.670899282973,-36.804922766625026],[174.67443760066217,-36.79632634937505],[174.67308307904153,-36.78914429358931],[174.66583241670335,-36.785174083151986],[174.65049311723158,-36.789964200189985],[174.64070026587135,-36.78816333338341],[174.64581324944652,-36.78263248293747],[174.64161703378767,-36.77714653370724],[174.62675365071738,-36.77466260035149],[174.61212928347962,-36.774032933508146],[174.60203620062325,-36.77989416680425],[174.59769761671143,-36.78914643292054],[174.59132936660365,-36.7932609997626],[174.60171151744308,-36.79940099974267],[174.60492055056812,-36.80629138334201],[174.61831246708462,-36.808297721901354],[174.62523833374846,-36.81556675001565],[174.63663785069096,-36.82349894979938]]],[[[174.63883940055246,-36.752066650115076],[174.6336861994081,-36.76316053277074],[174.63381421646218,-36.770231066265914],[174.6513452664424,-36.76731806670764],[174.66074515060245,-36.770224983276286],[174.66647760007234,-36.77640436680968],[174.6701523998527,-36.78448830031945],[174.68021331706908,-36.78556410008675],[174.69788494987355,-36.77661773294801],[174.7028196499141,-36.771423333549215],[174.71382818503437,-36.76839712380139],[174.7234641998003,-36.760463866757895],[174.72872821650893,-36.75354715013706],[174.7392778321843,-36.74480578355354],[174.7412766333335,-36.738337032938205],[174.7357079839389,-36.736152782686354],[174.73085272586897,-36.72838297703859],[174.72310838326885,-36.7236833498742],[174.72790443364067,-36.70933633338838],[174.7209376163007,-36.70240768159041],[174.7070604996172,-36.710201999995675],[174.6967590993838,-36.71208196757987],[174.68936840074858,-36.7085441997752],[174.681699316135,-36.70897606686773],[174.67294598321368,-36.7129222164152],[174.66571945049043,-36.71226993278088],[174.66999575651332,-36.725236973101936],[174.6572478497299,-36.7367775503704],[174.6550883167298,-36.74144231667014],[174.638056566363,-36.747272183229654],[174.63883940055246,-36.752066650115076]]]]},"properties":{"shapeName":"Upper Harbour Local Board Area","shapeID":"76426892B55565569034738","shapeGroup":"NZL","shapeType":"ADM2"}},
{"type":"Feature","geometry":{"type":"Polygon","coordinates":[[[174.7028196499141,-36.771423333549215],[174.70015353324902,-36.77393986605822],[174.69914245600012,-36.78630447399996],[174.69329834000007,-36.78377914299995],[174.67976096784992,-36.79125423346285],[174.68293148767944,-36.79854370231613],[174.68869018500004,-36.802528379999956],[174.69702148400006,-36.81586074899997],[174.70014356735243,-36.82405551613719],[174.7144364500394,-36.82511386635305],[174.72551490057285,-36.82110185013814],[174.73371722684166,-36.82264328221232],[174.7413692500687,-36.81635428316268],[174.74790954500008,-36.821693419999974],[174.7582582633461,-36.80666227904506],[174.75087848385274,-36.801104899793486],[174.7630490334535,-36.79911046716219],[174.7547177335059,-36.791238816173475],[174.74371773387526,-36.77360093292934],[174.73864513371868,-36.763124616517004],[174.72872821650893,-36.75354715013706],[174.7234641998003,-36.760463866757895],[174.71382818503437,-36.76839712380139],[174.7028196499141,-36.771423333549215]]]},"properties":{"shapeName":"KaipÄtiki Local Board Area","shapeID":"76426892B5692080734545","shapeGroup":"NZL","shapeType":"ADM2"}},
{"type":"Feature","geometry":{"type":"Polygon","coordinates":[[[174.7392778321843,-36.74480578355354],[174.72872821650893,-36.75354715013706],[174.73864513371868,-36.763124616517004],[174.74371773387526,-36.77360093292934],[174.7547177335059,-36.791238816173475],[174.7630490334535,-36.79911046716219],[174.77044677700007,-36.79836273099994],[174.77914428700012,-36.81208419799998],[174.78630874954948,-36.81407611691749],[174.79246521000005,-36.82458495999998],[174.78334045400004,-36.822082517999945],[174.78158321625625,-36.82700043367904],[174.78633066972463,-36.83137509437293],[174.79606575947628,-36.83288502049977],[174.8077392138568,-36.82828195209709],[174.80734734964494,-36.814902166868606],[174.8003263999045,-36.81193146659752],[174.79254049992727,-36.80057455012413],[174.7813670163913,-36.79374289964389],[174.77536068382037,-36.78794780005359],[174.7780094665034,-36.779713249998636],[174.7759821666187,-36.77350656679771],[174.76648891680156,-36.76414644959344],[174.76921834992686,-36.75809531643056],[174.76417436635734,-36.75276340012758],[174.7546921167046,-36.75828731612815],[174.7456874633928,-36.74748543746646],[174.7392778321843,-36.74480578355354]]]},"properties":{"shapeName":"Devonport-Takapuna Local Board Area","shapeID":"76426892B81581642165693","shapeGroup":"NZL","shapeType":"ADM2"}},
{"type":"Feature","geometry":{"type":"Polygon","coordinates":[[[174.58633939998188,-36.83633878341698],[174.59714880081359,-36.83849243305924],[174.5936665669321,-36.850526216664775],[174.59533915074002,-36.85742913277438],[174.58930133335903,-36.867705099628715],[174.590568017479,-36.875954416250515],[174.5969611171187,-36.87501653272516],[174.6013722674027,-36.88194198292807],[174.60400463325314,-36.89388100017474],[174.62257431656383,-36.90425386617408],[174.63006618410827,-36.897273499464035],[174.6377436532557,-36.90478171020627],[174.64618731660528,-36.897406332961516],[174.6498379659386,-36.89835271632717],[174.662692366091,-36.884974599586755],[174.65436244988013,-36.86825680056916],[174.65662595006944,-36.862893566104006],[174.65713575057907,-36.84960180003073],[174.6614230835528,-36.8414411830187],[174.66031951648128,-36.83072930004264],[174.64627075200008,-36.825832366999975],[174.6441955570001,-36.83294296299994],[174.63378413289078,-36.84290248344983],[174.64376260043164,-36.8438405833242],[174.64337269995463,-36.852645832824805],[174.6285540501481,-36.83996181677844],[174.6395591672716,-36.83089721626077],[174.63663785069096,-36.82349894979938],[174.62523833374846,-36.81556675001565],[174.61831246708462,-36.808297721901354],[174.60492055056812,-36.80629138334201],[174.60171151744308,-36.79940099974267],[174.59132936660365,-36.7932609997626],[174.59115355010934,-36.79370123330934],[174.58820923337967,-36.79545894979643],[174.58574343280478,-36.80671940008151],[174.59078840396901,-36.81705808093488],[174.58227968332105,-36.82760933323575],[174.5813104338675,-36.832936616632516],[174.58633939998188,-36.83633878341698]]]},"properties":{"shapeName":"Henderson-Massey Local Board Area","shapeID":"76426892B68430055344516","shapeGroup":"NZL","shapeType":"ADM2"}},
{"type":"Feature","geometry":{"type":"Polygon","coordinates":[[[174.43455505300005,-36.87658648031365],[174.44000244100005,-36.88041686899993],[174.45205688500005,-36.89922332599997],[174.44958496100003,-36.91169357199993],[174.45747375500002,-36.91877746599994],[174.45672607400002,-36.928779600999974],[174.4625244140001,-36.93377685399997],[174.47041320800008,-36.944972991999975],[174.4711914070001,-36.955806731999985],[174.46602205875936,-36.9585732558045],[174.46708679200003,-36.96838760399993],[174.47210693300008,-36.977527616999964],[174.47207641600005,-36.98336029099994],[174.48458862300004,-37.01422119099993],[174.4879455570001,-37.018360137999935],[174.48706054800004,-37.04333495999998],[174.49566152407897,-37.05202733382418],[174.50268348326853,-37.05029579970588],[174.5145342499623,-37.04271404957966],[174.52769326777738,-37.03224838329817],[174.5364065515338,-37.031020800254865],[174.54116998413457,-37.026781948894275],[174.55875373372416,-37.0200816327571],[174.56654776650024,-36.99904441630392],[174.58055184997454,-37.009817382636236],[174.5916834331826,-37.00952208336831],[174.6032066839274,-37.00209211644163],[174.6039013164806,-36.99297645053019],[174.61803413379528,-36.98820326635252],[174.61603945042287,-36.982444683425555],[174.61732998336677,-36.97307726688152],[174.6260804166896,-36.97040998292629],[174.6346041338927,-36.972924199699506],[174.64794921800012,-36.96169280999993],[174.6645348049418,-36.954122682296216],[174.66528266685086,-36.94540201677392],[174.67337556181496,-36.93883450135424],[174.6653257506921,-36.93486813346881],[174.66040528305,-36.928667849924985],[174.6612330189914,-36.92186056743451],[174.6583114668765,-36.913106166677345],[174.66397946554721,-36.90817438289406],[174.6498379659386,-36.89835271632717],[174.64618731660528,-36.897406332961516],[174.6377436532557,-36.90478171020627],[174.63006618410827,-36.897273499464035],[174.62257431656383,-36.90425386617408],[174.60400463325314,-36.89388100017474],[174.6013722674027,-36.88194198292807],[174.5969611171187,-36.87501653272516],[174.590568017479,-36.875954416250515],[174.58930133335903,-36.867705099628715],[174.59533915074002,-36.85742913277438],[174.5936665669321,-36.850526216664775],[174.59714880081359,-36.83849243305924],[174.58633939998188,-36.83633878341698],[174.57742846694174,-36.844562166235306],[174.54671166658352,-36.84140728350824],[174.5330154168697,-36.83762033329154],[174.5233796171575,-36.84235435001218],[174.5193768002473,-36.837790382932695],[174.49535158318463,-36.834627483211925],[174.4872272507089,-36.835866599955],[174.48116300067284,-36.83298861686633],[174.47396494710512,-36.834386400678746],[174.46589324940848,-36.840872566519074],[174.45757503326593,-36.8527668663639],[174.45669750065497,-36.86045521680185],[174.44744500037854,-36.866842800065655],[174.4518400829908,-36.87322999973204],[174.44545521648328,-36.8766175001987],[174.43455505300005,-36.87658648031365]]]},"properties":{"shapeName":"WaitÄkere Ranges Local Board Area","shapeID":"76426892B98769695069148","shapeGroup":"NZL","shapeType":"ADM2"}},
{"type":"Feature","geometry":{"type":"MultiPolygon","coordinates":[[[[175.09089806743773,-36.16561861618531],[175.08607746751488,-36.173272900070465],[175.0767501498347,-36.179330466389786],[175.06684999977088,-36.17890921657614],[175.0558417497821,-36.18472596645959],[175.05098926605862,-36.18497331669586],[175.04865429000006,-36.19668357631754],[175.05156468388034,-36.21879026650867],[175.06013598345038,-36.22139846681672],[175.07848083338286,-36.23036231615308],[175.09901631014986,-36.231613466668286],[175.1058480480001,-36.228026702999955],[175.11101273329842,-36.2071541001142],[175.10852882500012,-36.19188243499997],[175.11409859985451,-36.18222089934925],[175.1068239905149,-36.17191301784537],[175.09743908356336,-36.17204601622688],[175.09089806743773,-36.16561861618531]]],[[[175.50086299400004,-36.11701475759311],[175.4864275024936,-36.12935205776458],[175.49079680900002,-36.13767073599996],[175.4995883800001,-36.13113425299997],[175.50878240927614,-36.127324057822634],[175.51125507854906,-36.12046370442057],[175.50086299400004,-36.11701475759311]]],[[[175.39738133466403,-36.04971329932288],[175.386838551669,-36.054612431451204],[175.37871346731853,-36.052622749942394],[175.36859143317034,-36.058526348232185],[175.36732213349464,-36.066162698593764],[175.35372211847982,-36.06999351636505],[175.34565913505338,-36.06561403298302],[175.34179548326074,-36.06859234939463],[175.34697793412576,-36.08372413324845],[175.3396961080001,-36.09416075099995],[175.3514148580001,-36.103327467999975],[175.3583615487315,-36.11285301569075],[175.37378625091935,-36.11810011637489],[175.354585050962,-36.13083536734466],[175.34427374500012,-36.127020552999966],[175.33636385120715,-36.13313996577583],[175.32698726762032,-36.13437314815447],[175.32317113466792,-36.127283166953106],[175.31590765600004,-36.12624235499993],[175.31221502900007,-36.131689741999935],[175.3185810670586,-36.14126436687806],[175.32619373330806,-36.13827298185104],[175.3342996178086,-36.14157326618677],[175.33567046779845,-36.14613993351419],[175.3476174509866,-36.146750999162215],[175.35471701643985,-36.15097395018349],[175.34261053700004,-36.15621443099997],[175.35161793247715,-36.16875361560092],[175.3588784678294,-36.1631288828465],[175.36674994100008,-36.186243727999965],[175.35094183600006,-36.186186507999935],[175.3496341019186,-36.197860133154364],[175.3517505520001,-36.20457716299995],[175.33926886200004,-36.206244185999935],[175.33498916620186,-36.21233421718666],[175.32513922300006,-36.19040937699998],[175.3192935318857,-36.19685271312177],[175.30719488700004,-36.20165891999994],[175.31296311599044,-36.209370048252204],[175.31266456984807,-36.21763905083162],[175.3168371512933,-36.22705245035503],[175.3229740345318,-36.21953734882182],[175.32832643301387,-36.223057898787964],[175.34665463374898,-36.22889053327811],[175.350243184351,-36.22853644976704],[175.35805509143123,-36.23731966229906],[175.3647510400001,-36.24163313199995],[175.36472225626238,-36.246375187238016],[175.38320279976537,-36.2521892167659],[175.38872721712215,-36.24995143345981],[175.38866123360748,-36.24325253306178],[175.39499350058625,-36.241655233156386],[175.40900436606458,-36.26393029942144],[175.4186024830348,-36.26875308339215],[175.42552986674028,-36.26037516670784],[175.43040936631468,-36.262546899797115],[175.43743739987994,-36.25861498339882],[175.4420086994206,-36.26534750018063],[175.441626449776,-36.271045549836245],[175.43469732900007,-36.27416105599997],[175.4328348492252,-36.28473216663222],[175.43552130400008,-36.28916044599998],[175.4330036030001,-36.294966414999976],[175.43304938000006,-36.30666227699993],[175.44519218286828,-36.308617516382256],[175.4521183496855,-36.3054309330745],[175.4558084334163,-36.31216988302493],[175.4661847499151,-36.309626433239856],[175.46807015053733,-36.30242115011624],[175.47764673280727,-36.30308921727591],[175.48624098321653,-36.30103343325209],[175.49034035076875,-36.3055481000167],[175.48887699550062,-36.310611961310535],[175.4935237164637,-36.323078999635484],[175.48126559633215,-36.319689085360885],[175.47672405337573,-36.3248304706407],[175.47658317690215,-36.33356922347368],[175.48710046957063,-36.338276141608674],[175.49377276713992,-36.33688561609681],[175.50172770049423,-36.34108329993224],[175.52182501400011,-36.34374494899998],[175.52871831648173,-36.34700166728525],[175.5323194328152,-36.34205816652637],[175.53516420072077,-36.32674360012151],[175.53918408317136,-36.318351016303225],[175.5502424337,-36.31524679950317],[175.54321218370023,-36.29520098340018],[175.53643005077896,-36.2930657494827],[175.53059834978018,-36.28714448263324],[175.527073916875,-36.27950859963259],[175.5200611500639,-36.27779264934002],[175.514236900808,-36.26859268260935],[175.50008643316852,-36.268834883115005],[175.49092140129144,-36.263544433245066],[175.49296900078195,-36.25866263292204],[175.48458353306154,-36.25364263302695],[175.4794859006255,-36.24440368337815],[175.47684101742635,-36.23210719952781],[175.47864851688922,-36.22481943306255],[175.48701651681827,-36.21858431650939],[175.48629968265925,-36.214001999375604],[175.47946160024767,-36.20960394945111],[175.4831223663101,-36.204070749598856],[175.48369956672974,-36.192151550004525],[175.48694213500264,-36.1865542335979],[175.49555988405163,-36.18541212399998],[175.49459926760517,-36.18018971510043],[175.5046593832135,-36.17273939925872],[175.49391890031401,-36.16702923301522],[175.48367628331735,-36.16932320027085],[175.47680355139752,-36.16267743282442],[175.4618949661102,-36.1586257486392],[175.45333241766076,-36.15191723295842],[175.4470577337762,-36.15333563174774],[175.43424968382809,-36.14179616721601],[175.42591938368392,-36.146734733407754],[175.42011235599637,-36.142273915438636],[175.41475316656877,-36.14667901599249],[175.4083852341535,-36.14165306483832],[175.41290495134513,-36.133381767005396],[175.42057215108318,-36.13807218223365],[175.42861921550173,-36.13954606974853],[175.42270826654038,-36.129188799005924],[175.42370604997078,-36.11791494952522],[175.4283781330753,-36.11156163335498],[175.42408768312487,-36.105449481957756],[175.42635516719383,-36.091820299129125],[175.41641730000003,-36.08749265999995],[175.41472357400005,-36.091631605999964],[175.40700633346788,-36.09239573381036],[175.4030829829163,-36.08012336623957],[175.41011759981586,-36.071431766172765],[175.40705406609854,-36.06802643305562],[175.41288750173942,-36.061612200795],[175.39738133466403,-36.04971329932288]]]]},"properties":{"shapeName":"Aotea/Great Barrier Local Board Area","shapeID":"76426892B55715625268474","shapeGroup":"NZL","shapeType":"ADM2"}},
{"type":"Feature","geometry":{"type":"MultiPolygon","coordinates":[[[[175.18742605074658,-36.83357684960911],[175.17517576734835,-36.83759354939677],[175.1746996997752,-36.84964268292408],[175.17883103319065,-36.85338538295474],[175.1666900261374,-36.85900492730929],[175.16126500200005,-36.86394022799993],[175.16573096718915,-36.87068243286877],[175.16608049949716,-36.87662131606516],[175.1716562370001,-36.879328716999964],[175.1717677165916,-36.88711658317764],[175.17861198346841,-36.89593843295715],[175.18553464700005,-36.89458135799998],[175.19006788396064,-36.9014042326051],[175.20086824200007,-36.89707698299998],[175.1994134508376,-36.89016073336957],[175.20626635972542,-36.87642943085041],[175.19868893305966,-36.87074706687729],[175.194719532799,-36.86108613317987],[175.20181297300007,-36.839766116999954],[175.20889663367439,-36.84036941607392],[175.21307003825692,-36.834950216292015],[175.2056383659127,-36.83246396660402],[175.2012698998478,-36.83503001641455],[175.18742605074658,-36.83357684960911]]],[[[174.86724662027743,-36.76276528899996],[174.85266067200007,-36.76390686899998],[174.8392575828085,-36.76738181657455],[174.8300517166617,-36.7786152495662],[174.82934052351715,-36.79117194599996],[174.83553095082488,-36.79478691634924],[174.84336863398138,-36.80639911684436],[174.85976562618285,-36.808781678409986],[174.8746887007427,-36.80657296674135],[174.8949394499992,-36.79735954932711],[174.89593121072335,-36.78839622777598],[174.89275421574592,-36.78213798854133],[174.89616012700003,-36.77511823899994],[174.88856594000003,-36.770060892999936],[174.87968430800004,-36.77003673899998],[174.86724662027743,-36.76276528899996]]],[[[175.03962986768425,-36.81221841647288],[175.03442481689063,-36.81882661702688],[175.04900410114203,-36.8201584489992],[175.05312711739487,-36.81788191522674],[175.07182881604834,-36.824744916776915],[175.0664993503817,-36.833736050107646],[175.07724488401504,-36.83654424960373],[175.09457576589722,-36.83741780006333],[175.09524290064263,-36.831902750035454],[175.10453086643463,-36.823792632851664],[175.1123793165292,-36.83008985002219],[175.11392278312283,-36.83997285004682],[175.11239360029666,-36.84704263365714],[175.12407901661803,-36.84561334983841],[175.12225951737187,-36.83986861656202],[175.12972972300008,-36.828642041999956],[175.13960015066442,-36.840028999462895],[175.13813000052372,-36.84647094963509],[175.14511235048013,-36.84741203313544],[175.15476941740678,-36.83201618270359],[175.16252178382427,-36.829031949842516],[175.16715743348743,-36.80589734978492],[175.15903874959938,-36.80081858286029],[175.15368125051083,-36.78485149933536],[175.17141348324782,-36.77815424985347],[175.17940851676795,-36.77343308336924],[175.19530756543466,-36.77779904221265],[175.20227094928146,-36.766848782909726],[175.19681560553656,-36.75400101437097],[175.1793580338735,-36.75333198367926],[175.17025441704035,-36.749515783818985],[175.16987746729026,-36.743355383077784],[175.16439705020684,-36.74149738349542],[175.15356395100002,-36.749918133999984],[175.14892527900008,-36.757902373830795],[175.1497395330949,-36.76299176623574],[175.13766417345457,-36.76408812079151],[175.13188121200005,-36.76822486599997],[175.12293018304013,-36.76754239985961],[175.12117431588675,-36.762993483525925],[175.10397421961278,-36.76957811178803],[175.10755065043645,-36.77537203342572],[175.10676680059188,-36.78178259965958],[175.10017344800008,-36.78655830099996],[175.09511794926135,-36.78469493305659],[175.08584190023277,-36.78781198332742],[175.06670383317694,-36.785460516083155],[175.06323132960503,-36.77793163771534],[175.05658603326998,-36.77130424948058],[175.04556510022152,-36.77959159953368],[175.0374243001171,-36.77473396614056],[175.0272406501431,-36.78169929979484],[175.01729410081444,-36.784534599921024],[175.00903648346954,-36.77791370011477],[175.0140943502895,-36.77204511606826],[175.0020730332926,-36.769799999781355],[174.99540419982404,-36.77519308351643],[174.98881939982394,-36.77110874963023],[174.98230111016454,-36.78777631198908],[174.98847911200005,-36.791612774999976],[174.9881281600001,-36.81117072799998],[174.99501070073467,-36.80957211654146],[174.99771068000007,-36.80350318699993],[175.00375250525514,-36.8031943297887],[175.00935776655865,-36.789585616900375],[175.01616916670324,-36.79021143344343],[175.0275622332728,-36.797701500031984],[175.0270836498182,-36.80546903287615],[175.0393519150001,-36.79489341499993],[175.0472990337547,-36.79945281617911],[175.04785945007913,-36.80589979952092],[175.03962986768425,-36.81221841647288]]],[[[174.91764111666828,-36.7317126667183],[174.91371681647365,-36.748758416345275],[174.89918163299595,-36.75419669958356],[174.89432784144498,-36.75880419589932],[174.89329541900008,-36.769168675999936],[174.89909375900004,-36.77750378999997],[174.90425102825265,-36.78998618594514],[174.90996389068206,-36.79478991017285],[174.91437503330198,-36.78847469966884],[174.92855644284208,-36.783603651490324],[174.9302597337606,-36.77703598279433],[174.9291230560001,-36.76663953199994],[174.9344941500001,-36.76622372999998],[174.9367476335724,-36.75878525001103],[174.9293968168782,-36.747618066701925],[174.93372319507478,-36.74245049925718],[174.92584673393415,-36.74016391676173],[174.91764111666828,-36.7317126667183]]]]},"properties":{"shapeName":"Waiheke Local Board Area","shapeID":"76426892B70848202071782","shapeGroup":"NZL","shapeType":"ADM2"}},
{"type":"Feature","geometry":{"type":"Polygon","coordinates":[[[176.72660759598443,-38.05848025773922],[176.71607098318847,-38.068112416602446],[176.6529766171654,-38.08802641673301],[176.6414454330531,-38.1016129499786],[176.64422176600985,-38.10655263299985],[176.6619304999582,-38.10708353324574],[176.67560091658595,-38.11448913304065],[176.69508124614808,-38.11201259846148],[176.70324720096437,-38.10467040347692],[176.7123142509518,-38.09305188305635],[176.72166723321865,-38.078057382648744],[176.73128625012185,-38.07711691624001],[176.74289148347512,-38.06133413327914],[176.73912105034796,-38.05630574956851],[176.72660759598443,-38.05848025773922]]]},"properties":{"shapeName":"Kawerau District","shapeID":"76426892B43791511168362","shapeGroup":"NZL","shapeType":"ADM2"}},
{"type":"Feature","geometry":{"type":"Polygon","coordinates":[[[177.20305166645437,-38.52421871627721],[177.21268829950256,-38.529482682559625],[177.22582553345828,-38.53410488292264],[177.23789703432044,-38.51953519895803],[177.24065385017227,-38.51038956567903],[177.25451439956868,-38.5131594496086],[177.25739403328316,-38.508277165846124],[177.2369223176835,-38.42634179935829],[177.3464064001829,-38.382154682561655],[177.463687900819,-38.333536266166526],[177.48629865105218,-38.29626761591978],[177.48427993434188,-38.27445231614779],[177.49199751656798,-38.26237923282886],[177.4887089341364,-38.25838309969976],[177.49109565027427,-38.25177684889751],[177.48203445024274,-38.24143328259337],[177.49181248363323,-38.23947603271593],[177.4955966835083,-38.22269371616445],[177.49927086714382,-38.2184667490582],[177.51203473344748,-38.21745534917567],[177.51739571682202,-38.21463334891337],[177.53333061729774,-38.2183601655527],[177.53366231678356,-38.20930233282134],[177.56037391716237,-38.209378882123836],[177.5564637339743,-38.20470273277431],[177.5732349336769,-38.19266416623475],[177.58372548289742,-38.19361341622344],[177.59201145062494,-38.18939151594342],[177.60478856726087,-38.18662076602736],[177.6024035006014,-38.17118781570135],[177.61752704962157,-38.170727682608565],[177.62766415065218,-38.16093504927266],[177.64233268347198,-38.16381099952587],[177.65359065028906,-38.158584715955776],[177.650990053946,-38.14068077509359],[177.6548456438065,-38.13158054110418],[177.66059357042803,-38.13053605262182],[177.66957971001096,-38.11347550139717],[177.67796367793034,-38.11465427748675],[177.68857973029208,-38.109714929840706],[177.69723082144975,-38.10084449053462],[177.69094140195452,-38.09562798129236],[177.68529862649643,-38.08296858557206],[177.69175324612698,-38.06612204513211],[177.69718850880545,-38.06303807358588],[177.68903417670464,-38.04523665420353],[177.68237170176096,-38.0370107635489],[177.68078399336025,-38.03039772091672],[177.67431808381966,-38.02493696827039],[177.67319415763478,-38.01906302445381],[177.67991495825538,-38.015206741321826],[177.6899892169298,-38.013960899865324],[177.6999254845048,-38.02174824944529],[177.72435665038165,-38.022649732046474],[177.7399842335573,-38.04204696624224],[177.77267736640883,-38.05980409904474],[177.84901983420488,-38.11127789855918],[177.85571690114494,-38.107430932698065],[177.86096745014925,-38.11165616577238],[177.86749208394016,-38.09825124855849],[177.8759795174091,-38.076703882607866],[177.91683578461195,-37.98144656523156],[177.97229035066547,-37.845005532386004],[178.07300695040644,-37.76358969853852],[178.03882720045044,-37.733079182284634],[177.9965073730455,-37.76075393429424],[177.99232676710665,-37.7530901324501],[177.97818546756733,-37.74431009905127],[177.97890591777684,-37.73046279911907],[177.99269603377476,-37.71898178261154],[177.98582628447875,-37.707277365488274],[177.98850221806603,-37.69930881521573],[177.99511336781651,-37.69166859925107],[177.9921548179281,-37.685910865653355],[177.99457103458946,-37.674347832764525],[177.99150376737376,-37.66784121520365],[177.9930242498821,-37.65842808242164],[177.98963491775484,-37.64492299933132],[177.98310571751284,-37.6412813990666],[177.98261883455993,-37.63615671564788],[177.97530431684913,-37.63051576564737],[177.98005191712346,-37.61316678252748],[177.98668335102283,-37.60875713253926],[178.0251590670863,-37.60491086550791],[178.03383391787378,-37.602594615374464],[178.0398125511642,-37.59754446607052],[178.10755490071713,-37.59871596602551],[178.09828491740558,-37.58600009873222],[178.08908510083688,-37.55122459864038],[178.08567908749544,-37.543764567214566],[178.0675354010001,-37.54544448699994],[178.06330871600005,-37.54297256499996],[178.052309916526,-37.542581451909186],[178.03581237900005,-37.54544448699994],[178.0199432380001,-37.55211257899998],[178.00403265105533,-37.55032506558864],[177.9873605418021,-37.539611086477436],[177.9820861830001,-37.540859222999984],[177.98124694900002,-37.55419540299994],[177.9880083431165,-37.565932666421766],[177.99871826200012,-37.57086181699998],[177.9833679200001,-37.58794403099995],[177.97332763700012,-37.59208297699996],[177.96641976243814,-37.5985346282936],[177.96786499000007,-37.60255431999997],[177.95791626000005,-37.60669326799996],[177.9595489500001,-37.611721038999974],[177.95161438000002,-37.619556425999974],[177.92083740200007,-37.62130737199993],[177.9100036630001,-37.61794280999993],[177.9049663340141,-37.61020831565495],[177.8966369630001,-37.61375045699998],[177.8928833010001,-37.62997055099993],[177.88704723565186,-37.6300990910213],[177.88621521000005,-37.638332366999975],[177.87411499100006,-37.65044403099995],[177.86627197200005,-37.65588760399993],[177.84750366200012,-37.66374969399993],[177.83663940400004,-37.66541671699997],[177.8296205085816,-37.66126800518779],[177.81750488300008,-37.65880584699994],[177.79618835500003,-37.675025938999966],[177.7949676510001,-37.68127822899993],[177.789169312,-37.682056425999974],[177.7836976836745,-37.67704839547955],[177.7766723630001,-37.67877960199996],[177.75750732400002,-37.67711257999997],[177.740005493,-37.67791748099995],[177.72958374000007,-37.68083190799996],[177.7220611570001,-37.699138639999944],[177.7204437250001,-37.71002960199996],[177.7104187010001,-37.71666717399995],[177.7095489500001,-37.724166869999976],[177.70416259800004,-37.72791671599998],[177.68994140600012,-37.73208236599993],[177.68661499000007,-37.73541641199995],[177.67620879697364,-37.73599226098778],[177.67612503344054,-37.74499561566405],[177.67983701722954,-37.74725596568658],[177.68539428700012,-37.761695860999964],[177.6733398440001,-37.77458190999994],[177.65461730900006,-37.78669357199993],[177.65875244200004,-37.79836273199993],[177.6499786380001,-37.80877685399997],[177.64163208000002,-37.81294632],[177.62910461400008,-37.81624984599995],[177.6196852009088,-37.8108932825619],[177.61375427200005,-37.81416702299998],[177.61791992200006,-37.822498321999944],[177.6157989500001,-37.82794570899995],[177.60868835400004,-37.83163833699996],[177.60874938900008,-37.83835983299997],[177.59831237900005,-37.842109679999965],[177.59164428700012,-37.83877944799997],[177.58705139300002,-37.844970701999955],[177.59030834774825,-37.851776134357166],[177.60580444300012,-37.85880660999993],[177.6066741940001,-37.866279600999974],[177.59661865200007,-37.86622238199993],[177.59002685500002,-37.86294555499995],[177.57994079600007,-37.875415800999974],[177.56330871600005,-37.88127899199998],[177.55455017100007,-37.886695861999954],[177.54791259800004,-37.89752960199996],[177.54957580600012,-37.90835952599997],[177.5441436760001,-37.91374969499998],[177.53663635300006,-37.916248321999944],[177.5274963380001,-37.92372131399998],[177.49833679200003,-37.93461227399996],[177.48750305200008,-37.93627929699994],[177.49374389600007,-37.94419479399994],[177.48910522500012,-37.95124816899994],[177.46502685600012,-37.96038818399995],[177.4508056640001,-37.96377944999995],[177.44472983347254,-37.96041488499998],[177.44125366200012,-37.97005462699997],[177.427505493,-37.969581603999984],[177.4183044440001,-37.98041534499998],[177.394973756,-37.98541641199995],[177.3791351320001,-37.98541641199995],[177.3666687010001,-37.98872375499997],[177.33419799800004,-37.98961257899998],[177.30410766600005,-37.99297332699996],[177.20994567800005,-37.99294280999993],[177.18414306700004,-37.98961257899998],[177.16056546758446,-37.98984546625433],[177.16455078100012,-37.995887755999945],[177.16545105000012,-38.00749969399993],[177.16160583500005,-38.01294326699997],[177.14753406653472,-38.00790440577359],[177.14122009300002,-38.02419280899994],[177.145355224,-38.03169632],[177.15561973505586,-38.03652628347662],[177.16125488300008,-38.041694640999935],[177.15164184600008,-38.045417784999984],[177.12638705105326,-38.03129346609432],[177.12145713413648,-38.02091719920452],[177.1174926760001,-38.02377700799997],[177.10255373368867,-38.024868648197504],[177.11173208387422,-38.038892815722456],[177.12126313376552,-38.05879053286546],[177.12917800106035,-38.05844951641391],[177.12860663392328,-38.0699306327831],[177.13790981688203,-38.074587133346434],[177.15231829974505,-38.07438054963881],[177.1534899006046,-38.08179701618103],[177.16321703309708,-38.08366471580911],[177.16632466713745,-38.09638681640967],[177.16499760099808,-38.10734601655847],[177.17275606694275,-38.11507033268844],[177.17065543431602,-38.119628798985154],[177.15902701681856,-38.11987543294625],[177.16138380088688,-38.12630003305921],[177.15673666695636,-38.142619232821055],[177.16416025027857,-38.15202189948377],[177.16404520107022,-38.160637815953194],[177.15664121695758,-38.16680454918926],[177.15691275012279,-38.17901816601588],[177.15017376771604,-38.18941021588159],[177.15580066666564,-38.19595351645616],[177.15469093369205,-38.204233516540455],[177.15083785033738,-38.20987335028557],[177.15167731685645,-38.22226253248405],[177.14497760063014,-38.22688828305301],[177.15285341655854,-38.23040613275613],[177.16126658347562,-38.23983141613078],[177.16253250023692,-38.25306219936114],[177.1736139502085,-38.265453549479936],[177.1832166009527,-38.262309249770226],[177.20054701743106,-38.265034266249785],[177.2080210004172,-38.26460273306376],[177.21472278270588,-38.27802439905071],[177.2275731002655,-38.28580799975762],[177.230181000987,-38.28944968263461],[177.2308116173276,-38.31174059964966],[177.2238897827561,-38.318008732717566],[177.21583723433287,-38.31932871650783],[177.21545616702358,-38.34294674961532],[177.23801898363075,-38.347457133449105],[177.23913093326723,-38.36549146635596],[177.22697798350973,-38.36810016606259],[177.22472381680822,-38.37901481636326],[177.20928508333793,-38.37975916615479],[177.20385558347968,-38.38754659939611],[177.21224433329775,-38.400710849313434],[177.20987348328444,-38.406322099500706],[177.1979817000388,-38.41407223292082],[177.19452804940218,-38.420180232600345],[177.1942624166543,-38.4307270490928],[177.18820473335512,-38.440607849628655],[177.19108006638982,-38.45058461635188],[177.19028890021386,-38.46993299951744],[177.18724608319351,-38.47492536592379],[177.18630513302213,-38.48477359960801],[177.1829319505784,-38.49268986583836],[177.20606441770784,-38.50318611626384],[177.20686141741407,-38.5132478829436],[177.20305166645437,-38.52421871627721]]]},"properties":{"shapeName":"ÅpÅtiki District","shapeID":"76426892B67902923412925","shapeGroup":"NZL","shapeType":"ADM2"}},
{"type":"Feature","geometry":{"type":"Polygon","coordinates":[[[177.12217079982733,-38.58392093323062],[177.30756065003277,-38.65970419961397],[177.30898906764097,-38.59690058290958],[177.3534251676452,-38.624557866067896],[177.36238488402003,-38.62192733315912],[177.39242865071938,-38.62205894886514],[177.41591663345832,-38.63248936609956],[177.43589978388562,-38.632073416182024],[177.44790675019485,-38.63594388241639],[177.45129885030335,-38.640120949228155],[177.44319933360194,-38.64542381632892],[177.44236603354537,-38.65142893301989],[177.4310304500974,-38.66921140014765],[177.41889011717998,-38.673753933183704],[177.4211936833923,-38.678251833045195],[177.41518936716514,-38.682180665959244],[177.40876425047406,-38.69861704897126],[177.43447840069624,-38.69381034972055],[177.43966605018826,-38.704095582490325],[177.46225235032412,-38.70480628259741],[177.46506294973864,-38.71333116595035],[177.46911123376654,-38.713942566586994],[177.4718079170876,-38.72294348236774],[177.4693704844568,-38.72721188278013],[177.4758805334302,-38.73175699954165],[177.47092403436432,-38.746706049663025],[177.4698917174136,-38.75544106606298],[177.4735434176211,-38.75777963241895],[177.48352656716037,-38.75505636564414],[177.49421208423982,-38.77797428260491],[177.51443418366378,-38.77444841581378],[177.5168264168217,-38.77945126592966],[177.53142606653125,-38.791713149022705],[177.52750631722247,-38.79526198309515],[177.53717601774,-38.80043911595507],[177.53567950041054,-38.81007079911665],[177.53888616676667,-38.818479365518485],[177.54940886784223,-38.80573013228169],[177.56783425057128,-38.80524441550779],[177.57257465087295,-38.802452948993896],[177.5931348172557,-38.80313739950495],[177.597522800508,-38.807041499207315],[177.59045841724944,-38.82844531595255],[177.59453170063836,-38.82702963258937],[177.599781183759,-38.85189816617817],[177.62446088446035,-38.84528069912023],[177.63136128434698,-38.85507949891619],[177.632746917665,-38.86520689924265],[177.6531054504505,-38.854433148891125],[177.6604900673019,-38.848941915755894],[177.66016393368145,-38.9047009160675],[177.67399310030535,-38.89903841555031],[177.68706666786406,-38.90356664883016],[177.69912676736777,-38.90162504946795],[177.71064435083295,-38.906487182171155],[177.71243933397838,-38.89925899934939],[177.72174485033173,-38.89827528252375],[177.72935449961847,-38.90337296537141],[177.72485256795764,-38.91323104885016],[177.72890145012445,-38.9188038321385],[177.73522588383625,-38.91369016633775],[177.73848323441538,-38.90457146561018],[177.74923453328924,-38.89667363258007],[177.7742777505975,-38.912830332],[177.78934780042616,-38.902377032371426],[177.79051365055537,-38.897510532689886],[177.79902500097526,-38.89439029942016],[177.8070895341303,-38.90890026571044],[177.80473878428117,-38.91181778206424],[177.82130815125268,-38.919903616049176],[177.83383438385314,-38.9127838657157],[177.84452763407424,-38.921503432172535],[177.84529351708323,-38.92839874907826],[177.84036416701747,-38.9337199319052],[177.83887175126674,-38.94367579936471],[177.834796917381,-38.952779415432836],[177.8424013172672,-38.95928623259058],[177.8609038998567,-38.96516424889423],[177.89677528309434,-38.97281166590165],[177.89899286732197,-38.97183306594018],[177.89620121702538,-38.9657498988913],[177.90207713366257,-38.95597348245631],[177.90380245056068,-38.94897463211448],[177.90277476729554,-38.932313582610035],[177.90875573461457,-38.924572365582854],[177.90942083385158,-38.90595008228422],[177.9028080845096,-38.89050988197554],[177.90385915105244,-38.8852364151851],[177.91201960125105,-38.87864168219781],[177.92029806691812,-38.86737393179333],[177.91044616700003,-38.850807189999955],[177.91313836662079,-38.83993089935875],[177.91189503331654,-38.8277244992181],[177.91911701715594,-38.8219390995293],[177.91983806769431,-38.80977373194978],[177.92537626756183,-38.79289746567506],[177.92920275046987,-38.78706358246798],[177.93913525124765,-38.78338003227822],[177.9498013337049,-38.76980679889923],[177.95042543413348,-38.76499366576802],[177.9674377440001,-38.75541686899993],[177.9508056640001,-38.75624847299997],[177.93812085119464,-38.75283954921728],[177.9361877440001,-38.74502944999995],[177.93955526712824,-38.73051391573356],[177.9389263176163,-38.71520850411498],[177.95175283394897,-38.69767613202015],[177.96038656708268,-38.68961151571695],[177.97272961719958,-38.68126068234809],[177.9855824843534,-38.67554948167125],[178.0046432001538,-38.67087766510766],[178.0147584000844,-38.670904498677515],[178.02583313000002,-38.67458343499993],[178.0253906250001,-38.67916488499998],[178.03723703342249,-38.68460149895504],[178.05004040250515,-38.70208283174711],[178.0551144339598,-38.69952803226441],[178.0638637510409,-38.70168228207232],[178.06773071712027,-38.706326231757515],[178.07540835047544,-38.68492289875826],[178.09005945096504,-38.67179199906545],[178.10506751680387,-38.66615886561593],[178.1081616339165,-38.65967139932234],[178.1250519004019,-38.65052411516217],[178.1320185005851,-38.65021909895957],[178.14090315045857,-38.653462865667855],[178.147206850831,-38.65196134876919],[178.14580275126707,-38.64535146533591],[178.1552228672021,-38.63787748180386],[178.158826317037,-38.62900034899948],[178.1729988512981,-38.628351165627905],[178.1797827671297,-38.61294638162802],[178.18538436796484,-38.60829169879609],[178.1952091181489,-38.607000415099854],[178.20039990788857,-38.602355769264015],[178.19984335086616,-38.59214813220477],[178.2134170508573,-38.57921386561029],[178.23120117200006,-38.57239932401125],[178.2307100678159,-38.56546913164008],[178.24533081100003,-38.55330657999997],[178.2620315841222,-38.54910793181087],[178.2678891172106,-38.540181548790805],[178.2811912670518,-38.53997576488538],[178.28411761819822,-38.53045406527848],[178.2931941842418,-38.52432236466585],[178.28369140600012,-38.513362883999946],[178.2830581845633,-38.50283174866275],[178.28590761762322,-38.49927628136061],[178.28535461400008,-38.48833465599995],[178.2795257570001,-38.47999954199997],[178.28177231711408,-38.47217551498368],[178.28838090050291,-38.469239764719156],[178.28971593395678,-38.46268913153639],[178.30064728466718,-38.44462418200483],[178.3195425338212,-38.428385348484],[178.3388495511308,-38.42344304868811],[178.34451915129375,-38.41846463192014],[178.33654465261546,-38.40470813201803],[178.3367206833185,-38.3933535806616],[178.34021403347336,-38.38925571494423],[178.34035511908155,-38.37925177239127],[178.31868540140505,-38.382979580524065],[178.30669204920457,-38.37383504215041],[178.30595513358162,-38.36233453192571],[178.32977450081725,-38.35224043155124],[178.32474293444363,-38.3407382812549],[178.32415165108642,-38.33453474839785],[178.3317776845244,-38.331388131311066],[178.33299551713938,-38.32665696507758],[178.32299521677007,-38.31584504846414],[178.3257825178362,-38.305960914843304],[178.33331681733853,-38.29845668178514],[178.34793993371343,-38.295433564878344],[178.3519257509043,-38.296873565070705],[178.35883631799436,-38.29010419826697],[178.35327225087056,-38.28550423235572],[178.34164428700012,-38.28713989099998],[178.33291803336968,-38.28113746597651],[178.33014618448343,-38.273119948539026],[178.33283075114323,-38.25955053211238],[178.3250047179829,-38.25430654857211],[178.3128814700001,-38.24252700799997],[178.3095395336732,-38.23306261549162],[178.3189556172117,-38.22220889856145],[178.33328030082285,-38.21700868239166],[178.33374150115702,-38.202944548714434],[178.3383701175115,-38.191707081672405],[178.3533289504554,-38.1854182648771],[178.3588707679427,-38.1787242820143],[178.33578491200012,-38.16210937499994],[178.32170023411726,-38.148804648342],[178.31776123436117,-38.139328048358934],[178.3183751015439,-38.128682365051105],[178.3219551682183,-38.1221914152638],[178.34113221810858,-38.109709564619735],[178.35365968461676,-38.10688099838793],[178.35926068472054,-38.10989943137671],[178.36555501791213,-38.100229514795295],[178.37359388337578,-38.09448823176157],[178.37117161717464,-38.08656709837903],[178.3724517820001,-38.07205581699998],[178.36163306738732,-38.068878048356694],[178.36798043411383,-38.05535396464109],[178.36660766600005,-38.05044555699993],[178.3552311672317,-38.04906044806341],[178.34628295900006,-38.041694640999935],[178.33667965067556,-38.036915231646645],[178.3343627673078,-38.02076571545405],[178.33726290115976,-38.00954751536334],[178.3522372176885,-37.98967489801318],[178.37182798433588,-37.98096298136024],[178.3752598339241,-37.96901679824695],[178.39129936803062,-37.96139966523508],[178.39230923473966,-37.955228681287345],[178.39932060096191,-37.94107094876728],[178.39118246773347,-37.93450301522089],[178.3887733340936,-37.92737611526365],[178.38874571771828,-37.91729794801837],[178.39841885008843,-37.90762851528513],[178.40503320043834,-37.89213968119578],[178.405556217923,-37.874336248068644],[178.40853858406172,-37.866342998062365],[178.41585801763097,-37.858043915517186],[178.43345843468882,-37.84353506498714],[178.43831583399785,-37.84345483118659],[178.4517774673096,-37.832814548058785],[178.44660600115768,-37.82637598173476],[178.45004848410935,-37.81339709789541],[178.46126146798173,-37.797853181763976],[178.47334996820547,-37.786125431133556],[178.46414184600008,-37.78710937499994],[178.45832824700005,-37.792110442999956],[178.44329834000007,-37.794582366999975],[178.42922973600002,-37.80797195499997],[178.39163208000002,-37.80877685399997],[178.4007720950001,-37.80372238199993],[178.41328430200008,-37.80130386199994],[178.4224090570001,-37.792945861999954],[178.42828369200004,-37.792945861999954],[178.4458007820001,-37.78208160299994],[178.46330261200012,-37.781276702999946],[178.4683074950001,-37.77797317499994],[178.47836303700012,-37.77627944799997],[178.4990680340614,-37.75420974802765],[178.50936813446356,-37.74641498129969],[178.52540013490767,-37.730133098853806],[178.52366661744935,-37.72122639780962],[178.53191163356732,-37.71017881463638],[178.54402156813546,-37.702372997688684],[178.55037360041297,-37.69208424843055],[178.54974265152563,-37.68736129691108],[178.5393984247315,-37.674605463591874],[178.53166198700012,-37.67625045799997],[178.5249786380001,-37.67377853399995],[178.50389370011544,-37.66075114763552],[178.4974517820001,-37.65791702299998],[178.48589968425867,-37.64736613056158],[178.48272567736117,-37.64127731299993],[178.47408810705798,-37.63880243589283],[178.4632720950001,-37.64374923599996],[178.44586181600005,-37.64041518999994],[178.44112957908445,-37.63675950987639],[178.4233398440001,-37.63291549699994],[178.4190960643263,-37.63043651102432],[178.4058380140001,-37.63294601299998],[178.39916992200006,-37.63047409099994],[178.3824768070001,-37.630416870999966],[178.37869262700008,-37.635860443999945],[178.35496521000005,-37.628749847999984],[178.33869934100005,-37.61999893199993],[178.32577514600007,-37.61041641099996],[178.31712461706238,-37.600692882388934],[178.31916809200004,-37.593776702999946],[178.30827331600005,-37.593776702999946],[178.301422867154,-37.59623461495361],[178.2945861820001,-37.58586120499996],[178.29245480088198,-37.57717171542162],[178.29382870088037,-37.57007268184937],[178.31039583390628,-37.568350848423016],[178.3215073332316,-37.561079714889736],[178.2979394604656,-37.55485883850194],[178.26583862300004,-37.55372238199993],[178.26083374100006,-37.55127716099997],[178.24417114200003,-37.55127716099997],[178.21589981760332,-37.54638259822588],[178.21336364800004,-37.536251067999956],[178.20243835400004,-37.53791809099994],[178.18994140600012,-37.537109373999954],[178.18327331500006,-37.539585113999976],[178.17618339657744,-37.53541564999995],[178.16789245600012,-37.54752731399998],[178.16914367700008,-37.552944182999966],[178.14497375500002,-37.55291747899997],[178.1422089719635,-37.54793605285545],[178.13494873100012,-37.55127716099997],[178.10827636800002,-37.54627609099998],[178.08567908749544,-37.543764567214566],[178.08908510083688,-37.55122459864038],[178.09828491740558,-37.58600009873222],[178.10755490071713,-37.59871596602551],[178.0398125511642,-37.59754446607052],[178.03383391787378,-37.602594615374464],[178.0251590670863,-37.60491086550791],[177.98668335102283,-37.60875713253926],[177.98005191712346,-37.61316678252748],[177.97530431684913,-37.63051576564737],[177.98261883455993,-37.63615671564788],[177.98310571751284,-37.6412813990666],[177.98963491775484,-37.64492299933132],[177.9930242498821,-37.65842808242164],[177.99150376737376,-37.66784121520365],[177.99457103458946,-37.674347832764525],[177.9921548179281,-37.685910865653355],[177.99511336781651,-37.69166859925107],[177.98850221806603,-37.69930881521573],[177.98582628447875,-37.707277365488274],[177.99269603377476,-37.71898178261154],[177.97890591777684,-37.73046279911907],[177.97818546756733,-37.74431009905127],[177.99232676710665,-37.7530901324501],[177.9965073730455,-37.76075393429424],[178.03882720045044,-37.733079182284634],[178.07300695040644,-37.76358969853852],[177.97229035066547,-37.845005532386004],[177.91683578461195,-37.98144656523156],[177.8759795174091,-38.076703882607866],[177.86749208394016,-38.09825124855849],[177.86096745014925,-38.11165616577238],[177.85571690114494,-38.107430932698065],[177.84901983420488,-38.11127789855918],[177.77267736640883,-38.05980409904474],[177.7399842335573,-38.04204696624224],[177.72435665038165,-38.022649732046474],[177.6999254845048,-38.02174824944529],[177.6899892169298,-38.013960899865324],[177.67991495825538,-38.015206741321826],[177.67319415763478,-38.01906302445381],[177.67431808381966,-38.02493696827039],[177.68078399336025,-38.03039772091672],[177.68237170176096,-38.0370107635489],[177.68903417670464,-38.04523665420353],[177.69718850880545,-38.06303807358588],[177.69175324612698,-38.06612204513211],[177.68529862649643,-38.08296858557206],[177.69094140195452,-38.09562798129236],[177.69723082144975,-38.10084449053462],[177.68857973029208,-38.109714929840706],[177.67796367793034,-38.11465427748675],[177.66957971001096,-38.11347550139717],[177.66059357042803,-38.13053605262182],[177.6548456438065,-38.13158054110418],[177.650990053946,-38.14068077509359],[177.65359065028906,-38.158584715955776],[177.64233268347198,-38.16381099952587],[177.62766415065218,-38.16093504927266],[177.61752704962157,-38.170727682608565],[177.6024035006014,-38.17118781570135],[177.60478856726087,-38.18662076602736],[177.59201145062494,-38.18939151594342],[177.58372548289742,-38.19361341622344],[177.5732349336769,-38.19266416623475],[177.5564637339743,-38.20470273277431],[177.56037391716237,-38.209378882123836],[177.53366231678356,-38.20930233282134],[177.53333061729774,-38.2183601655527],[177.51739571682202,-38.21463334891337],[177.51203473344748,-38.21745534917567],[177.49927086714382,-38.2184667490582],[177.4955966835083,-38.22269371616445],[177.49181248363323,-38.23947603271593],[177.48203445024274,-38.24143328259337],[177.49109565027427,-38.25177684889751],[177.4887089341364,-38.25838309969976],[177.49199751656798,-38.26237923282886],[177.48427993434188,-38.27445231614779],[177.48629865105218,-38.29626761591978],[177.463687900819,-38.333536266166526],[177.3464064001829,-38.382154682561655],[177.2369223176835,-38.42634179935829],[177.25739403328316,-38.508277165846124],[177.25451439956868,-38.5131594496086],[177.24065385017227,-38.51038956567903],[177.23789703432044,-38.51953519895803],[177.22582553345828,-38.53410488292264],[177.21268829950256,-38.529482682559625],[177.20305166645437,-38.52421871627721],[177.19606718390682,-38.53285981612927],[177.1892451671508,-38.5369542163073],[177.17804591696495,-38.55934181643844],[177.16653770063056,-38.56744119958637],[177.1640317502636,-38.57297564985974],[177.1524688331079,-38.583781366207816],[177.146791200026,-38.583946049907794],[177.14054983291078,-38.57756926608271],[177.13399730042306,-38.57798694947733],[177.12217079982733,-38.58392093323062]]]},"properties":{"shapeName":"Gisborne District","shapeID":"76426892B94592608071475","shapeGroup":"NZL","shapeType":"ADM2"}},
{"type":"Feature","geometry":{"type":"Polygon","coordinates":[[[176.69771335049404,-38.855955599434076],[176.71359371639605,-38.94274656685731],[176.71650010008887,-38.999538416122206],[176.73115895067124,-38.99900091659983],[176.77720580027696,-38.99992898271547],[176.77793525006072,-39.01097273309126],[176.79809796707903,-39.02338121656906],[176.80516383329157,-39.0209528826564],[176.8185856833707,-39.02245094957272],[176.82422588349996,-39.029667949462464],[176.8202592841067,-39.039300032526356],[176.8261569838963,-39.04607881684393],[176.8363061341055,-39.04124053261025],[176.8409145666749,-39.04883921647162],[176.8364680831869,-39.054698733063496],[176.83950056763982,-39.0624257830316],[176.84964315043598,-39.07247824956703],[176.86946006619905,-39.0791350996498],[176.87229284952528,-39.092440099177104],[176.8863335994041,-39.101455166377065],[176.8930564169728,-39.10277646584255],[176.90566180083331,-39.10896063305848],[176.9304469829088,-39.10484213310517],[176.94446176739783,-39.0906317328704],[176.9543878668239,-39.09029661643161],[176.96924436625554,-39.09900566662446],[176.97529386664294,-39.106024249841234],[176.9843014675419,-39.1104382830633],[176.99590715033372,-39.12528976595395],[176.99510573354425,-39.12899034954151],[177.0057842331377,-39.13067021590359],[177.0199086509885,-39.14123846577704],[177.02265061712993,-39.14690743271162],[177.03199593304,-39.14847046674055],[177.0305800001499,-39.15896203284965],[177.0394271495462,-39.15919691666104],[177.03876584960184,-39.15260921658686],[177.04491705073121,-39.15079003319276],[177.05290316716642,-39.156741033210984],[177.0697615834578,-39.15026356661914],[177.07047290022928,-39.15480899966853],[177.0853287669005,-39.15725806619105],[177.08594981691326,-39.1699715157756],[177.11336885067516,-39.156063617001614],[177.13445723412758,-39.14647931587767],[177.15904103309262,-39.13659158276342],[177.20538206628578,-39.12002548258008],[177.24324876777155,-39.10763698265338],[177.25916170112947,-39.10066318279843],[177.3317960342753,-39.081354682996924],[177.36675353338174,-39.073951616200524],[177.3871712509493,-39.0687494329701],[177.42013373606534,-39.06280999611628],[177.43124389700006,-39.05752944999995],[177.44419860800008,-39.05958175699993],[177.47339898404377,-39.05642444934663],[177.51440173362934,-39.05483568296907],[177.54862375007264,-39.05484149939297],[177.60490572148888,-39.05272950549202],[177.6446294676773,-39.050629649779026],[177.6940714340068,-39.05225811623666],[177.7311307837043,-39.05559924930153],[177.75596521656513,-39.058675915753476],[177.78814163398573,-39.0647796153323],[177.8058158175341,-39.0690835491399],[177.8129371334173,-39.073633065566156],[177.82810655059225,-39.07454379931782],[177.82754629997504,-39.07092859897267],[177.8339423664653,-39.05965681548114],[177.84748636704308,-39.06021056601741],[177.865005493,-39.06877899199998],[177.87377929700006,-39.078334808999955],[177.8745574950001,-39.08755493199993],[177.86830139100005,-39.08880615199996],[177.86833190900006,-39.10127639799998],[177.86125183100012,-39.11002731199994],[177.86203002900004,-39.11500167699995],[177.85542297400002,-39.11916732699996],[177.85542297400002,-39.12666702299998],[177.8520507820001,-39.133361814999944],[177.83971954744112,-39.149088010535536],[177.839614868,-39.15497207499993],[177.83288574200003,-39.15913772499994],[177.82867038450382,-39.166021498543806],[177.83669256757963,-39.173965531118206],[177.84628295900006,-39.19086074699993],[177.84620088962245,-39.197583577505036],[177.8529205320001,-39.21666717499994],[177.85133443646362,-39.2232678479418],[177.85289324794286,-39.23357722586816],[177.86119079700006,-39.240028381999934],[177.86453247000009,-39.25252914299995],[177.8629150390001,-39.26083373899996],[177.8715992181442,-39.2597146817481],[177.87693161636534,-39.25102248127578],[177.88386048483324,-39.24913126455311],[177.8847162835784,-39.24427214814685],[177.8919427682345,-39.23671379940059],[177.90617435027536,-39.22627646473895],[177.92511333453768,-39.18592423223577],[177.92431856666155,-39.170128765602904],[177.93699801840157,-39.158029348486494],[177.94439661751602,-39.15532139961355],[177.9544197845661,-39.13811036584074],[177.97211895129212,-39.13147656550746],[177.97834490047904,-39.12657501542235],[177.99527900087355,-39.117698965223106],[178.00072568359326,-39.11206138166696],[178.00163269000006,-39.10458373899996],[177.9875335700001,-39.10208511199994],[177.9813340068741,-39.09882501879821],[177.9691314700001,-39.10041808999995],[177.95919799800004,-39.09122085599995],[177.94999694800003,-39.097084043999985],[177.94000244200004,-39.09544372399995],[177.9214949254985,-39.08706561119505],[177.91833496100003,-39.08794402899997],[177.90811423368297,-39.075752415404224],[177.90179965021863,-39.072958915502326],[177.89166883424036,-39.04901456566271],[177.88712718436398,-39.03195693183073],[177.88663775092016,-39.01574378250782],[177.89442640130022,-39.00424338245897],[177.89388945021378,-38.99555631555764],[177.89899286732197,-38.97183306594018],[177.89677528309434,-38.97281166590165],[177.8609038998567,-38.96516424889423],[177.8424013172672,-38.95928623259058],[177.834796917381,-38.952779415432836],[177.83887175126674,-38.94367579936471],[177.84036416701747,-38.9337199319052],[177.84529351708323,-38.92839874907826],[177.84452763407424,-38.921503432172535],[177.83383438385314,-38.9127838657157],[177.82130815125268,-38.919903616049176],[177.80473878428117,-38.91181778206424],[177.8070895341303,-38.90890026571044],[177.79902500097526,-38.89439029942016],[177.79051365055537,-38.897510532689886],[177.78934780042616,-38.902377032371426],[177.7742777505975,-38.912830332],[177.74923453328924,-38.89667363258007],[177.73848323441538,-38.90457146561018],[177.73522588383625,-38.91369016633775],[177.72890145012445,-38.9188038321385],[177.72485256795764,-38.91323104885016],[177.72935449961847,-38.90337296537141],[177.72174485033173,-38.89827528252375],[177.71243933397838,-38.89925899934939],[177.71064435083295,-38.906487182171155],[177.69912676736777,-38.90162504946795],[177.68706666786406,-38.90356664883016],[177.67399310030535,-38.89903841555031],[177.66016393368145,-38.9047009160675],[177.6604900673019,-38.848941915755894],[177.6531054504505,-38.854433148891125],[177.632746917665,-38.86520689924265],[177.63136128434698,-38.85507949891619],[177.62446088446035,-38.84528069912023],[177.599781183759,-38.85189816617817],[177.59453170063836,-38.82702963258937],[177.59045841724944,-38.82844531595255],[177.597522800508,-38.807041499207315],[177.5931348172557,-38.80313739950495],[177.57257465087295,-38.802452948993896],[177.56783425057128,-38.80524441550779],[177.54940886784223,-38.80573013228169],[177.53888616676667,-38.818479365518485],[177.53567950041054,-38.81007079911665],[177.53717601774,-38.80043911595507],[177.52750631722247,-38.79526198309515],[177.53142606653125,-38.791713149022705],[177.5168264168217,-38.77945126592966],[177.51443418366378,-38.77444841581378],[177.49421208423982,-38.77797428260491],[177.48352656716037,-38.75505636564414],[177.4735434176211,-38.75777963241895],[177.4698917174136,-38.75544106606298],[177.47092403436432,-38.746706049663025],[177.4758805334302,-38.73175699954165],[177.4693704844568,-38.72721188278013],[177.4718079170876,-38.72294348236774],[177.46911123376654,-38.713942566586994],[177.46506294973864,-38.71333116595035],[177.46225235032412,-38.70480628259741],[177.43966605018826,-38.704095582490325],[177.43447840069624,-38.69381034972055],[177.40876425047406,-38.69861704897126],[177.41518936716514,-38.682180665959244],[177.4211936833923,-38.678251833045195],[177.41889011717998,-38.673753933183704],[177.4310304500974,-38.66921140014765],[177.44236603354537,-38.65142893301989],[177.44319933360194,-38.64542381632892],[177.45129885030335,-38.640120949228155],[177.44790675019485,-38.63594388241639],[177.43589978388562,-38.632073416182024],[177.41591663345832,-38.63248936609956],[177.39242865071938,-38.62205894886514],[177.36238488402003,-38.62192733315912],[177.3534251676452,-38.624557866067896],[177.30898906764097,-38.59690058290958],[177.30756065003277,-38.65970419961397],[177.12217079982733,-38.58392093323062],[177.11650226689892,-38.592899766345695],[177.10717986665384,-38.602429133129355],[177.10345618329728,-38.60952816692502],[177.10158265025353,-38.624742049371335],[177.09473471684572,-38.618335665816026],[177.0864079836769,-38.62062273316331],[177.0784207335781,-38.61074861646473],[177.070477400644,-38.613290533215235],[177.0598436676066,-38.62226604907402],[177.04597950037694,-38.62080223279554],[177.04149595031916,-38.62679603266018],[177.03439941731926,-38.62971968259654],[177.02647760094584,-38.6403221163025],[177.02154856678644,-38.651313133176856],[177.0212299840075,-38.659653599430534],[177.0170015671214,-38.66717086636719],[177.0064011507244,-38.67592253297205],[176.99144806666223,-38.69369458304304],[176.9852086333231,-38.69446498264323],[176.9733861834904,-38.70390956595248],[176.96515433343734,-38.70325965026586],[176.96185651715638,-38.69683383349489],[176.95307439985066,-38.69725639915717],[176.943419266821,-38.69489053242044],[176.928204749377,-38.69757513298269],[176.9219074000447,-38.69011849969772],[176.91643363351884,-38.68998999970568],[176.89861266655262,-38.68161119947283],[176.89343965057344,-38.67014974947126],[176.88683716710867,-38.66650271643567],[176.87866763316038,-38.667134649199106],[176.86232348408424,-38.67971079991355],[176.85626629993124,-38.6723826498722],[176.84444963417243,-38.67312799937201],[176.83998581664375,-38.678247265965965],[176.83260450007515,-38.68009804935111],[176.8205778663592,-38.6912271999995],[176.79939056702375,-38.68052524987425],[176.787352366681,-38.68074651671499],[176.7746252663259,-38.684172532922695],[176.76674673365105,-38.68930968306701],[176.7671789999619,-38.7003245493817],[176.75871474989987,-38.709246815975284],[176.7442186004145,-38.7119322996514],[176.74230401668464,-38.72808904976279],[176.73346575065898,-38.7278003161604],[176.72875538362698,-38.722442782663514],[176.71728306646762,-38.724524299419514],[176.713910133868,-38.72827208310816],[176.7139025833362,-38.736316149926154],[176.70752561663016,-38.7562013500501],[176.7105451337726,-38.759526199506226],[176.70969338346123,-38.76914503275489],[176.7035844161556,-38.783814116002965],[176.7078862008853,-38.78887828291011],[176.70001188369625,-38.79411324973911],[176.70166551763873,-38.800084266593736],[176.69633303366194,-38.81051456670453],[176.69597065002088,-38.82159176614769],[176.70404830056208,-38.82780329984767],[176.7002113829001,-38.8381117492802],[176.70418540002743,-38.84480106649251],[176.69771335049404,-38.855955599434076]]]},"properties":{"shapeName":"Wairoa District","shapeID":"76426892B8336521277252","shapeGroup":"NZL","shapeType":"ADM2"}},
{"type":"Feature","geometry":{"type":"Polygon","coordinates":[[[176.1761238668226,-39.14390086654113],[176.17676450041745,-39.157178432669106],[176.1789466330871,-39.15994406646009],[176.1823134165976,-39.178650716529525],[176.17979501721913,-39.1850591495821],[176.19550885051075,-39.19837288331238],[176.19338306724023,-39.21003683338037],[176.19595806723305,-39.22032678316412],[176.20081026658278,-39.226045216495756],[176.21954238337682,-39.23129498317085],[176.22298736694609,-39.23563900002593],[176.23081651617042,-39.23215093293542],[176.24941185006983,-39.23491631668139],[176.25070084992257,-39.23852953324292],[176.26530288418934,-39.24179203321595],[176.27655083342927,-39.23997724997597],[176.28973563328196,-39.246370216261255],[176.28836306602452,-39.25788054933333],[176.2931547004468,-39.25909918336864],[176.2953320841415,-39.26677534971275],[176.29427428355774,-39.277390416583074],[176.30363356701557,-39.28533454946351],[176.30505535031958,-39.29192043252959],[176.2988606165035,-39.30527069935729],[176.27993310045855,-39.31235888299874],[176.27590164956925,-39.33052128319633],[176.26642065033866,-39.341846166791534],[176.26557276608332,-39.348791266210355],[176.2716008339166,-39.35288831659462],[176.27076653409222,-39.358427332833394],[176.2810218002432,-39.358686016674504],[176.2916249503947,-39.36296744979693],[176.293083366145,-39.35822681625947],[176.30622931699264,-39.360716400464284],[176.31222710038998,-39.370602549706135],[176.32903916634004,-39.36901514985318],[176.33314295506824,-39.38410788558045],[176.3204823470241,-39.38893898476972],[176.3241988263722,-39.397927464825045],[176.3199529369511,-39.406368375052075],[176.31021046325623,-39.41862243588425],[176.30901777009876,-39.431204531198055],[176.30270492147054,-39.437504481253264],[176.30867995741562,-39.44100954274982],[176.31327923529628,-39.45909404499931],[176.30759888023377,-39.46476729483887],[176.31704529322062,-39.479143282018995],[176.31867941682452,-39.4865026763569],[176.31594456297913,-39.497228126049194],[176.32503896658508,-39.4937694497142],[176.32505714978896,-39.48850308282843],[176.3375585551962,-39.49034595566608],[176.33310211357949,-39.49701603421538],[176.33283508314918,-39.50437221599034],[176.32391493415625,-39.50149038280059],[176.31846364978338,-39.50807983279181],[176.30745951058978,-39.50394342435525],[176.28988222473677,-39.50306989729112],[176.2795475698372,-39.5072374358166],[176.27120917050783,-39.50676476093278],[176.27003038308413,-39.51173854829096],[176.25694380946044,-39.511856047629614],[176.2461195923537,-39.52353024686627],[176.23826047179824,-39.52499852584123],[176.23531603316619,-39.5304385992691],[176.2203639309011,-39.53356136333035],[176.21085645087413,-39.53320999970519],[176.19985121705767,-39.54667545003249],[176.1999414170411,-39.55148943311933],[176.19062213324352,-39.55914973328754],[176.17422375069202,-39.578815000093336],[176.16654601692292,-39.582742082708],[176.16028715011223,-39.58073345008764],[176.15468916723145,-39.58364154988823],[176.14272641760346,-39.58468278309301],[176.15274323414874,-39.59827978259461],[176.16139796687824,-39.60285761620248],[176.17348711603734,-39.60205041623163],[176.17899221611222,-39.6052516166174],[176.18125181694688,-39.616932850129395],[176.16509286647567,-39.64865411615682],[176.19593793382734,-39.66357096657035],[176.20087095062138,-39.6729901329928],[176.18391043364045,-39.68616421658955],[176.26889795044852,-39.74847039976483],[176.3152024333989,-39.751989649372305],[176.3271843165335,-39.7645842333572],[176.3474546501472,-39.77655069959956],[176.35792808327452,-39.74653211614997],[176.36388160075407,-39.72655296623446],[176.35925590054865,-39.71762596679177],[176.37473020013232,-39.70848266697552],[176.38489230010208,-39.695811799775115],[176.38891658346645,-39.688163566109594],[176.4089681160077,-39.681308616332096],[176.41999871754706,-39.68291626593118],[176.43259041695956,-39.68770971613929],[176.4453842498538,-39.688573632812876],[176.45045741712394,-39.69681398324982],[176.46601170004317,-39.69760844995112],[176.46878466761024,-39.701563349763404],[176.47722081708162,-39.70257061677122],[176.4904428501673,-39.718597049878845],[176.49428599999177,-39.72621086623886],[176.49068666624373,-39.73190896615628],[176.47977011691188,-39.73827683293605],[176.48130959972275,-39.754373216292464],[176.49435168373859,-39.76147419975185],[176.49410381687926,-39.766924300066364],[176.5013560004981,-39.77008126623474],[176.54759215087256,-39.78553263247497],[176.57153586704902,-39.79120909938756],[176.58423970011842,-39.80136473316437],[176.60235761705883,-39.811340632800395],[176.62075376668932,-39.81599426609843],[176.63448155054334,-39.82095541610085],[176.6423487998175,-39.820597249432076],[176.65236558320527,-39.825865149669795],[176.65872511687343,-39.82619583318621],[176.6699962664517,-39.834508916924285],[176.66757391665038,-39.84013665001998],[176.6709914836641,-39.85378523322213],[176.67872271713577,-39.86032429956493],[176.69294571657156,-39.863159299831395],[176.704990417229,-39.85786823255077],[176.71939191716694,-39.854493782773055],[176.7297493331755,-39.85764991698622],[176.7342931831965,-39.847298532734364],[176.73397633378548,-39.84052313277368],[176.74479805015284,-39.827045232680966],[176.76014523379624,-39.817093982777585],[176.7683411508597,-39.808038082702424],[176.77515968387206,-39.80767168307926],[176.78257744999763,-39.81857326597956],[176.7949087671799,-39.81605281643011],[176.8027722671756,-39.8062574666991],[176.80912199503945,-39.8058919412775],[176.81409721633625,-39.81363183324975],[176.82117473302807,-39.83312914970179],[176.81346360041806,-39.842683899254716],[176.8208228340124,-39.84822566636193],[176.83370005010275,-39.85207436667245],[176.8397709336326,-39.843747866447295],[176.8593746001648,-39.84416895000755],[176.8550976493127,-39.870845132642074],[176.85340895026275,-39.88892956615967],[176.9062613996366,-39.892627349289256],[176.91726311652863,-39.8762535500648],[176.96647369985638,-39.88296704915008],[176.9749115332006,-39.872225432971845],[176.981638433419,-39.86657344914896],[176.98077236677193,-39.862333399098624],[176.99859771739162,-39.84133961672487],[177.00485824604857,-39.8369809207662],[176.99455261200012,-39.81835937499994],[176.9946604996539,-39.79437196580823],[176.9989755501834,-39.78425333272595],[177.00507083345224,-39.77743101635947],[177.00771854960183,-39.77027011624329],[177.00639763397533,-39.76422259916614],[177.01088300068858,-39.743169833345895],[177.0148632840225,-39.73169214931206],[177.0398512165139,-39.70064246614995],[177.04903601652748,-39.69281751632586],[177.06488398555902,-39.68290901636111],[177.07549903487393,-39.67325941527576],[177.0791348672586,-39.66361539910206],[177.0854269177561,-39.65822633154546],[177.0925942334269,-39.64734085031249],[177.08332824700005,-39.64288711399996],[177.07646347594013,-39.63573287921164],[177.06166076700003,-39.646278379999956],[177.0532989500001,-39.64458465599995],[177.03503418000003,-39.65041732699996],[177.0266723630001,-39.649612425999976],[177.0116882320001,-39.64127731199994],[177.00497436500007,-39.64127731199994],[176.9907989510001,-39.63380431999997],[176.9824981690001,-39.63380431999997],[176.96911621100003,-39.62710952799995],[176.95344361736701,-39.60947939993156],[176.92877197200005,-39.569972991999975],[176.92646168263926,-39.5616674666423],[176.91819035009803,-39.561145683141824],[176.89513294148898,-39.569568345166296],[176.88473845050657,-39.570454732991315],[176.87511517775405,-39.56684519899208],[176.86694270106514,-39.553763510633964],[176.85905276077057,-39.55004414571163],[176.84253954531962,-39.54834012232247],[176.83026664587538,-39.554872557654996],[176.82102528614402,-39.55644257971689],[176.812862959918,-39.55192830040524],[176.8308536890673,-39.526662536244764],[176.83069065023938,-39.51759136677368],[176.82579890033597,-39.51221493316701],[176.81629795043563,-39.50797519991856],[176.81249050035018,-39.50353439943884],[176.81350163345252,-39.49486048351285],[176.821474000542,-39.4905315832609],[176.82360571647453,-39.482665116189715],[176.83623760074403,-39.47602503302599],[176.8254855001257,-39.4638708999778],[176.83064336749254,-39.45465414910476],[176.84089446709015,-39.45181968318363],[176.83182945039354,-39.446724983138616],[176.83141156752185,-39.438489116974225],[176.84811056691123,-39.432719232622595],[176.84974321682296,-39.42494954967757],[176.84529176692766,-39.419893233114706],[176.85296526664388,-39.41698916624662],[176.8522817708893,-39.403478217328015],[176.85390747701865,-39.3926091597626],[176.86435549708617,-39.39386618126696],[176.86974409010642,-39.388010427364996],[176.87953833396563,-39.39558696529731],[176.88602096633215,-39.39728429960927],[176.89530001758496,-39.37511353275683],[176.89997018381837,-39.36672093309752],[176.9142457840865,-39.34837523262403],[176.9193940504267,-39.340023082864214],[176.92863985008253,-39.33544316648354],[176.94076195002174,-39.33591121643468],[176.94559615026998,-39.327383465893604],[176.95387621667317,-39.31838203262419],[176.96575243274074,-39.31383213326425],[176.97768811739803,-39.300218533047236],[176.98952748347105,-39.294002783693045],[176.99739721731655,-39.27843703319353],[177.00620396674006,-39.274142983246236],[177.01876668295782,-39.26070259916506],[177.0220078838739,-39.248814916453625],[177.03083480017236,-39.24083089980518],[177.03600868390507,-39.2322102493002],[177.03470485051957,-39.22143113346493],[177.0390423663791,-39.209296416424316],[177.0389381506968,-39.20259443246936],[177.04611751732648,-39.19393674973897],[177.06512073376783,-39.18189066608821],[177.08594981691326,-39.1699715157756],[177.0853287669005,-39.15725806619105],[177.07047290022928,-39.15480899966853],[177.0697615834578,-39.15026356661914],[177.05290316716642,-39.156741033210984],[177.04491705073121,-39.15079003319276],[177.03876584960184,-39.15260921658686],[177.0394271495462,-39.15919691666104],[177.0305800001499,-39.15896203284965],[177.03199593304,-39.14847046674055],[177.02265061712993,-39.14690743271162],[177.0199086509885,-39.14123846577704],[177.0057842331377,-39.13067021590359],[176.99510573354425,-39.12899034954151],[176.99590715033372,-39.12528976595395],[176.9843014675419,-39.1104382830633],[176.97529386664294,-39.106024249841234],[176.96924436625554,-39.09900566662446],[176.9543878668239,-39.09029661643161],[176.94446176739783,-39.0906317328704],[176.9304469829088,-39.10484213310517],[176.90566180083331,-39.10896063305848],[176.8930564169728,-39.10277646584255],[176.8863335994041,-39.101455166377065],[176.87229284952528,-39.092440099177104],[176.86946006619905,-39.0791350996498],[176.84964315043598,-39.07247824956703],[176.83950056763982,-39.0624257830316],[176.8364680831869,-39.054698733063496],[176.8409145666749,-39.04883921647162],[176.8363061341055,-39.04124053261025],[176.8261569838963,-39.04607881684393],[176.8202592841067,-39.039300032526356],[176.82422588349996,-39.029667949462464],[176.8185856833707,-39.02245094957272],[176.80516383329157,-39.0209528826564],[176.79809796707903,-39.02338121656906],[176.77793525006072,-39.01097273309126],[176.77720580027696,-38.99992898271547],[176.73115895067124,-38.99900091659983],[176.71650010008887,-38.999538416122206],[176.71359371639605,-38.94274656685731],[176.69771335049404,-38.855955599434076],[176.59846518325907,-38.933293182515044],[176.596668233362,-38.955216732695376],[176.60189383382385,-38.96406571609511],[176.6008294509375,-38.973999649176044],[176.60585818406358,-38.98022789985118],[176.60517986658635,-38.984806866130285],[176.6128902336644,-38.98953676649078],[176.61035594997028,-38.998263899437035],[176.54103390034572,-38.997751132587055],[176.5470077666319,-39.00182245008569],[176.44922646739718,-39.00161889969321],[176.42017720039146,-39.06193878316337],[176.43784188325662,-39.1056223996999],[176.4434207498437,-39.12076665002051],[176.41680090026492,-39.116298699717966],[176.37255433389626,-39.13077913257934],[176.37652681681413,-39.13464571609411],[176.38685415043852,-39.1365799666605],[176.38601148391493,-39.14591376599241],[176.39401641699848,-39.161994600440686],[176.34035514975488,-39.17311544967133],[176.23322519997845,-39.09787466643699],[176.2317483670104,-39.10452191637994],[176.2079996670816,-39.11880900012207],[176.19739525046225,-39.12148783311408],[176.18258050008387,-39.12944048259693],[176.18466476604385,-39.13364421682987],[176.1761238668226,-39.14390086654113]]]},"properties":{"shapeName":"Hastings District","shapeID":"76426892B40769329119322","shapeGroup":"NZL","shapeType":"ADM2"}},
{"type":"Feature","geometry":{"type":"Polygon","coordinates":[[[176.92646168263926,-39.5616674666423],[176.92224788304875,-39.549583649216],[176.91970175794543,-39.53099892015992],[176.91935734992734,-39.50540494978274],[176.92152370001216,-39.47719200008887],[176.89666748000002,-39.479610442999956],[176.88936545613188,-39.484584806999976],[176.88336181600005,-39.49213790799996],[176.87734240023352,-39.48528133200357],[176.87998981632782,-39.480672599983386],[176.8883361820001,-39.481250761999945],[176.87875366200012,-39.470027923999965],[176.8730882668967,-39.456044183004074],[176.8726566496511,-39.44168259924226],[176.87806458333205,-39.41694629973187],[176.88602096633215,-39.39728429960927],[176.87953833396563,-39.39558696529731],[176.86974409010642,-39.388010427364996],[176.86435549708617,-39.39386618126696],[176.85390747701865,-39.3926091597626],[176.8522817708893,-39.403478217328015],[176.85296526664388,-39.41698916624662],[176.84529176692766,-39.419893233114706],[176.84974321682296,-39.42494954967757],[176.84811056691123,-39.432719232622595],[176.83141156752185,-39.438489116974225],[176.83182945039354,-39.446724983138616],[176.84089446709015,-39.45181968318363],[176.83064336749254,-39.45465414910476],[176.8254855001257,-39.4638708999778],[176.83623760074403,-39.47602503302599],[176.82360571647453,-39.482665116189715],[176.821474000542,-39.4905315832609],[176.81350163345252,-39.49486048351285],[176.81249050035018,-39.50353439943884],[176.81629795043563,-39.50797519991856],[176.82579890033597,-39.51221493316701],[176.83069065023938,-39.51759136677368],[176.8308536890673,-39.526662536244764],[176.812862959918,-39.55192830040524],[176.82102528614402,-39.55644257971689],[176.83026664587538,-39.554872557654996],[176.84253954531962,-39.54834012232247],[176.85905276077057,-39.55004414571163],[176.86694270106514,-39.553763510633964],[176.87511517775405,-39.56684519899208],[176.88473845050657,-39.570454732991315],[176.89513294148898,-39.569568345166296],[176.91819035009803,-39.561145683141824],[176.92646168263926,-39.5616674666423]]]},"properties":{"shapeName":"Napier City","shapeID":"76426892B22916001519888","shapeGroup":"NZL","shapeType":"ADM2"}},
{"type":"Feature","geometry":{"type":"Polygon","coordinates":[[[176.18391043364045,-39.68616421658955],[176.18054651615185,-39.711064232932394],[176.1690859834734,-39.71791541666024],[176.17685259974908,-39.744049099498284],[176.1379526162238,-39.823879383353216],[176.1349942673845,-39.85058688282822],[176.12679258264916,-39.86150216632569],[176.11720446688025,-39.88676723267524],[176.12688920087137,-39.891551232952885],[176.12611845047203,-39.90477541640184],[176.10684706735165,-39.91720524967433],[176.11542976650298,-39.92940391665981],[176.1097357839565,-39.941855865974],[176.1239725508386,-39.947893466208185],[176.11710676662366,-39.95773761657593],[176.12111370084645,-39.9624470831751],[176.11615258323815,-39.96957231651469],[176.10316885044693,-39.97723004968136],[176.10160141589387,-39.98430589977675],[176.09383140063932,-39.99550258323234],[176.12515543400178,-40.01348329975789],[176.12477411687607,-40.0190727998839],[176.13662734980758,-40.02857813381988],[176.154273600019,-40.012226916282685],[176.16223886671887,-40.01716433312476],[176.20497083378459,-40.01899511672373],[176.21354466745038,-40.01781713287384],[176.21352769968803,-40.025637116806124],[176.21784870065193,-40.02881761633521],[176.2387831671117,-40.027332983413594],[176.23865518410977,-40.03839071619819],[176.24913961660624,-40.040506516075325],[176.25110860074776,-40.043695899573095],[176.26224058318874,-40.04509811616399],[176.2610814004987,-40.05174759947698],[176.26517823284777,-40.05426078343865],[176.26335459999783,-40.061758633147235],[176.26719376664715,-40.06483475033576],[176.28005761596197,-40.06765788292201],[176.29724093388057,-40.068051482598676],[176.2997848172794,-40.07608508268726],[176.3209805671879,-40.08613891640706],[176.32321406683735,-40.09371701619212],[176.31620346699472,-40.10256724965637],[176.3179968327084,-40.10639341657241],[176.30910280043364,-40.1191600333675],[176.3169556498222,-40.12289768338806],[176.32944978354018,-40.122444115930364],[176.33633326737305,-40.12812918279413],[176.33405496625397,-40.138720849824864],[176.34406085057697,-40.14561986603075],[176.3648209326349,-40.15102293332632],[176.37860586656151,-40.158140716638094],[176.37836943334872,-40.16314106673155],[176.370647367502,-40.16657540036447],[176.36534058273816,-40.17474821674844],[176.366952050145,-40.18633698336611],[176.35948831733108,-40.197102516443174],[176.3617233507443,-40.215334549668086],[176.37016856701348,-40.21440126593661],[176.37027024954725,-40.23424726663239],[176.38031111762925,-40.23742186671712],[176.38136013419202,-40.262256716651],[176.37800353360237,-40.27153166623233],[176.3805722665,-40.27644376596845],[176.39261311710507,-40.27698618315674],[176.39918380009183,-40.28560664959727],[176.3907222172119,-40.3108125166398],[176.3889112831265,-40.322988633818994],[176.39231778344347,-40.32914413286622],[176.40566531712665,-40.333016299863914],[176.37064241672758,-40.35862161647283],[176.39188451443826,-40.361702137739854],[176.38709418330356,-40.37384241623036],[176.39296498279955,-40.37683714982141],[176.40704158289256,-40.37864338308532],[176.4177845001298,-40.392317933393855],[176.43129078309985,-40.38991026636932],[176.43709901672958,-40.391991132609306],[176.43390510001572,-40.4029373662796],[176.44329526637986,-40.40738883294731],[176.46734738313688,-40.41030858337827],[176.48050176654345,-40.408824850063],[176.4837546001323,-40.412027499617906],[176.49258538364006,-40.41155008333132],[176.4928599331794,-40.40012884983866],[176.5499581660903,-40.42117346671896],[176.5587533329566,-40.40720574976487],[176.57852308668504,-40.414598731346175],[176.5861340822352,-40.42552069954225],[176.58972468284162,-40.42255323281209],[176.6225690498794,-40.42801651603451],[176.6245374826551,-40.42301854996991],[176.6362490669541,-40.40747121659257],[176.63338218386542,-40.40100463273919],[176.63611918326006,-40.388740733352805],[176.6500317493776,-40.366368533348066],[176.64963350038624,-40.36003726596731],[176.65319538303868,-40.35123865004576],[176.66786826722836,-40.3310287495466],[176.6728492508513,-40.32212043315481],[176.66715685092748,-40.31588208263188],[176.66690258404952,-40.30107236644471],[176.67538452200006,-40.284168241999964],[176.67205810600012,-40.28086090099998],[176.67822341688043,-40.26564853288687],[176.6870312832821,-40.25639323264168],[176.72439168361694,-40.234465949505],[176.74627645087898,-40.22528384913921],[176.76751008340102,-40.2181541330836],[176.78805071727723,-40.21759848298851],[176.79439693342144,-40.20533499958066],[176.8185338333581,-40.187476883193455],[176.82260846630004,-40.18325053251867],[176.82737611656836,-40.168099866087786],[176.83745936700058,-40.16186228323341],[176.84546146745924,-40.154472766876566],[176.8443458341317,-40.14465356608405],[176.84863048357192,-40.140944916612305],[176.8609180999455,-40.13704593329814],[176.86899750046638,-40.13138296635845],[176.873732250424,-40.119568666085016],[176.8698618675408,-40.105235866293455],[176.87049095005182,-40.09842814997754],[176.8894959166459,-40.08545986656654],[176.89468563385196,-40.077301232787924],[176.88093548349423,-40.06500463264477],[176.87930938388126,-40.0498432324388],[176.88822305040833,-40.02552654930328],[176.8951831169561,-40.01426886609482],[176.9021753169432,-40.00683721594731],[176.9068351672276,-39.99380744910486],[176.90878628434265,-39.98048406658946],[176.9154810000737,-39.970752832609435],[176.92720596644466,-39.9583563999233],[176.9321283666333,-39.93528996626928],[176.9377018333521,-39.92771884951701],[176.94988458396136,-39.92145029927002],[176.95865446668637,-39.91231594925827],[176.9629369666448,-39.903669232903376],[176.9613795003644,-39.89703349926983],[176.96647369985638,-39.88296704915008],[176.91726311652863,-39.8762535500648],[176.9062613996366,-39.892627349289256],[176.85340895026275,-39.88892956615967],[176.8550976493127,-39.870845132642074],[176.8593746001648,-39.84416895000755],[176.8397709336326,-39.843747866447295],[176.83370005010275,-39.85207436667245],[176.8208228340124,-39.84822566636193],[176.81346360041806,-39.842683899254716],[176.82117473302807,-39.83312914970179],[176.81409721633625,-39.81363183324975],[176.80912199503945,-39.8058919412775],[176.8027722671756,-39.8062574666991],[176.7949087671799,-39.81605281643011],[176.78257744999763,-39.81857326597956],[176.77515968387206,-39.80767168307926],[176.7683411508597,-39.808038082702424],[176.76014523379624,-39.817093982777585],[176.74479805015284,-39.827045232680966],[176.73397633378548,-39.84052313277368],[176.7342931831965,-39.847298532734364],[176.7297493331755,-39.85764991698622],[176.71939191716694,-39.854493782773055],[176.704990417229,-39.85786823255077],[176.69294571657156,-39.863159299831395],[176.67872271713577,-39.86032429956493],[176.6709914836641,-39.85378523322213],[176.66757391665038,-39.84013665001998],[176.6699962664517,-39.834508916924285],[176.65872511687343,-39.82619583318621],[176.65236558320527,-39.825865149669795],[176.6423487998175,-39.820597249432076],[176.63448155054334,-39.82095541610085],[176.62075376668932,-39.81599426609843],[176.60235761705883,-39.811340632800395],[176.58423970011842,-39.80136473316437],[176.57153586704902,-39.79120909938756],[176.54759215087256,-39.78553263247497],[176.5013560004981,-39.77008126623474],[176.49410381687926,-39.766924300066364],[176.49435168373859,-39.76147419975185],[176.48130959972275,-39.754373216292464],[176.47977011691188,-39.73827683293605],[176.49068666624373,-39.73190896615628],[176.49428599999177,-39.72621086623886],[176.4904428501673,-39.718597049878845],[176.47722081708162,-39.70257061677122],[176.46878466761024,-39.701563349763404],[176.46601170004317,-39.69760844995112],[176.45045741712394,-39.69681398324982],[176.4453842498538,-39.688573632812876],[176.43259041695956,-39.68770971613929],[176.41999871754706,-39.68291626593118],[176.4089681160077,-39.681308616332096],[176.38891658346645,-39.688163566109594],[176.38489230010208,-39.695811799775115],[176.37473020013232,-39.70848266697552],[176.35925590054865,-39.71762596679177],[176.36388160075407,-39.72655296623446],[176.35792808327452,-39.74653211614997],[176.3474546501472,-39.77655069959956],[176.3271843165335,-39.7645842333572],[176.3152024333989,-39.751989649372305],[176.26889795044852,-39.74847039976483],[176.18391043364045,-39.68616421658955]]]},"properties":{"shapeName":"Central Hawke's Bay District","shapeID":"76426892B41441178851735","shapeGroup":"NZL","shapeType":"ADM2"}},
{"type":"Feature","geometry":{"type":"Polygon","coordinates":[[[174.61383144868495,-38.70992536978892],[174.61125183100012,-38.715888975999974],[174.60964209635458,-38.73217119155895],[174.6125335690001,-38.73461151099997],[174.6057524638199,-38.74881731990962],[174.60458374000007,-38.76002883899997],[174.59541320800008,-38.784999847999984],[174.59121704100005,-38.80333328299997],[174.58869934100005,-38.806667327999946],[174.5939442845118,-38.815530665884985],[174.5850067140001,-38.82044601399997],[174.57374572700007,-38.83336257999997],[174.57124328600003,-38.84172058099995],[174.5637817380001,-38.84916686899993],[174.55921936100003,-38.86041641199995],[174.55081176800002,-38.86875152499994],[174.5412445070001,-38.874221801999965],[174.53994751000005,-38.87797164799997],[174.52749633700012,-38.88627624399993],[174.51298651618728,-38.89345771675527],[174.501724243,-38.895416257999955],[174.4766384331722,-38.91839245056431],[174.47012404142697,-38.927116238670884],[174.44288635200007,-38.955860136999945],[174.4416351320001,-38.96208190899995],[174.43584466662458,-38.96298536641369],[174.40956541708073,-38.981356800490055],[174.38996887200005,-38.989582061999954],[174.3803680511113,-38.98794555699993],[174.37419128400006,-38.990444183999955],[174.35083007800006,-38.99380492999995],[174.33670043900008,-38.99375152599998],[174.3216705320001,-38.99124908299996],[174.30996704100005,-38.98291778399994],[174.30172847426473,-38.9824991198472],[174.28256225600012,-38.98708343399994],[174.25666809100005,-38.987110137999935],[174.240005493,-38.983722686999954],[174.22872924800004,-38.98919296099996],[174.2200317380001,-38.99041747899997],[174.19996643100012,-38.989582061999954],[174.19000244100005,-38.995418548999965],[174.17997741800002,-38.99711227399996],[174.17378234900002,-39.00502777099996],[174.1641387940001,-39.012973785999975],[174.14999389600007,-39.01961135899995],[174.13838195800008,-39.01874923599996],[174.12249755800008,-39.032081603999984],[174.10414123500004,-39.040443419999974],[174.09666442900004,-39.04877853399995],[174.08253479000007,-39.052082061999954],[174.07414245600012,-39.05627822799994],[174.06166076600005,-39.05625152599998],[174.0483398440001,-39.06124877999997],[174.04089355400004,-39.06208419799998],[174.03250630532253,-39.054399431796995],[174.02127075200008,-39.06422042699995],[174.01872253600004,-39.07422256499996],[174.00669860900007,-39.086250304999965],[173.99169921800012,-39.092109678999975],[173.98333740200007,-39.09958267099995],[173.97166442800005,-39.10291671599998],[173.9583129880001,-39.11208343499993],[173.93913269000006,-39.12044524999993],[173.91580200200008,-39.119609830999934],[173.89999389700006,-39.13294601499996],[173.88580322300004,-39.136249540999984],[173.87580871600005,-39.142971037999985],[173.86917114300002,-39.14455413699994],[173.85586547900004,-39.15297317499994],[173.84913635300006,-39.154609678999975],[173.83332824700005,-39.170444488999976],[173.82355403019943,-39.17529838061757],[173.83295183488934,-39.17961067624484],[173.84600810182826,-39.180188935168715],[173.8544252269076,-39.18772335492376],[173.8627262982737,-39.19012975532054],[173.87693640051705,-39.201822566424966],[173.87935154998553,-39.2064594168004],[173.88968364967883,-39.21369041670011],[173.8909928159911,-39.2185797327296],[173.9078981334013,-39.234499933537485],[173.92427305068475,-39.24382304966947],[173.94105325029466,-39.25178953338912],[173.95463538317364,-39.25278714960437],[173.96428490044005,-39.256426416987594],[173.96110566642523,-39.26155239978692],[174.06377541751877,-39.29604279932109],[174.17534188306436,-39.288101166263466],[174.1966295167133,-39.28074276620576],[174.20262720071992,-39.27558066655725],[174.22308788333842,-39.26681744942449],[174.23308560073988,-39.25815513295792],[174.25443871585583,-39.2436397827139],[174.25622403343723,-39.23455745011419],[174.26699381656263,-39.230463082736804],[174.2714966997201,-39.22595839992322],[174.2864694165312,-39.224555966854],[174.2864774172137,-39.235203166482464],[174.29598069964405,-39.232528249807686],[174.31182001628966,-39.23370808344885],[174.31255009982928,-39.23677185005411],[174.34466913311786,-39.23662028291232],[174.3571415002392,-39.24139906671746],[174.35923546679427,-39.229727533375495],[174.37976163311185,-39.225831933058224],[174.38701303294414,-39.227774416785834],[174.41457658306354,-39.22771668272302],[174.42377898260682,-39.228591233423046],[174.4316364498002,-39.21651313295225],[174.43059206745522,-39.21165859948948],[174.44298178311652,-39.208257883215424],[174.4357241840136,-39.20032476713151],[174.4423979328825,-39.1966160494228],[174.44602503342136,-39.186942116911595],[174.45374181723616,-39.186733716795125],[174.45770606703059,-39.17792018309095],[174.47929923415703,-39.182321666360764],[174.4812081670494,-39.18727403313713],[174.49625793367332,-39.1916646495992],[174.50005255052636,-39.19583581674522],[174.51511341691773,-39.193556099485164],[174.51451768382702,-39.18837625028817],[174.52087181708563,-39.185237382902045],[174.51979585071462,-39.17572608337603],[174.52901321704604,-39.171510166374425],[174.52704038352243,-39.160048799624526],[174.52774006668673,-39.14340591638477],[174.52277066657726,-39.13699749939156],[174.52880798346212,-39.13306518329896],[174.52106538309218,-39.12439064962431],[174.52537099999867,-39.120499216313554],[174.5377232499665,-39.12263388273315],[174.533786734055,-39.111833283069174],[174.5371996508527,-39.10397068280696],[174.55729106717692,-39.10066221642768],[174.54768499978172,-39.093652150142546],[174.55786665005206,-39.092369200180634],[174.5549658333311,-39.0829380504304],[174.55744471620815,-39.078362466206194],[174.57399673414375,-39.07836803314876],[174.58173786751996,-39.07650893287828],[174.59101160023422,-39.083247933406945],[174.5957278175233,-39.09621241603574],[174.6103650008307,-39.093288666161776],[174.62379926729707,-39.10276639981194],[174.63611561602568,-39.105446516662425],[174.65800958392197,-39.11368719946111],[174.6602596164261,-39.1077751993454],[174.65617778385405,-39.101986583024804],[174.65494091713467,-39.09373896655311],[174.64938375019605,-39.08767316689311],[174.66001526628398,-39.06730573304855],[174.65997926730432,-39.05960906681204],[174.67000228338821,-39.05961639955277],[174.67431711665563,-39.054526300030695],[174.66803311705283,-39.0436019827338],[174.68091394958648,-39.034539532717154],[174.69259081727049,-39.03867265020473],[174.69660350076904,-39.043890799801375],[174.7068022991559,-39.040789900166885],[174.71437055059545,-39.04140389985463],[174.71992619930015,-39.03774843265669],[174.72133283375368,-39.03153856668957],[174.72888393351894,-39.027657416445535],[174.723220550598,-39.017498466115406],[174.7315351669152,-39.01136584961138],[174.73590846677854,-38.992927100049926],[174.73644060020098,-38.98416571609118],[174.72509850013034,-38.978784733448755],[174.71410063408706,-38.97609573291214],[174.7169064662755,-38.97112888288097],[174.70948740033705,-38.966152716609216],[174.70953040046803,-38.95851386645221],[174.7186534172375,-38.95368001673602],[174.71894101730305,-38.947037899613065],[174.7100265501393,-38.941079366705836],[174.71095838257307,-38.93195068333525],[174.73280644982182,-38.91387956696628],[174.73943288382648,-38.911737983015186],[174.74532371647368,-38.92093268326635],[174.75099093386126,-38.9241460505069],[174.76708959973516,-38.92116863307948],[174.7830323825575,-38.92413599952078],[174.79498711669504,-38.915881250072694],[174.80239575063996,-38.92549674984752],[174.82131893411298,-38.925535549763325],[174.82803073341043,-38.923704366333084],[174.831871633693,-38.91499744910112],[174.82757334992564,-38.90986539961774],[174.82686698276356,-38.89997976665925],[174.8182915825904,-38.88749336684837],[174.8076250668217,-38.88187446689333],[174.80661801620855,-38.86954169954313],[174.79877138312867,-38.86526679998678],[174.7967400668385,-38.85895826686999],[174.7997724672962,-38.85411316644607],[174.79964576685452,-38.83270843354375],[174.78663521676026,-38.82095988284822],[174.8078219673231,-38.8199961829951],[174.81577196717896,-38.803577900056666],[174.8144680662943,-38.80057631660168],[174.81986975029687,-38.78751711662639],[174.83156296613885,-38.781924133660176],[174.83934740045436,-38.78248801661923],[174.8465577171682,-38.77890216639804],[174.8512554665245,-38.783161032943376],[174.85875811720436,-38.781991566064455],[174.8628963673927,-38.77458406666221],[174.84718835044293,-38.771294916339436],[174.8396028001697,-38.76493638330224],[174.8282234830918,-38.76102386679462],[174.82489153339148,-38.74928654947462],[174.8168676334472,-38.74539091673562],[174.80706068343187,-38.73589831611431],[174.79196021727688,-38.73177663300228],[174.77800321744735,-38.73745110003008],[174.77156291672244,-38.73614180019491],[174.76296650006594,-38.73942803323988],[174.75611388338035,-38.74495781624942],[174.74810211709104,-38.74407854980473],[174.73704376659646,-38.73409084940757],[174.72577301666485,-38.735302883180644],[174.70216616623125,-38.73067198283941],[174.69403631673686,-38.733672182774576],[174.68745773385749,-38.72784433281722],[174.66712821623224,-38.72886739992986],[174.6551911832824,-38.73328259989213],[174.64769423329855,-38.728745266497896],[174.6471749504256,-38.72218313325971],[174.6400669173406,-38.72092481675951],[174.61691833341527,-38.72286819943735],[174.61383144868495,-38.70992536978892]]]},"properties":{"shapeName":"New Plymouth District","shapeID":"76426892B38653513639865","shapeGroup":"NZL","shapeType":"ADM2"}},
{"type":"Feature","geometry":{"type":"Polygon","coordinates":[[[174.06377541751877,-39.29604279932109],[174.09461519925947,-39.37960129988876],[174.09457813339512,-39.400981699674276],[174.09667603259712,-39.40744296631181],[174.11152768326386,-39.40561566635506],[174.16957129925547,-39.405670516918725],[174.17268909948132,-39.39443141634599],[174.18432553409158,-39.39540458322363],[174.22021964937434,-39.394463816810294],[174.21910098403833,-39.38892503349803],[174.23083083281523,-39.39120280021299],[174.24643834998312,-39.389603199911406],[174.2670201778405,-39.39179777119049],[174.26870913767794,-39.39874655290668],[174.28236340039632,-39.405613099619146],[174.334774983462,-39.405253983114825],[174.34859731685293,-39.41218253332363],[174.3614396001202,-39.4097456497233],[174.37160305006626,-39.40222746671022],[174.39249968308815,-39.411253599797185],[174.39976771742425,-39.40928676633598],[174.4055704831234,-39.40117443283689],[174.41232056642255,-39.40426251718212],[174.4412891006799,-39.404570399493494],[174.4412877839387,-39.39693374966359],[174.4584775502177,-39.398363932851105],[174.45830820037642,-39.40551058350437],[174.47329651672942,-39.40663305020352],[174.49373623399913,-39.404775483345794],[174.51175135047427,-39.40463899979279],[174.50822500058092,-39.39776485009705],[174.51559720017954,-39.39352451673682],[174.51965363335987,-39.382371150083586],[174.5268334999305,-39.37638326663512],[174.54203586683113,-39.370846533420796],[174.55427101693797,-39.36014919934071],[174.56672110026702,-39.3660847831613],[174.57497339979636,-39.36241381663783],[174.57954566737354,-39.365252432964205],[174.57866775020537,-39.373505499430976],[174.5952765994334,-39.374671816383895],[174.6191859501798,-39.374283166378085],[174.62776489992441,-39.37515015016876],[174.6654239336363,-39.37399744953037],[174.6784810168499,-39.37434988280879],[174.6798500170556,-39.38274099987753],[174.68528636663515,-39.39369571677492],[174.67800533359036,-39.40493715011357],[174.87698086697455,-39.40413351676046],[174.87135358322953,-39.40106546657546],[174.86690563318552,-39.39216451684668],[174.87251449989486,-39.38886768267575],[174.87948674967268,-39.390095416883334],[174.89042561679565,-39.36855584947056],[174.8916689499433,-39.35824036655966],[174.8867159002632,-39.35332463328592],[174.8769191833574,-39.35366628278898],[174.8718514503138,-39.348137166538486],[174.84973431709048,-39.336644450034825],[174.83326451661205,-39.335791482900966],[174.82233691690388,-39.328241616291905],[174.81530558339495,-39.31813568277076],[174.81855986756588,-39.304486766339366],[174.83181461656181,-39.29480556699475],[174.837972032996,-39.28781139940637],[174.84072571695864,-39.27641194955806],[174.84483848320983,-39.27082481690854],[174.84706914942237,-39.259853749913624],[174.851824949631,-39.26176896626777],[174.86203768290284,-39.25548396604683],[174.86497355038392,-39.24692759950148],[174.85949895074828,-39.23315636680867],[174.86850809945625,-39.23193991660316],[174.87951371653824,-39.23797353290237],[174.8875439000348,-39.24106726680563],[174.89917496668505,-39.22734261610079],[174.9108761167019,-39.234238999408326],[174.9152366502202,-39.23276426679869],[174.91545616724704,-39.2245815499038],[174.92307483356726,-39.21944356653593],[174.9341178165022,-39.1992658832517],[174.9416719840668,-39.193422332968936],[174.95049956672094,-39.18332386633043],[174.94171311754806,-39.18062513347643],[174.94529278289676,-39.174319067138875],[174.95786546708635,-39.17181173332758],[174.95117613319346,-39.166609266773825],[174.95184526598405,-39.162264333006064],[174.96335763359704,-39.16263071656173],[174.98170628370528,-39.15680543349269],[174.98480399957526,-39.15176266679402],[174.97877699978207,-39.14253383342966],[174.9800352499569,-39.13866089943275],[174.98988366754105,-39.14016056666381],[174.99403943378968,-39.13765580005926],[174.9889723331143,-39.131121682974715],[174.99173200009744,-39.12626925005962],[174.98179758313944,-39.117029466703244],[174.98273391727957,-39.112329482696204],[174.99287041717687,-39.11427226629689],[174.99403945055994,-39.125461182664495],[174.99990488281148,-39.12879523275888],[175.00424298276084,-39.1224313996691],[174.9963828837669,-39.11218888287486],[175.00040989925688,-39.110370349937966],[175.01068986721387,-39.116304683196645],[175.0246802334376,-39.10229460019081],[175.02920421659974,-39.10175629990014],[175.04483785008955,-39.106041299675475],[175.05817191596657,-39.11224228340265],[175.069479000412,-39.107602333065245],[175.059743665866,-39.09507966636236],[175.04414788414363,-39.0847073668563],[175.0421882501455,-39.07805738267558],[175.04730603345783,-39.07035830005026],[175.01196803301482,-39.065812899824785],[175.00312891702876,-39.06784551638891],[174.99756328323926,-39.07251883295146],[174.98481135027745,-39.06880044965709],[174.97609518375148,-39.062821599780676],[174.96346953320491,-39.06603909981057],[174.95990668324598,-39.06224498301355],[174.96219203329838,-39.05228113315169],[174.97031029980957,-39.0522862829294],[174.97596356661563,-39.04769268317601],[174.97343741641447,-39.035539383138435],[174.96240718369458,-39.027623400064236],[174.95853736743103,-39.010358849992436],[174.95937633320284,-39.00146638305718],[174.94042708401926,-38.99568068342751],[174.92657794983742,-39.00405180019129],[174.922329333956,-39.010850216365135],[174.91463836623345,-39.010821416226435],[174.9163673835979,-38.99928736605233],[174.90661261693154,-38.98850993306915],[174.89041346694333,-38.99259924989198],[174.8751069165372,-38.99090543338879],[174.87657321667496,-38.98073194988978],[174.8826397504452,-38.97039738325568],[174.87723678399763,-38.96006303290202],[174.8831040670597,-38.95546965006569],[174.88445508399852,-38.949379883653705],[174.87585993353832,-38.945078883122285],[174.872081884013,-38.93196029983992],[174.88043795006126,-38.928335649925096],[174.8809634833035,-38.91624741654718],[174.88422580053847,-38.91258666656767],[174.8711602835469,-38.89044480010978],[174.86286233404678,-38.89013606603503],[174.86154103414188,-38.89495553336342],[174.84971123416443,-38.89510495005269],[174.8412271508236,-38.89739724997045],[174.82757334992564,-38.90986539961774],[174.831871633693,-38.91499744910112],[174.82803073341043,-38.923704366333084],[174.82131893411298,-38.925535549763325],[174.80239575063996,-38.92549674984752],[174.79498711669504,-38.915881250072694],[174.7830323825575,-38.92413599952078],[174.76708959973516,-38.92116863307948],[174.75099093386126,-38.9241460505069],[174.74532371647368,-38.92093268326635],[174.73943288382648,-38.911737983015186],[174.73280644982182,-38.91387956696628],[174.71095838257307,-38.93195068333525],[174.7100265501393,-38.941079366705836],[174.71894101730305,-38.947037899613065],[174.7186534172375,-38.95368001673602],[174.70953040046803,-38.95851386645221],[174.70948740033705,-38.966152716609216],[174.7169064662755,-38.97112888288097],[174.71410063408706,-38.97609573291214],[174.72509850013034,-38.978784733448755],[174.73644060020098,-38.98416571609118],[174.73590846677854,-38.992927100049926],[174.7315351669152,-39.01136584961138],[174.723220550598,-39.017498466115406],[174.72888393351894,-39.027657416445535],[174.72133283375368,-39.03153856668957],[174.71992619930015,-39.03774843265669],[174.71437055059545,-39.04140389985463],[174.7068022991559,-39.040789900166885],[174.69660350076904,-39.043890799801375],[174.69259081727049,-39.03867265020473],[174.68091394958648,-39.034539532717154],[174.66803311705283,-39.0436019827338],[174.67431711665563,-39.054526300030695],[174.67000228338821,-39.05961639955277],[174.65997926730432,-39.05960906681204],[174.66001526628398,-39.06730573304855],[174.64938375019605,-39.08767316689311],[174.65494091713467,-39.09373896655311],[174.65617778385405,-39.101986583024804],[174.6602596164261,-39.1077751993454],[174.65800958392197,-39.11368719946111],[174.63611561602568,-39.105446516662425],[174.62379926729707,-39.10276639981194],[174.6103650008307,-39.093288666161776],[174.5957278175233,-39.09621241603574],[174.59101160023422,-39.083247933406945],[174.58173786751996,-39.07650893287828],[174.57399673414375,-39.07836803314876],[174.55744471620815,-39.078362466206194],[174.5549658333311,-39.0829380504304],[174.55786665005206,-39.092369200180634],[174.54768499978172,-39.093652150142546],[174.55729106717692,-39.10066221642768],[174.5371996508527,-39.10397068280696],[174.533786734055,-39.111833283069174],[174.5377232499665,-39.12263388273315],[174.52537099999867,-39.120499216313554],[174.52106538309218,-39.12439064962431],[174.52880798346212,-39.13306518329896],[174.52277066657726,-39.13699749939156],[174.52774006668673,-39.14340591638477],[174.52704038352243,-39.160048799624526],[174.52901321704604,-39.171510166374425],[174.51979585071462,-39.17572608337603],[174.52087181708563,-39.185237382902045],[174.51451768382702,-39.18837625028817],[174.51511341691773,-39.193556099485164],[174.50005255052636,-39.19583581674522],[174.49625793367332,-39.1916646495992],[174.4812081670494,-39.18727403313713],[174.47929923415703,-39.182321666360764],[174.45770606703059,-39.17792018309095],[174.45374181723616,-39.186733716795125],[174.44602503342136,-39.186942116911595],[174.4423979328825,-39.1966160494228],[174.4357241840136,-39.20032476713151],[174.44298178311652,-39.208257883215424],[174.43059206745522,-39.21165859948948],[174.4316364498002,-39.21651313295225],[174.42377898260682,-39.228591233423046],[174.41457658306354,-39.22771668272302],[174.38701303294414,-39.227774416785834],[174.37976163311185,-39.225831933058224],[174.35923546679427,-39.229727533375495],[174.3571415002392,-39.24139906671746],[174.34466913311786,-39.23662028291232],[174.31255009982928,-39.23677185005411],[174.31182001628966,-39.23370808344885],[174.29598069964405,-39.232528249807686],[174.2864774172137,-39.235203166482464],[174.2864694165312,-39.224555966854],[174.2714966997201,-39.22595839992322],[174.26699381656263,-39.230463082736804],[174.25622403343723,-39.23455745011419],[174.25443871585583,-39.2436397827139],[174.23308560073988,-39.25815513295792],[174.22308788333842,-39.26681744942449],[174.20262720071992,-39.27558066655725],[174.1966295167133,-39.28074276620576],[174.17534188306436,-39.288101166263466],[174.06377541751877,-39.29604279932109]]]},"properties":{"shapeName":"Stratford District","shapeID":"76426892B63659956028788","shapeGroup":"NZL","shapeType":"ADM2"}},
{"type":"Feature","geometry":{"type":"Polygon","coordinates":[[[173.82355403019943,-39.17529838061757],[173.8158111570001,-39.18458175599994],[173.80332946800002,-39.188720702999944],[173.7929687500001,-39.19583511299993],[173.7870788570001,-39.21252822899993],[173.77891786932918,-39.219954726505776],[173.77507118140323,-39.23177036770324],[173.77542114300002,-39.24666595499997],[173.76455688400006,-39.26255416899994],[173.75288391100003,-39.27672195399998],[173.75290560714814,-39.28501546426524],[173.75626881655754,-39.29598196631145],[173.75646820022743,-39.30406068350508],[173.76091718289322,-39.314684832685714],[173.7612762450001,-39.32166671599998],[173.76537964680685,-39.33384576313186],[173.77285766600005,-39.346668241999964],[173.77334338413021,-39.37038163268805],[173.77673826623203,-39.3733683834378],[173.779839455692,-39.387003923401984],[173.79138529935847,-39.40353528322693],[173.79329643352227,-39.412916782907004],[173.8007084669891,-39.41947481668761],[173.80708706628616,-39.42133943340601],[173.82051124998586,-39.42968523324969],[173.82428560001338,-39.43514269966789],[173.83870205077042,-39.44569878330804],[173.84197685011284,-39.45119703343287],[173.85827871736896,-39.45923115030334],[173.86471916680813,-39.46515648295075],[173.8830297000162,-39.48716550003711],[173.89154535020373,-39.491454583629846],[173.89538095026114,-39.498487816601376],[173.90149643393278,-39.50155574935423],[173.90925066647821,-39.511599733151606],[173.9114064769956,-39.51893511112863],[173.92283530080823,-39.5184837168925],[173.93186608306414,-39.52149911677821],[173.94211664988094,-39.52845913327453],[173.94772888329192,-39.53796558390373],[173.95768309951552,-39.538673916633215],[173.97750940019645,-39.54773064945744],[173.98725965025503,-39.55419333322957],[174.00294941651572,-39.55151281657443],[174.02139508320687,-39.558212266161014],[174.04176999994405,-39.55968444960193],[174.05352813303503,-39.56342628345033],[174.07681910074768,-39.57733996668699],[174.08872641688438,-39.57576286672689],[174.10379161686157,-39.57874770018306],[174.12890761698557,-39.57843524998957],[174.145506316313,-39.580065100222235],[174.16162470013938,-39.58542373275701],[174.18036765014196,-39.58539911602689],[174.201535516873,-39.588083783151944],[174.21557063253417,-39.59333163340261],[174.22660918406157,-39.60006541627207],[174.23383688348116,-39.60161978274439],[174.2481401840628,-39.6118284835097],[174.2608419167875,-39.6183656498908],[174.26874354972938,-39.61808701672781],[174.28163299972258,-39.62092790008656],[174.29969285032115,-39.62735231645489],[174.3071209824312,-39.633795783397346],[174.31804900006543,-39.63751589951467],[174.32679441682907,-39.64347223339216],[174.3415448836236,-39.65022878328441],[174.3527096170408,-39.65907808329035],[174.36786893335605,-39.6773010664526],[174.38029729933172,-39.689299999573116],[174.38893648345527,-39.701255799472115],[174.40525261733495,-39.716440333198754],[174.42050679989072,-39.732436067211104],[174.44451481725898,-39.750660866439326],[174.4656535500998,-39.76278876606094],[174.4822329991881,-39.76844173293209],[174.49466443370187,-39.77685828321572],[174.51168823400008,-39.78125],[174.5351740172542,-39.80453923342973],[174.55877444949684,-39.8175755334429],[174.579864700509,-39.81782414972275],[174.59239593269405,-39.82284733318207],[174.61109344972834,-39.825457432696425],[174.63895396595805,-39.834482849837755],[174.64530035015,-39.83447806610214],[174.66789233316513,-39.842787616317956],[174.6815926493264,-39.849361633176706],[174.70516430028863,-39.862658450050866],[174.7165699500348,-39.867206216772644],[174.73404670031687,-39.86876995013361],[174.74736718414863,-39.866001383747424],[174.7617318669346,-39.86607386625467],[174.7738920997988,-39.86382566617178],[174.78408184993148,-39.85797744977607],[174.76630009971316,-39.85289638309657],[174.77929841597572,-39.8431009001845],[174.78489863358857,-39.83160273335493],[174.7934378831568,-39.83358373290627],[174.79983183336796,-39.820230249893065],[174.79370584953557,-39.8204910662948],[174.80346683379696,-39.80280691657936],[174.81173099994282,-39.80140944998083],[174.83453475062387,-39.80048963337361],[174.83663655065362,-39.79616473332345],[174.85186070010917,-39.78918484962512],[174.85004276644207,-39.77758258321803],[174.86245289989932,-39.773427216386935],[174.8702724501353,-39.773302149743344],[174.87631476631617,-39.764754249389675],[174.89225938403507,-39.74882288287607],[174.90369081668302,-39.74697941676952],[174.9094627495427,-39.74288616721827],[174.9183391837871,-39.74674221686442],[174.923101566583,-39.74349081665777],[174.9228884826124,-39.73758726664536],[174.93061833355185,-39.72447879989924],[174.92703258331818,-39.711601000640314],[174.92199778302233,-39.70383461662545],[174.92315591730187,-39.69632093301555],[174.94534028371254,-39.67613943331078],[174.95159096685828,-39.679976300033815],[174.9647816002605,-39.675592317080536],[174.97345288324226,-39.6703235501832],[174.98684821680231,-39.666839749787336],[174.9835028668593,-39.66066926603033],[174.97262881664062,-39.653146100107286],[174.97537538377136,-39.65002191684445],[174.97055783298677,-39.64396133325893],[174.97434538282843,-39.64018428315324],[174.9699769007383,-39.625505933073704],[174.97167908342672,-39.61367801601951],[174.96849821622303,-39.602372999924],[174.96970375045592,-39.59473886644182],[174.97398128349676,-39.59149110031504],[174.9714959001101,-39.58210898348954],[174.97411403335192,-39.5785258170222],[174.97465230080476,-39.56223738312201],[174.98884346595716,-39.55274378385308],[174.9870053329677,-39.5472281833523],[174.9917646665923,-39.540321467346345],[174.97915975019166,-39.53424371705588],[174.9757665840395,-39.527489199952925],[174.97003346663195,-39.52431398344035],[174.96959823376966,-39.513063983125285],[174.965468533353,-39.507980116738885],[174.96843253399982,-39.50308489990121],[174.96102665027715,-39.49289488270033],[174.9673869670729,-39.48627968327086],[174.9562708833029,-39.47973215020998],[174.95145043281437,-39.481665283349464],[174.92849586737734,-39.47615031619207],[174.92195425021774,-39.47153875017311],[174.9154132831341,-39.462688183015175],[174.9093693505115,-39.459034749775014],[174.9035308339086,-39.444524132764876],[174.8970319165823,-39.445262099632195],[174.89003608364612,-39.43749236657859],[174.88766451648547,-39.427320349434446],[174.88751831686508,-39.41534973388359],[174.87698086697455,-39.40413351676046],[174.67800533359036,-39.40493715011357],[174.68528636663515,-39.39369571677492],[174.6798500170556,-39.38274099987753],[174.6784810168499,-39.37434988280879],[174.6654239336363,-39.37399744953037],[174.62776489992441,-39.37515015016876],[174.6191859501798,-39.374283166378085],[174.5952765994334,-39.374671816383895],[174.57866775020537,-39.373505499430976],[174.57954566737354,-39.365252432964205],[174.57497339979636,-39.36241381663783],[174.56672110026702,-39.3660847831613],[174.55427101693797,-39.36014919934071],[174.54203586683113,-39.370846533420796],[174.5268334999305,-39.37638326663512],[174.51965363335987,-39.382371150083586],[174.51559720017954,-39.39352451673682],[174.50822500058092,-39.39776485009705],[174.51175135047427,-39.40463899979279],[174.49373623399913,-39.404775483345794],[174.47329651672942,-39.40663305020352],[174.45830820037642,-39.40551058350437],[174.4584775502177,-39.398363932851105],[174.4412877839387,-39.39693374966359],[174.4412891006799,-39.404570399493494],[174.41232056642255,-39.40426251718212],[174.4055704831234,-39.40117443283689],[174.39976771742425,-39.40928676633598],[174.39249968308815,-39.411253599797185],[174.37160305006626,-39.40222746671022],[174.3614396001202,-39.4097456497233],[174.34859731685293,-39.41218253332363],[174.334774983462,-39.405253983114825],[174.28236340039632,-39.405613099619146],[174.26870913767794,-39.39874655290668],[174.2670201778405,-39.39179777119049],[174.24643834998312,-39.389603199911406],[174.23083083281523,-39.39120280021299],[174.21910098403833,-39.38892503349803],[174.22021964937434,-39.394463816810294],[174.18432553409158,-39.39540458322363],[174.17268909948132,-39.39443141634599],[174.16957129925547,-39.405670516918725],[174.11152768326386,-39.40561566635506],[174.09667603259712,-39.40744296631181],[174.09457813339512,-39.400981699674276],[174.09461519925947,-39.37960129988876],[174.06377541751877,-39.29604279932109],[173.96110566642523,-39.26155239978692],[173.96428490044005,-39.256426416987594],[173.95463538317364,-39.25278714960437],[173.94105325029466,-39.25178953338912],[173.92427305068475,-39.24382304966947],[173.9078981334013,-39.234499933537485],[173.8909928159911,-39.2185797327296],[173.88968364967883,-39.21369041670011],[173.87935154998553,-39.2064594168004],[173.87693640051705,-39.201822566424966],[173.8627262982737,-39.19012975532054],[173.8544252269076,-39.18772335492376],[173.84600810182826,-39.180188935168715],[173.83295183488934,-39.17961067624484],[173.82355403019943,-39.17529838061757]]]},"properties":{"shapeName":"South Taranaki District","shapeID":"76426892B20989652719934","shapeGroup":"NZL","shapeType":"ADM2"}},
{"type":"Feature","geometry":{"type":"Polygon","coordinates":[[[174.8628963673927,-38.77458406666221],[174.85875811720436,-38.781991566064455],[174.8512554665245,-38.783161032943376],[174.8465577171682,-38.77890216639804],[174.83934740045436,-38.78248801661923],[174.83156296613885,-38.781924133660176],[174.81986975029687,-38.78751711662639],[174.8144680662943,-38.80057631660168],[174.81577196717896,-38.803577900056666],[174.8078219673231,-38.8199961829951],[174.78663521676026,-38.82095988284822],[174.79964576685452,-38.83270843354375],[174.7997724672962,-38.85411316644607],[174.7967400668385,-38.85895826686999],[174.79877138312867,-38.86526679998678],[174.80661801620855,-38.86954169954313],[174.8076250668217,-38.88187446689333],[174.8182915825904,-38.88749336684837],[174.82686698276356,-38.89997976665925],[174.82757334992564,-38.90986539961774],[174.8412271508236,-38.89739724997045],[174.84971123416443,-38.89510495005269],[174.86154103414188,-38.89495553336342],[174.86286233404678,-38.89013606603503],[174.8711602835469,-38.89044480010978],[174.88422580053847,-38.91258666656767],[174.8809634833035,-38.91624741654718],[174.88043795006126,-38.928335649925096],[174.872081884013,-38.93196029983992],[174.87585993353832,-38.945078883122285],[174.88445508399852,-38.949379883653705],[174.8831040670597,-38.95546965006569],[174.87723678399763,-38.96006303290202],[174.8826397504452,-38.97039738325568],[174.87657321667496,-38.98073194988978],[174.8751069165372,-38.99090543338879],[174.89041346694333,-38.99259924989198],[174.90661261693154,-38.98850993306915],[174.9163673835979,-38.99928736605233],[174.91463836623345,-39.010821416226435],[174.922329333956,-39.010850216365135],[174.92657794983742,-39.00405180019129],[174.94042708401926,-38.99568068342751],[174.95937633320284,-39.00146638305718],[174.95853736743103,-39.010358849992436],[174.96240718369458,-39.027623400064236],[174.97343741641447,-39.035539383138435],[174.97596356661563,-39.04769268317601],[174.97031029980957,-39.0522862829294],[174.96219203329838,-39.05228113315169],[174.95990668324598,-39.06224498301355],[174.96346953320491,-39.06603909981057],[174.97609518375148,-39.062821599780676],[174.98481135027745,-39.06880044965709],[174.99756328323926,-39.07251883295146],[175.00312891702876,-39.06784551638891],[175.01196803301482,-39.065812899824785],[175.04730603345783,-39.07035830005026],[175.0421882501455,-39.07805738267558],[175.04414788414363,-39.0847073668563],[175.059743665866,-39.09507966636236],[175.069479000412,-39.107602333065245],[175.05817191596657,-39.11224228340265],[175.04483785008955,-39.106041299675475],[175.02920421659974,-39.10175629990014],[175.0246802334376,-39.10229460019081],[175.01068986721387,-39.116304683196645],[175.00040989925688,-39.110370349937966],[174.9963828837669,-39.11218888287486],[175.00424298276084,-39.1224313996691],[174.99990488281148,-39.12879523275888],[174.99403945055994,-39.125461182664495],[174.99287041717687,-39.11427226629689],[174.98273391727957,-39.112329482696204],[174.98179758313944,-39.117029466703244],[174.99173200009744,-39.12626925005962],[174.9889723331143,-39.131121682974715],[174.99403943378968,-39.13765580005926],[174.98988366754105,-39.14016056666381],[174.9800352499569,-39.13866089943275],[174.97877699978207,-39.14253383342966],[174.98480399957526,-39.15176266679402],[174.98170628370528,-39.15680543349269],[174.96335763359704,-39.16263071656173],[174.95184526598405,-39.162264333006064],[174.95117613319346,-39.166609266773825],[174.95786546708635,-39.17181173332758],[174.94529278289676,-39.174319067138875],[174.94171311754806,-39.18062513347643],[174.95049956672094,-39.18332386633043],[174.9416719840668,-39.193422332968936],[174.9341178165022,-39.1992658832517],[174.92307483356726,-39.21944356653593],[174.91545616724704,-39.2245815499038],[174.9152366502202,-39.23276426679869],[174.9108761167019,-39.234238999408326],[174.89917496668505,-39.22734261610079],[174.8875439000348,-39.24106726680563],[174.87951371653824,-39.23797353290237],[174.87758511738954,-39.24453576609606],[174.8934221338557,-39.248684549725624],[174.8922916160928,-39.25394946641123],[174.8835305835682,-39.26340079953335],[174.8915410504324,-39.2722542330065],[174.90318305025272,-39.27726733300179],[174.9085078173598,-39.289173366577245],[174.91245978322016,-39.28278844994323],[174.92254958356642,-39.27648608383097],[174.92714110056,-39.27740988286733],[174.92730904984745,-39.28951153276568],[174.93099269932358,-39.29284835014467],[174.940519182912,-39.290275566163835],[174.95056910025602,-39.295207949360176],[174.96082933291297,-39.29167985008472],[174.96441126630947,-39.2824220828531],[174.97033710057056,-39.284227733262846],[174.96449566740446,-39.29227526678927],[174.96168339995754,-39.303201866809104],[174.97024608389833,-39.308478999462274],[174.98788890038225,-39.3112201660261],[175.00148564981006,-39.31072269957431],[175.00699276618903,-39.31244609942817],[175.0030439834901,-39.32486914994456],[174.9921532169657,-39.33680386612094],[174.9945243504652,-39.34953231620217],[175.0038995332141,-39.35406853331008],[175.0049991831651,-39.361492616106915],[175.01387988324234,-39.373181366694645],[175.0132724506769,-39.38479626668887],[175.02025431657088,-39.39526093282179],[175.02956945071853,-39.40126904986523],[175.04449381681982,-39.40510031660446],[175.03969434960945,-39.408993683123256],[175.03932136692708,-39.42109908339595],[175.03545203244508,-39.42573178271952],[175.02171031669675,-39.426605666476604],[175.0151566506465,-39.4334841332149],[175.02298918316487,-39.43703573395524],[175.03320294973642,-39.45591961634315],[175.0321107165777,-39.46129028369153],[175.03754984944354,-39.470299416854395],[175.03519328301638,-39.47621721641267],[175.0387348331965,-39.480645949408114],[175.04752368326456,-39.48334726695849],[175.05082199924433,-39.49795969938997],[175.04482643305883,-39.50346554943203],[175.05339958253097,-39.521926149794396],[175.05900788311044,-39.5228452665082],[175.07808976698186,-39.508754066361135],[175.08183293398213,-39.49155969935404],[175.08718758317588,-39.48599089986505],[175.10207435034587,-39.48209826667875],[175.11024106653977,-39.485034782987064],[175.1175801170323,-39.48184064968379],[175.12406598315562,-39.49803873302397],[175.1341311824683,-39.49808819997217],[175.1376947174808,-39.52133284972377],[175.14516361656067,-39.520327882858695],[175.1535722666622,-39.528137399451836],[175.16503903388517,-39.53245888287962],[175.15568413384491,-39.537806466572604],[175.1766226499651,-39.53828853345777],[175.1923174171184,-39.53558106685758],[175.20736441691727,-39.535843050131],[175.2152165008292,-39.53881756653611],[175.22320678265248,-39.53861758313234],[175.22773755021777,-39.55298979940154],[175.21333449953102,-39.55763603277588],[175.2034198505822,-39.55444138301607],[175.2035041336337,-39.5908779493142],[175.20705050058285,-39.58663408281213],[175.21940030041608,-39.58248504984514],[175.23024824964594,-39.58703006602431],[175.23400659935493,-39.60144103279681],[175.24215978347354,-39.60600326664662],[175.24985515022874,-39.6191028663794],[175.25869535061867,-39.61776234995769],[175.2833404165105,-39.61934594957544],[175.30548133356217,-39.62310003288751],[175.308248449332,-39.61601651682508],[175.3197968508521,-39.61051718313819],[175.33674943266186,-39.60575926611816],[175.34641918409014,-39.606530599632386],[175.3615264998245,-39.58846349998075],[175.36016348384052,-39.579094600157795],[175.3648159167281,-39.57340961685745],[175.37258908379255,-39.573395733392545],[175.38145706729225,-39.57806443380717],[175.39293911751983,-39.58802509976078],[175.41132048337778,-39.5922484493219],[175.410111216606,-39.588490083274834],[175.43375996699606,-39.58567588280478],[175.42768396704548,-39.57695503341345],[175.43324616739187,-39.573321249647364],[175.42928563406124,-39.56353908304119],[175.41725506640444,-39.55817719960081],[175.42150221620062,-39.54488210051789],[175.46690941745229,-39.54503838371498],[175.48083265018846,-39.54725354968172],[175.4882350832775,-39.544745116895555],[175.49428831673671,-39.5432581496652],[175.58950334471075,-39.54287480143802],[175.59715221712725,-39.5311649662315],[175.5960257331798,-39.52240778324739],[175.64345910055832,-39.52544890048727],[175.65752513322087,-39.548713149830625],[175.6634797500731,-39.54814348269668],[175.67826120067753,-39.54217499968802],[175.68367453274215,-39.54403986643103],[175.68624650088597,-39.55054763337426],[175.69454581643515,-39.55372094945524],[175.69953298346672,-39.55927791635103],[175.69931305002476,-39.56797268319951],[175.71320310078767,-39.57380578260751],[175.72258179984772,-39.57186128291194],[175.729039483284,-39.56663821643023],[175.74535343409306,-39.56268136642297],[175.7521523005789,-39.55299741727298],[175.75365853315577,-39.54438336638235],[175.7595855662524,-39.541226266462566],[175.77127546749293,-39.5440374000258],[175.78359326709912,-39.5399403996655],[175.7896120992971,-39.533469599897074],[175.7894758160523,-39.526314466790666],[175.82146955024618,-39.526467316666306],[175.83459376587234,-39.52846898332542],[175.84809651659322,-39.52439694945965],[175.84511758343535,-39.5101982500409],[175.86602175089178,-39.52058664996688],[175.90120343396583,-39.50127854937423],[175.89191831623185,-39.49436794947121],[175.89177523340075,-39.45853141607866],[175.89366976586163,-39.45852656649992],[175.89348213363468,-39.41240041654466],[175.93679846697708,-39.41227449963267],[175.93680666753215,-39.41108036648517],[175.9764603505121,-39.410824499831556],[175.9764843494598,-39.41497266658023],[176.00792468311226,-39.4148761333037],[176.00832296675236,-39.409464999686776],[176.0176823834396,-39.400313549572516],[176.02032809938464,-39.39507394965739],[176.01441051700758,-39.39243051597195],[176.01307530088636,-39.38331336600055],[176.02216233335454,-39.37600864962732],[176.01992681731718,-39.36973559976644],[176.02119801722287,-39.359231432656614],[176.02937984936437,-39.35571698343844],[175.97614368346314,-39.35600836670714],[175.9757459499918,-39.286924916312955],[176.0037618167784,-39.28682819993291],[175.99187930033895,-39.27957056633668],[175.97957228247762,-39.269371982871405],[175.97498468337358,-39.27387636657344],[175.96495311724544,-39.26526111664007],[175.96464658344593,-39.26063458316206],[175.95712880033022,-39.257830582944116],[175.94899861666255,-39.26261936601885],[175.93762985058996,-39.25845131685308],[175.9256857833066,-39.276984150584475],[175.90965098363506,-39.2764623332934],[175.90575011667207,-39.282721082680915],[175.89471121661347,-39.29155358284129],[175.88401323320593,-39.29392611667452],[175.86884761677248,-39.29058561683082],[175.84586268417883,-39.29204503258819],[175.83975026649765,-39.28863951618621],[175.82862463361906,-39.289007216310644],[175.8125688005198,-39.30032621647553],[175.7908899508263,-39.29975866649615],[175.78009523374726,-39.293384982853496],[175.76963255013936,-39.29499776607988],[175.76533356682333,-39.29144176672024],[175.75184606730627,-39.28787669934864],[175.74099906749223,-39.292640783128434],[175.74086758344623,-39.29741856705469],[175.70480563302243,-39.2883191495613],[175.66921176657516,-39.29693414941366],[175.55785421647246,-39.27599834948176],[175.63465636617488,-39.158362883272886],[175.6372035998007,-39.12913531644388],[175.64279111643052,-39.104306349639785],[175.6374398335776,-39.090122033110575],[175.61797213281315,-39.08124916684391],[175.61715328274275,-39.07492353377917],[175.6245004163027,-39.059874382846964],[175.614954449781,-39.05508845015648],[175.61820768381452,-39.048447566466876],[175.6357694832205,-39.04531504983609],[175.6476219174837,-39.02858431626621],[175.64805250036736,-39.014413382757766],[175.67248641644417,-38.99085306675422],[175.68201241733806,-38.9797105002169],[175.64123316663307,-38.980285583462845],[175.62688620002552,-38.974005983054],[175.60628141738903,-38.98182270014599],[175.56263365026192,-38.98682969984802],[175.56509098353067,-38.97246078332204],[175.55930456686562,-38.97067593348767],[175.55388358345306,-38.95571588272755],[175.56491976689577,-38.938490333248616],[175.565528250315,-38.93087903283825],[175.57611611668696,-38.91846541676839],[175.5799698335426,-38.91068424965165],[175.56070893373942,-38.89080101725713],[175.56067791686644,-38.88420494987226],[175.54936370028977,-38.87297673327723],[175.5447102833558,-38.86453755005871],[175.54643818389692,-38.85987309963217],[175.56039081659483,-38.843408149616224],[175.56150768314933,-38.83861491614847],[175.57701616649774,-38.83090335007487],[175.5746201497339,-38.81630024970409],[175.56365306660422,-38.80373053283917],[175.55343000025616,-38.789348217258315],[175.5416529003982,-38.79511026614752],[175.53958943354945,-38.784214850242066],[175.5354015333498,-38.77654498292236],[175.53058753332962,-38.77493554932593],[175.52693406731956,-38.763397266752726],[175.520478900627,-38.75931728321929],[175.51845315008867,-38.75110693287649],[175.52338653304557,-38.75009196683497],[175.53446788315074,-38.734732366900545],[175.5485133839388,-38.71866236679286],[175.55241923312522,-38.71620398345481],[175.56310551646013,-38.70116908319382],[175.56495871670745,-38.69541901650462],[175.57312161688472,-38.69039039998781],[175.58073856652302,-38.67757914955365],[175.57536449974015,-38.67243148310378],[175.57870996626804,-38.665471516738485],[175.57928611695274,-38.6526526001408],[175.57592901740986,-38.64985193317454],[175.59232838272854,-38.6374208994759],[175.6003418664279,-38.63412466624084],[175.61465791678782,-38.61814036614163],[175.62307350051188,-38.60525331684867],[175.62853211706965,-38.600707282675664],[175.6324589993843,-38.591775067197524],[175.6337455007795,-38.56609144955402],[175.63680418337788,-38.56448536646015],[175.63693630032145,-38.55246416602323],[175.62878136665128,-38.55116748281464],[175.63084464988577,-38.56156694983214],[175.62666361645466,-38.56973686688568],[175.61943001659654,-38.57111366650793],[175.60587344979547,-38.58482293346329],[175.5866218837965,-38.59001229933372],[175.55967976748423,-38.595269216913636],[175.55015228296395,-38.59332446603633],[175.5457250668289,-38.597061632848614],[175.53652851695583,-38.597161249924106],[175.5261169502377,-38.59142914943073],[175.52076876642016,-38.582958816736834],[175.51425331667855,-38.582824582851806],[175.50053536674793,-38.559093883429604],[175.47244238315716,-38.563474783124185],[175.45113646660528,-38.56286836633147],[175.44611496595707,-38.564530782985],[175.42203166610662,-38.55628450017175],[175.42075188314004,-38.55080531676764],[175.40097385053494,-38.55107041651851],[175.4000544994545,-38.559379966476484],[175.39231765034611,-38.560179882726764],[175.38196923340826,-38.55773229934336],[175.3777947508243,-38.572660450047735],[175.33553223385485,-38.58151894936882],[175.33175391717512,-38.57027161683031],[175.3346752340576,-38.55931620018381],[175.3263918337354,-38.55429798322745],[175.3177600165919,-38.55604226700795],[175.30299404954522,-38.57146328362418],[175.30087308365887,-38.58874494989255],[175.30637991677034,-38.59535645015595],[175.30017291699468,-38.600572866123635],[175.2851280173485,-38.58799328268073],[175.26547411601652,-38.61354546644263],[175.24849258355835,-38.615373366791665],[175.2343329336537,-38.63219451605193],[175.21323118361897,-38.63939903314536],[175.20224565042085,-38.637373633470155],[175.1959967328413,-38.63008816648194],[175.18435616674444,-38.63096276681436],[175.17327504960014,-38.627365283240934],[175.15460308316804,-38.628818166247875],[175.13889501646216,-38.63160428327733],[175.13570311736748,-38.62625293339619],[175.11954346747692,-38.62638881638535],[175.11644888268057,-38.621913049850676],[175.1092266841297,-38.62452036664781],[175.0983699671549,-38.63382146626992],[175.08752468339196,-38.635822699609726],[175.07443733333884,-38.62970139978364],[175.06916294970625,-38.631118866946935],[175.06891878247288,-38.63813428278932],[175.0573691840716,-38.6404810664558],[175.05799623401154,-38.64428676683858],[175.03976686666383,-38.65498445019134],[175.02761708318042,-38.65879066635235],[175.0120325341365,-38.66047875007649],[174.9974867500473,-38.66497028272426],[174.98646069949473,-38.665477249973215],[174.98112723309094,-38.661880099699026],[174.96743685056617,-38.667583832916804],[174.9608734506227,-38.66357943270619],[174.9543908670848,-38.66750353265482],[174.95957280017853,-38.6783406333748],[174.95767630001805,-38.68623988306997],[174.96433898347107,-38.696819066541146],[174.95328210082053,-38.701359416215624],[174.9541329005481,-38.7151249493992],[174.9453736339858,-38.71777394949023],[174.9439210331112,-38.722819150022175],[174.93480763345423,-38.73055523267724],[174.93399643365586,-38.73945876635367],[174.9379661498739,-38.74135571618022],[174.93784503360885,-38.75015856665323],[174.9275289504365,-38.75631763330882],[174.90229403318446,-38.75389660050553],[174.8951576826717,-38.755290716861985],[174.88918723409571,-38.76105493286453],[174.86612538385296,-38.766822466516366],[174.8628963673927,-38.77458406666221]]]},"properties":{"shapeName":"Ruapehu District","shapeID":"76426892B73257627899839","shapeGroup":"NZL","shapeType":"ADM2"}},
{"type":"Feature","geometry":{"type":"Polygon","coordinates":[[[174.87698086697455,-39.40413351676046],[174.88751831686508,-39.41534973388359],[174.88766451648547,-39.427320349434446],[174.89003608364612,-39.43749236657859],[174.8970319165823,-39.445262099632195],[174.9035308339086,-39.444524132764876],[174.9093693505115,-39.459034749775014],[174.9154132831341,-39.462688183015175],[174.92195425021774,-39.47153875017311],[174.92849586737734,-39.47615031619207],[174.95145043281437,-39.481665283349464],[174.9562708833029,-39.47973215020998],[174.9673869670729,-39.48627968327086],[174.96102665027715,-39.49289488270033],[174.96843253399982,-39.50308489990121],[174.965468533353,-39.507980116738885],[174.96959823376966,-39.513063983125285],[174.97003346663195,-39.52431398344035],[174.9757665840395,-39.527489199952925],[174.97915975019166,-39.53424371705588],[174.9917646665923,-39.540321467346345],[174.9870053329677,-39.5472281833523],[174.98884346595716,-39.55274378385308],[174.97465230080476,-39.56223738312201],[174.97411403335192,-39.5785258170222],[174.9714959001101,-39.58210898348954],[174.97398128349676,-39.59149110031504],[174.96970375045592,-39.59473886644182],[174.96849821622303,-39.602372999924],[174.97167908342672,-39.61367801601951],[174.9699769007383,-39.625505933073704],[174.97434538282843,-39.64018428315324],[174.97055783298677,-39.64396133325893],[174.97537538377136,-39.65002191684445],[174.97262881664062,-39.653146100107286],[174.9835028668593,-39.66066926603033],[174.98684821680231,-39.666839749787336],[174.97345288324226,-39.6703235501832],[174.9647816002605,-39.675592317080536],[174.95159096685828,-39.679976300033815],[174.94534028371254,-39.67613943331078],[174.92315591730187,-39.69632093301555],[174.92199778302233,-39.70383461662545],[174.92703258331818,-39.711601000640314],[174.93061833355185,-39.72447879989924],[174.9228884826124,-39.73758726664536],[174.923101566583,-39.74349081665777],[174.9183391837871,-39.74674221686442],[174.9094627495427,-39.74288616721827],[174.90369081668302,-39.74697941676952],[174.89225938403507,-39.74882288287607],[174.87631476631617,-39.764754249389675],[174.8702724501353,-39.773302149743344],[174.86245289989932,-39.773427216386935],[174.85004276644207,-39.77758258321803],[174.85186070010917,-39.78918484962512],[174.83663655065362,-39.79616473332345],[174.83453475062387,-39.80048963337361],[174.81173099994282,-39.80140944998083],[174.80346683379696,-39.80280691657936],[174.79370584953557,-39.8204910662948],[174.79983183336796,-39.820230249893065],[174.7934378831568,-39.83358373290627],[174.78489863358857,-39.83160273335493],[174.77929841597572,-39.8431009001845],[174.76630009971316,-39.85289638309657],[174.78408184993148,-39.85797744977607],[174.79916395086525,-39.858146582930516],[174.81386678315195,-39.86085356619507],[174.8235192837162,-39.865076716295235],[174.84353466648457,-39.8678993830142],[174.86932755014928,-39.874206349500504],[174.89851858350028,-39.88550433325119],[174.92787744990474,-39.89937304932723],[174.94765968302374,-39.91125379942815],[174.97285086817413,-39.93519796609729],[174.9830858668542,-39.94885918348172],[174.9886398169323,-39.946771649982544],[175.00579834000007,-39.94958495999998],[175.01663208000002,-39.95458221299998],[175.03086853100012,-39.95458221299998],[175.04583740300006,-39.94791793699994],[175.03997802700007,-39.95794296299994],[175.02252197200005,-39.95708465599995],[175.01738094961817,-39.963543299405714],[175.0454630167416,-39.985457066108204],[175.0841407666522,-40.02258354954091],[175.09954025052897,-40.04057068273681],[175.1019473552046,-40.03864243464686],[175.10630271179988,-40.032222180383776],[175.11554198319942,-40.028481832826415],[175.11637113330835,-40.03720969980731],[175.122468800172,-40.036835516128995],[175.12216490081437,-40.02225064949283],[175.12721841745045,-40.01614171661418],[175.14494263273764,-40.006471116328434],[175.15066018358672,-40.01030453328847],[175.15747670025794,-40.00630076661119],[175.17515374987684,-40.003170583011034],[175.18473035003186,-40.00456139966249],[175.20103323330576,-39.998034066530295],[175.21065873308987,-39.997343983298045],[175.22614559976608,-39.9858889496456],[175.22741763361444,-39.9793897001938],[175.2349560008909,-39.976675683816254],[175.23421638365804,-39.96915258295973],[175.24666341585728,-39.967259666070674],[175.26488003391387,-39.97505211643471],[175.26532801740095,-39.96639246603334],[175.2714442506048,-39.964707199392265],[175.27382921726948,-39.95381955011801],[175.28078518338978,-39.94218623313386],[175.26965389954842,-39.93355301634901],[175.2774872840618,-39.92922768329695],[175.27394670080807,-39.92340058279831],[175.28688681735665,-39.91551204972552],[175.27936201693907,-39.91054634951308],[175.28457671694002,-39.90491061725428],[175.2837681668682,-39.89995743347363],[175.29519516669393,-39.894042833616524],[175.28780630052125,-39.88698359954534],[175.28632806663242,-39.879843783321455],[175.27410431690646,-39.87726719996063],[175.29134196686783,-39.87112654986704],[175.30119978345004,-39.85921103309374],[175.30794923307892,-39.85610885017093],[175.32635181748296,-39.872727999968276],[175.3318898501284,-39.87493134962197],[175.34856143332226,-39.873333599979],[175.35274525000455,-39.86713784971801],[175.35197221670714,-39.860044400598895],[175.36710448401357,-39.85748389963377],[175.37585763359482,-39.84964058313937],[175.3763024006155,-39.83882759931515],[175.3850476663278,-39.83289274976822],[175.4003407508547,-39.8342957494868],[175.41514818364445,-39.8331205663385],[175.41847763362478,-39.82773316609676],[175.4378096673063,-39.82760968298077],[175.43782544975505,-39.81867099960925],[175.45275275039572,-39.82210245000161],[175.45140956692805,-39.80146234972105],[175.46172131671122,-39.783434099391],[175.4616626174223,-39.77733270002931],[175.47540821702702,-39.7703922997921],[175.48132723403074,-39.760947850093636],[175.47987055017353,-39.75281321677135],[175.48249533367408,-39.74641508286097],[175.4801224174564,-39.738840183345026],[175.48708061754496,-39.731623349807236],[175.4978690334177,-39.72510088327251],[175.49691064986905,-39.71942406684737],[175.50090101704956,-39.70940021636788],[175.5103198663339,-39.69625064971537],[175.50680863323197,-39.68811356649938],[175.51517163350567,-39.68145961671135],[175.51090691756465,-39.67148249990721],[175.49102046718747,-39.671488816500826],[175.48627058364104,-39.66499133356339],[175.49572855042734,-39.65722408325576],[175.46178504983234,-39.64208058333525],[175.46517056615085,-39.63564090006912],[175.47468500041282,-39.631523699586104],[175.48333685004988,-39.622328716816995],[175.4925237170414,-39.616011049450826],[175.49681428346537,-39.60525296630174],[175.49846216681564,-39.59147201642046],[175.50334328358784,-39.582768950078794],[175.4939947175487,-39.58356998278411],[175.48823436751036,-39.57924826680162],[175.4882350832775,-39.544745116895555],[175.48083265018846,-39.54725354968172],[175.46690941745229,-39.54503838371498],[175.42150221620062,-39.54488210051789],[175.41725506640444,-39.55817719960081],[175.42928563406124,-39.56353908304119],[175.43324616739187,-39.573321249647364],[175.42768396704548,-39.57695503341345],[175.43375996699606,-39.58567588280478],[175.410111216606,-39.588490083274834],[175.41132048337778,-39.5922484493219],[175.39293911751983,-39.58802509976078],[175.38145706729225,-39.57806443380717],[175.37258908379255,-39.573395733392545],[175.3648159167281,-39.57340961685745],[175.36016348384052,-39.579094600157795],[175.3615264998245,-39.58846349998075],[175.34641918409014,-39.606530599632386],[175.33674943266186,-39.60575926611816],[175.3197968508521,-39.61051718313819],[175.308248449332,-39.61601651682508],[175.30548133356217,-39.62310003288751],[175.2833404165105,-39.61934594957544],[175.25869535061867,-39.61776234995769],[175.24985515022874,-39.6191028663794],[175.24215978347354,-39.60600326664662],[175.23400659935493,-39.60144103279681],[175.23024824964594,-39.58703006602431],[175.21940030041608,-39.58248504984514],[175.20705050058285,-39.58663408281213],[175.2035041336337,-39.5908779493142],[175.2034198505822,-39.55444138301607],[175.21333449953102,-39.55763603277588],[175.22773755021777,-39.55298979940154],[175.22320678265248,-39.53861758313234],[175.2152165008292,-39.53881756653611],[175.20736441691727,-39.535843050131],[175.1923174171184,-39.53558106685758],[175.1766226499651,-39.53828853345777],[175.15568413384491,-39.537806466572604],[175.16503903388517,-39.53245888287962],[175.1535722666622,-39.528137399451836],[175.14516361656067,-39.520327882858695],[175.1376947174808,-39.52133284972377],[175.1341311824683,-39.49808819997217],[175.12406598315562,-39.49803873302397],[175.1175801170323,-39.48184064968379],[175.11024106653977,-39.485034782987064],[175.10207435034587,-39.48209826667875],[175.08718758317588,-39.48599089986505],[175.08183293398213,-39.49155969935404],[175.07808976698186,-39.508754066361135],[175.05900788311044,-39.5228452665082],[175.05339958253097,-39.521926149794396],[175.04482643305883,-39.50346554943203],[175.05082199924433,-39.49795969938997],[175.04752368326456,-39.48334726695849],[175.0387348331965,-39.480645949408114],[175.03519328301638,-39.47621721641267],[175.03754984944354,-39.470299416854395],[175.0321107165777,-39.46129028369153],[175.03320294973642,-39.45591961634315],[175.02298918316487,-39.43703573395524],[175.0151566506465,-39.4334841332149],[175.02171031669675,-39.426605666476604],[175.03545203244508,-39.42573178271952],[175.03932136692708,-39.42109908339595],[175.03969434960945,-39.408993683123256],[175.04449381681982,-39.40510031660446],[175.02956945071853,-39.40126904986523],[175.02025431657088,-39.39526093282179],[175.0132724506769,-39.38479626668887],[175.01387988324234,-39.373181366694645],[175.0049991831651,-39.361492616106915],[175.0038995332141,-39.35406853331008],[174.9945243504652,-39.34953231620217],[174.9921532169657,-39.33680386612094],[175.0030439834901,-39.32486914994456],[175.00699276618903,-39.31244609942817],[175.00148564981006,-39.31072269957431],[174.98788890038225,-39.3112201660261],[174.97024608389833,-39.308478999462274],[174.96168339995754,-39.303201866809104],[174.96449566740446,-39.29227526678927],[174.97033710057056,-39.284227733262846],[174.96441126630947,-39.2824220828531],[174.96082933291297,-39.29167985008472],[174.95056910025602,-39.295207949360176],[174.940519182912,-39.290275566163835],[174.93099269932358,-39.29284835014467],[174.92730904984745,-39.28951153276568],[174.92714110056,-39.27740988286733],[174.92254958356642,-39.27648608383097],[174.91245978322016,-39.28278844994323],[174.9085078173598,-39.289173366577245],[174.90318305025272,-39.27726733300179],[174.8915410504324,-39.2722542330065],[174.8835305835682,-39.26340079953335],[174.8922916160928,-39.25394946641123],[174.8934221338557,-39.248684549725624],[174.87758511738954,-39.24453576609606],[174.87951371653824,-39.23797353290237],[174.86850809945625,-39.23193991660316],[174.85949895074828,-39.23315636680867],[174.86497355038392,-39.24692759950148],[174.86203768290284,-39.25548396604683],[174.851824949631,-39.26176896626777],[174.84706914942237,-39.259853749913624],[174.84483848320983,-39.27082481690854],[174.84072571695864,-39.27641194955806],[174.837972032996,-39.28781139940637],[174.83181461656181,-39.29480556699475],[174.81855986756588,-39.304486766339366],[174.81530558339495,-39.31813568277076],[174.82233691690388,-39.328241616291905],[174.83326451661205,-39.335791482900966],[174.84973431709048,-39.336644450034825],[174.8718514503138,-39.348137166538486],[174.8769191833574,-39.35366628278898],[174.8867159002632,-39.35332463328592],[174.8916689499433,-39.35824036655966],[174.89042561679565,-39.36855584947056],[174.87948674967268,-39.390095416883334],[174.87251449989486,-39.38886768267575],[174.86690563318552,-39.39216451684668],[174.87135358322953,-39.40106546657546],[174.87698086697455,-39.40413351676046]]]},"properties":{"shapeName":"Whanganui District","shapeID":"76426892B60533113586032","shapeGroup":"NZL","shapeType":"ADM2"}},
{"type":"Feature","geometry":{"type":"Polygon","coordinates":[[[175.82862463361906,-39.289007216310644],[175.83975026649765,-39.28863951618621],[175.84586268417883,-39.29204503258819],[175.86884761677248,-39.29058561683082],[175.88401323320593,-39.29392611667452],[175.89471121661347,-39.29155358284129],[175.90575011667207,-39.282721082680915],[175.90965098363506,-39.2764623332934],[175.9256857833066,-39.276984150584475],[175.93762985058996,-39.25845131685308],[175.94899861666255,-39.26261936601885],[175.95712880033022,-39.257830582944116],[175.96464658344593,-39.26063458316206],[175.96495311724544,-39.26526111664007],[175.97498468337358,-39.27387636657344],[175.97957228247762,-39.269371982871405],[175.99187930033895,-39.27957056633668],[176.0037618167784,-39.28682819993291],[175.9757459499918,-39.286924916312955],[175.97614368346314,-39.35600836670714],[176.02937984936437,-39.35571698343844],[176.02119801722287,-39.359231432656614],[176.01992681731718,-39.36973559976644],[176.02216233335454,-39.37600864962732],[176.01307530088636,-39.38331336600055],[176.01441051700758,-39.39243051597195],[176.02032809938464,-39.39507394965739],[176.0176823834396,-39.400313549572516],[176.00832296675236,-39.409464999686776],[176.00792468311226,-39.4148761333037],[175.9764843494598,-39.41497266658023],[175.9764603505121,-39.410824499831556],[175.93680666753215,-39.41108036648517],[175.93679846697708,-39.41227449963267],[175.89348213363468,-39.41240041654466],[175.89366976586163,-39.45852656649992],[175.89177523340075,-39.45853141607866],[175.89191831623185,-39.49436794947121],[175.90120343396583,-39.50127854937423],[175.86602175089178,-39.52058664996688],[175.84511758343535,-39.5101982500409],[175.84809651659322,-39.52439694945965],[175.83459376587234,-39.52846898332542],[175.82146955024618,-39.526467316666306],[175.7894758160523,-39.526314466790666],[175.7896120992971,-39.533469599897074],[175.78359326709912,-39.5399403996655],[175.77127546749293,-39.5440374000258],[175.7595855662524,-39.541226266462566],[175.75365853315577,-39.54438336638235],[175.7521523005789,-39.55299741727298],[175.74535343409306,-39.56268136642297],[175.729039483284,-39.56663821643023],[175.72258179984772,-39.57186128291194],[175.71320310078767,-39.57380578260751],[175.69931305002476,-39.56797268319951],[175.69953298346672,-39.55927791635103],[175.69454581643515,-39.55372094945524],[175.68624650088597,-39.55054763337426],[175.68367453274215,-39.54403986643103],[175.67826120067753,-39.54217499968802],[175.6634797500731,-39.54814348269668],[175.65752513322087,-39.548713149830625],[175.64345910055832,-39.52544890048727],[175.5960257331798,-39.52240778324739],[175.59715221712725,-39.5311649662315],[175.58950334471075,-39.54287480143802],[175.49428831673671,-39.5432581496652],[175.4882350832775,-39.544745116895555],[175.48823436751036,-39.57924826680162],[175.4939947175487,-39.58356998278411],[175.50334328358784,-39.582768950078794],[175.49846216681564,-39.59147201642046],[175.49681428346537,-39.60525296630174],[175.4925237170414,-39.616011049450826],[175.48333685004988,-39.622328716816995],[175.47468500041282,-39.631523699586104],[175.46517056615085,-39.63564090006912],[175.46178504983234,-39.64208058333525],[175.49572855042734,-39.65722408325576],[175.48627058364104,-39.66499133356339],[175.49102046718747,-39.671488816500826],[175.51090691756465,-39.67148249990721],[175.51517163350567,-39.68145961671135],[175.50680863323197,-39.68811356649938],[175.5103198663339,-39.69625064971537],[175.50090101704956,-39.70940021636788],[175.49691064986905,-39.71942406684737],[175.4978690334177,-39.72510088327251],[175.48708061754496,-39.731623349807236],[175.4801224174564,-39.738840183345026],[175.48249533367408,-39.74641508286097],[175.47987055017353,-39.75281321677135],[175.48132723403074,-39.760947850093636],[175.47540821702702,-39.7703922997921],[175.4616626174223,-39.77733270002931],[175.46172131671122,-39.783434099391],[175.45140956692805,-39.80146234972105],[175.45275275039572,-39.82210245000161],[175.43782544975505,-39.81867099960925],[175.4378096673063,-39.82760968298077],[175.41847763362478,-39.82773316609676],[175.41514818364445,-39.8331205663385],[175.4003407508547,-39.8342957494868],[175.3850476663278,-39.83289274976822],[175.3763024006155,-39.83882759931515],[175.37585763359482,-39.84964058313937],[175.36710448401357,-39.85748389963377],[175.35197221670714,-39.860044400598895],[175.35274525000455,-39.86713784971801],[175.34856143332226,-39.873333599979],[175.3318898501284,-39.87493134962197],[175.32635181748296,-39.872727999968276],[175.30794923307892,-39.85610885017093],[175.30119978345004,-39.85921103309374],[175.29134196686783,-39.87112654986704],[175.27410431690646,-39.87726719996063],[175.28632806663242,-39.879843783321455],[175.28780630052125,-39.88698359954534],[175.29519516669393,-39.894042833616524],[175.2837681668682,-39.89995743347363],[175.28457671694002,-39.90491061725428],[175.27936201693907,-39.91054634951308],[175.28688681735665,-39.91551204972552],[175.27394670080807,-39.92340058279831],[175.2774872840618,-39.92922768329695],[175.26965389954842,-39.93355301634901],[175.28078518338978,-39.94218623313386],[175.27382921726948,-39.95381955011801],[175.2714442506048,-39.964707199392265],[175.26532801740095,-39.96639246603334],[175.26488003391387,-39.97505211643471],[175.24666341585728,-39.967259666070674],[175.23421638365804,-39.96915258295973],[175.2349560008909,-39.976675683816254],[175.22741763361444,-39.9793897001938],[175.22614559976608,-39.9858889496456],[175.21065873308987,-39.997343983298045],[175.20103323330576,-39.998034066530295],[175.18473035003186,-40.00456139966249],[175.17515374987684,-40.003170583011034],[175.15747670025794,-40.00630076661119],[175.15066018358672,-40.01030453328847],[175.14494263273764,-40.006471116328434],[175.12721841745045,-40.01614171661418],[175.12216490081437,-40.02225064949283],[175.122468800172,-40.036835516128995],[175.11637113330835,-40.03720969980731],[175.11554198319942,-40.028481832826415],[175.10630271179988,-40.032222180383776],[175.103111564696,-40.04495990649581],[175.11223331649396,-40.05213756658168],[175.13125610300006,-40.070835113999976],[175.13542175300006,-40.071693418999985],[175.14141255142385,-40.081148890174475],[175.16254068389702,-40.107168633390586],[175.17619323700012,-40.12836074699993],[175.18544775094972,-40.147549324166484],[175.195419312,-40.165054321999946],[175.20208740300006,-40.183334350999985],[175.20372009300002,-40.19416808899996],[175.2104492190001,-40.21500015299995],[175.21038818400007,-40.22252654999994],[175.2170562760001,-40.24666595499997],[175.22041320800008,-40.26416778599997],[175.2203674320001,-40.274166107999974],[175.2245788570001,-40.27836227299997],[175.22996521000005,-40.289611814999944],[175.23360391255787,-40.28959519024491],[175.24405137998318,-40.28124877108234],[175.25786364211183,-40.29399342609744],[175.26743786419,-40.29771013379558],[175.27431936403343,-40.296514614549565],[175.28756325734835,-40.28329714313421],[175.2978154127613,-40.278360432753416],[175.3073789355317,-40.26651512296259],[175.31466436256073,-40.263008932019304],[175.31394299566384,-40.25736275046866],[175.3208977538053,-40.25550952955011],[175.31919796320227,-40.249461140721145],[175.3297134430425,-40.23681790939506],[175.32902929176421,-40.23204701479454],[175.33374291523162,-40.2253237184746],[175.33126391829788,-40.22131234621142],[175.33930495226977,-40.21726027700415],[175.33439827689963,-40.21316932593652],[175.34394945647753,-40.2058831317104],[175.34919661491415,-40.19661004471759],[175.3654741086465,-40.18749785780674],[175.3829158749775,-40.190021523141034],[175.39949817563803,-40.18620379788856],[175.40696123763624,-40.1747375633093],[175.41836828123633,-40.17152521596897],[175.42193489288127,-40.161211455785974],[175.433911778771,-40.16307664294739],[175.43241014893312,-40.15738925528752],[175.43816733444507,-40.15008805426152],[175.4343153307549,-40.14441914184719],[175.4358041877846,-40.127862343628266],[175.4477365634197,-40.12256812923704],[175.45066364887384,-40.115463169086055],[175.44212013181718,-40.11007842701896],[175.4389371341607,-40.102558671146106],[175.44130961658897,-40.095301153118584],[175.4531206669522,-40.089579107832726],[175.45124427137867,-40.08225880139021],[175.4580229039224,-40.07886407228078],[175.46702841979345,-40.08036476319731],[175.4785321271775,-40.07673458506559],[175.47933638260014,-40.06999846975137],[175.48891285052235,-40.0668375457667],[175.4961890974293,-40.061532692472134],[175.4909279762331,-40.05301161126597],[175.49079703575148,-40.04771366606975],[175.5022268272053,-40.04411136490187],[175.50558672932817,-40.04033962188911],[175.5025057869545,-40.034104437898336],[175.508186103929,-40.029660773164345],[175.51649550843896,-40.0295487108161],[175.52672525142012,-40.02244737390434],[175.53808568763114,-40.024329741859724],[175.5394827553676,-40.01736333217133],[175.54580391936847,-40.0075718931793],[175.5598963769844,-40.005812145107114],[175.56444965173975,-40.012194336454634],[175.57633565659353,-40.020320176261365],[175.581113011075,-40.01613338599787],[175.5772778672232,-40.00384407136661],[175.58782074647962,-40.00267468411708],[175.5989580088766,-39.99823048766573],[175.59809013111843,-39.989726847850484],[175.60919857798055,-39.984597810607966],[175.61508380963303,-39.98498705867907],[175.62129931265363,-39.978184915754895],[175.62697120882055,-39.97865227805738],[175.63357198743532,-39.972651109766836],[175.62918852029276,-39.96254965368834],[175.63535515628146,-39.94921825571392],[175.64744738450335,-39.942378622624844],[175.64171440148343,-39.93871984101757],[175.641917628048,-39.92971837262323],[175.64730135540358,-39.922409463442584],[175.64536720042597,-39.91883581636601],[175.65750903819963,-39.911009453438304],[175.66185272827104,-39.898098831519285],[175.66799887915815,-39.90536995450378],[175.67446129689458,-39.90396730838723],[175.67335273427926,-39.89408260324949],[175.6788553693043,-39.887119871694075],[175.67540930177174,-39.88013498733],[175.69515355558605,-39.87424761705011],[175.69994155123453,-39.87920095635205],[175.71269082079118,-39.880682475987896],[175.71547018717638,-39.873896150596266],[175.72566928140154,-39.87250079255968],[175.73379182566967,-39.86828748083671],[175.72834794669228,-39.862433376789134],[175.74116904249777,-39.856255761631196],[175.75327644649508,-39.84592272359826],[175.76270635024215,-39.841122215668825],[175.77607120887063,-39.84009744246824],[175.7818481394259,-39.844115613870684],[175.79455813863623,-39.836697832961384],[175.79349485738516,-39.833043485384096],[175.783180353543,-39.82688497194735],[175.78707453257252,-39.82287961674193],[175.78530451745382,-39.81599568308829],[175.79697123366702,-39.815508233142715],[175.80001761683928,-39.80845856606057],[175.81427455012528,-39.80366503268172],[175.82418785054261,-39.81029073316433],[175.83749824983752,-39.79836083341926],[175.85503345014166,-39.79992088322719],[175.86837815026624,-39.79862561617005],[175.8781027499447,-39.80189518293812],[175.87807891697432,-39.80576369988945],[175.89023080003818,-39.80905280004576],[175.89880556672802,-39.814315783249185],[175.91365113307657,-39.81127593287355],[175.91802805024972,-39.81768801650128],[175.92489565025448,-39.81461218330324],[175.9315755832536,-39.81706371627878],[175.92932471754617,-39.82679816607991],[175.95448161756553,-39.830155733239174],[175.95290785011198,-39.83683136674063],[175.9630368501975,-39.838061249998994],[175.96348269993584,-39.8460950661238],[175.9855578840612,-39.8465540168363],[175.9940325160264,-39.84430689931635],[175.99405369995267,-39.838060599486404],[175.99922665089602,-39.83455661633035],[176.0191077340208,-39.84041426672324],[176.05368256613883,-39.86672651673556],[176.10328395045204,-39.88258324982103],[176.1098159666591,-39.89033633341058],[176.11720446688025,-39.88676723267524],[176.12679258264916,-39.86150216632569],[176.1349942673845,-39.85058688282822],[176.1379526162238,-39.823879383353216],[176.17685259974908,-39.744049099498284],[176.1690859834734,-39.71791541666024],[176.18054651615185,-39.711064232932394],[176.18391043364045,-39.68616421658955],[176.20087095062138,-39.6729901329928],[176.19593793382734,-39.66357096657035],[176.16509286647567,-39.64865411615682],[176.18125181694688,-39.616932850129395],[176.17899221611222,-39.6052516166174],[176.17348711603734,-39.60205041623163],[176.16139796687824,-39.60285761620248],[176.15274323414874,-39.59827978259461],[176.14272641760346,-39.58468278309301],[176.15468916723145,-39.58364154988823],[176.16028715011223,-39.58073345008764],[176.16654601692292,-39.582742082708],[176.17422375069202,-39.578815000093336],[176.19062213324352,-39.55914973328754],[176.1999414170411,-39.55148943311933],[176.19985121705767,-39.54667545003249],[176.21085645087413,-39.53320999970519],[176.2203639309011,-39.53356136333035],[176.23531603316619,-39.5304385992691],[176.23826047179824,-39.52499852584123],[176.2461195923537,-39.52353024686627],[176.25694380946044,-39.511856047629614],[176.27003038308413,-39.51173854829096],[176.27120917050783,-39.50676476093278],[176.2795475698372,-39.5072374358166],[176.28988222473677,-39.50306989729112],[176.30745951058978,-39.50394342435525],[176.31846364978338,-39.50807983279181],[176.32391493415625,-39.50149038280059],[176.33283508314918,-39.50437221599034],[176.33310211357949,-39.49701603421538],[176.3375585551962,-39.49034595566608],[176.32505714978896,-39.48850308282843],[176.32503896658508,-39.4937694497142],[176.31594456297913,-39.497228126049194],[176.31867941682452,-39.4865026763569],[176.31704529322062,-39.479143282018995],[176.30759888023377,-39.46476729483887],[176.31327923529628,-39.45909404499931],[176.30867995741562,-39.44100954274982],[176.30270492147054,-39.437504481253264],[176.30901777009876,-39.431204531198055],[176.31021046325623,-39.41862243588425],[176.3199529369511,-39.406368375052075],[176.3241988263722,-39.397927464825045],[176.3204823470241,-39.38893898476972],[176.33314295506824,-39.38410788558045],[176.32903916634004,-39.36901514985318],[176.31222710038998,-39.370602549706135],[176.30622931699264,-39.360716400464284],[176.293083366145,-39.35822681625947],[176.2916249503947,-39.36296744979693],[176.2810218002432,-39.358686016674504],[176.27076653409222,-39.358427332833394],[176.2716008339166,-39.35288831659462],[176.26557276608332,-39.348791266210355],[176.26642065033866,-39.341846166791534],[176.27590164956925,-39.33052128319633],[176.27993310045855,-39.31235888299874],[176.2988606165035,-39.30527069935729],[176.30505535031958,-39.29192043252959],[176.30363356701557,-39.28533454946351],[176.29427428355774,-39.277390416583074],[176.2953320841415,-39.26677534971275],[176.2931547004468,-39.25909918336864],[176.28836306602452,-39.25788054933333],[176.28973563328196,-39.246370216261255],[176.27655083342927,-39.23997724997597],[176.26530288418934,-39.24179203321595],[176.25070084992257,-39.23852953324292],[176.24941185006983,-39.23491631668139],[176.23081651617042,-39.23215093293542],[176.22298736694609,-39.23563900002593],[176.21954238337682,-39.23129498317085],[176.20081026658278,-39.226045216495756],[176.19595806723305,-39.22032678316412],[176.19338306724023,-39.21003683338037],[176.19550885051075,-39.19837288331238],[176.17979501721913,-39.1850591495821],[176.1823134165976,-39.178650716529525],[176.1789466330871,-39.15994406646009],[176.17676450041745,-39.157178432669106],[176.1761238668226,-39.14390086654113],[176.16171823266524,-39.13639066653715],[176.15469991715108,-39.1382650498567],[176.14729573306042,-39.134543833342306],[176.13561078340763,-39.1398946498363],[176.13443693404085,-39.14296144963517],[176.11624549989466,-39.14707453258776],[176.11159770062233,-39.15206143301707],[176.10162306623312,-39.151713349643046],[176.09683258418687,-39.154396967116085],[176.08095791696772,-39.15724680007525],[176.07752038409126,-39.15595091643167],[176.0440647167551,-39.156916616570136],[175.97596313406223,-39.150023216461186],[175.97161503345004,-39.1576991167318],[175.96411858329296,-39.159446017290506],[175.96744946680542,-39.16950408274069],[175.96436554995995,-39.1798030167947],[175.95588896649025,-39.186422382993506],[175.93310121678505,-39.18772704999674],[175.91937101691425,-39.19044804970355],[175.91601449928817,-39.198126783245904],[175.90232578353582,-39.20029806630138],[175.89838115016,-39.20409976600557],[175.88597071645873,-39.20589518347864],[175.8935238173075,-39.21613248308399],[175.89266576733468,-39.22364479943761],[175.8785519665938,-39.23502789971981],[175.8549944168972,-39.24716269955429],[175.85673516716568,-39.25211513268677],[175.86898631667646,-39.259100166734626],[175.86360928418324,-39.26612556627691],[175.84256004945058,-39.27071950014734],[175.83595139997652,-39.27676006677826],[175.82862463361906,-39.289007216310644]]]},"properties":{"shapeName":"Rangitikei District","shapeID":"76426892B73880124121288","shapeGroup":"NZL","shapeType":"ADM2"}},
{"type":"Feature","geometry":{"type":"Polygon","coordinates":[[[176.11720446688025,-39.88676723267524],[176.1098159666591,-39.89033633341058],[176.10328395045204,-39.88258324982103],[176.05368256613883,-39.86672651673556],[176.0191077340208,-39.84041426672324],[175.99922665089602,-39.83455661633035],[175.99405369995267,-39.838060599486404],[175.9940325160264,-39.84430689931635],[175.9855578840612,-39.8465540168363],[175.96348269993584,-39.8460950661238],[175.9630368501975,-39.838061249998994],[175.95290785011198,-39.83683136674063],[175.95448161756553,-39.830155733239174],[175.92932471754617,-39.82679816607991],[175.9315755832536,-39.81706371627878],[175.92489565025448,-39.81461218330324],[175.91802805024972,-39.81768801650128],[175.91365113307657,-39.81127593287355],[175.89880556672802,-39.814315783249185],[175.89023080003818,-39.80905280004576],[175.87807891697432,-39.80576369988945],[175.8781027499447,-39.80189518293812],[175.86837815026624,-39.79862561617005],[175.85503345014166,-39.79992088322719],[175.83749824983752,-39.79836083341926],[175.82418785054261,-39.81029073316433],[175.81427455012528,-39.80366503268172],[175.80001761683928,-39.80845856606057],[175.79697123366702,-39.815508233142715],[175.78530451745382,-39.81599568308829],[175.78707453257252,-39.82287961674193],[175.783180353543,-39.82688497194735],[175.79349485738516,-39.833043485384096],[175.79455813863623,-39.836697832961384],[175.7818481394259,-39.844115613870684],[175.77607120887063,-39.84009744246824],[175.76270635024215,-39.841122215668825],[175.75327644649508,-39.84592272359826],[175.74116904249777,-39.856255761631196],[175.72834794669228,-39.862433376789134],[175.73379182566967,-39.86828748083671],[175.72566928140154,-39.87250079255968],[175.71547018717638,-39.873896150596266],[175.71269082079118,-39.880682475987896],[175.69994155123453,-39.87920095635205],[175.69515355558605,-39.87424761705011],[175.67540930177174,-39.88013498733],[175.6788553693043,-39.887119871694075],[175.67335273427926,-39.89408260324949],[175.67446129689458,-39.90396730838723],[175.66799887915815,-39.90536995450378],[175.66185272827104,-39.898098831519285],[175.65750903819963,-39.911009453438304],[175.64536720042597,-39.91883581636601],[175.64730135540358,-39.922409463442584],[175.641917628048,-39.92971837262323],[175.64171440148343,-39.93871984101757],[175.64744738450335,-39.942378622624844],[175.63535515628146,-39.94921825571392],[175.62918852029276,-39.96254965368834],[175.63357198743532,-39.972651109766836],[175.62697120882055,-39.97865227805738],[175.62129931265363,-39.978184915754895],[175.61508380963303,-39.98498705867907],[175.60919857798055,-39.984597810607966],[175.59809013111843,-39.989726847850484],[175.5989580088766,-39.99823048766573],[175.58782074647962,-40.00267468411708],[175.5772778672232,-40.00384407136661],[175.581113011075,-40.01613338599787],[175.57633565659353,-40.020320176261365],[175.56444965173975,-40.012194336454634],[175.5598963769844,-40.005812145107114],[175.54580391936847,-40.0075718931793],[175.5394827553676,-40.01736333217133],[175.53808568763114,-40.024329741859724],[175.52672525142012,-40.02244737390434],[175.51649550843896,-40.0295487108161],[175.508186103929,-40.029660773164345],[175.5025057869545,-40.034104437898336],[175.50558672932817,-40.04033962188911],[175.5022268272053,-40.04411136490187],[175.49079703575148,-40.04771366606975],[175.4909279762331,-40.05301161126597],[175.4961890974293,-40.061532692472134],[175.48891285052235,-40.0668375457667],[175.47933638260014,-40.06999846975137],[175.4785321271775,-40.07673458506559],[175.46702841979345,-40.08036476319731],[175.4580229039224,-40.07886407228078],[175.45124427137867,-40.08225880139021],[175.4531206669522,-40.089579107832726],[175.44130961658897,-40.095301153118584],[175.4389371341607,-40.102558671146106],[175.44212013181718,-40.11007842701896],[175.45066364887384,-40.115463169086055],[175.4477365634197,-40.12256812923704],[175.4358041877846,-40.127862343628266],[175.4343153307549,-40.14441914184719],[175.43816733444507,-40.15008805426152],[175.43241014893312,-40.15738925528752],[175.433911778771,-40.16307664294739],[175.42193489288127,-40.161211455785974],[175.41836828123633,-40.17152521596897],[175.40696123763624,-40.1747375633093],[175.39949817563803,-40.18620379788856],[175.3829158749775,-40.190021523141034],[175.3654741086465,-40.18749785780674],[175.34919661491415,-40.19661004471759],[175.34394945647753,-40.2058831317104],[175.33439827689963,-40.21316932593652],[175.33930495226977,-40.21726027700415],[175.33126391829788,-40.22131234621142],[175.33374291523162,-40.2253237184746],[175.32902929176421,-40.23204701479454],[175.3297134430425,-40.23681790939506],[175.31919796320227,-40.249461140721145],[175.3208977538053,-40.25550952955011],[175.31394299566384,-40.25736275046866],[175.31466436256073,-40.263008932019304],[175.3073789355317,-40.26651512296259],[175.2978154127613,-40.278360432753416],[175.28756325734835,-40.28329714313421],[175.27431936403343,-40.296514614549565],[175.26743786419,-40.29771013379558],[175.25786364211183,-40.29399342609744],[175.24405137998318,-40.28124877108234],[175.23360391255787,-40.28959519024491],[175.24203491200012,-40.28836059599996],[175.24539184600008,-40.297500610999975],[175.23246765200008,-40.29958343399994],[175.2276171369821,-40.29123885274002],[175.22296046811817,-40.2862704713547],[175.22708129900002,-40.31752777099996],[175.22872924800004,-40.32002639799998],[175.22955322200005,-40.342498777999936],[175.22955322200005,-40.38002777099996],[175.22729483332424,-40.39107538329633],[175.2795720671834,-40.38607258318911],[175.27846893257097,-40.396325233286994],[175.31012700005635,-40.402360716837784],[175.33094664998214,-40.40914798286019],[175.4258654838285,-40.43733103343261],[175.43010983361646,-40.43587870019224],[175.44198401444802,-40.43881947665344],[175.45978041237058,-40.4403262711812],[175.46208008343353,-40.43081790973709],[175.46890797141677,-40.43041084121028],[175.47138593336487,-40.437443400106325],[175.48233271594248,-40.43417482682811],[175.48541433254292,-40.437528599447525],[175.49708179773424,-40.43360794601082],[175.5025650322634,-40.42684107766007],[175.51068374270451,-40.42376208095133],[175.51567944862657,-40.41821558960022],[175.53153311527032,-40.41107692340964],[175.5381114538791,-40.41485155444705],[175.55177873359062,-40.40923093316454],[175.54683235016486,-40.39866496635677],[175.5390716832898,-40.38811868314393],[175.54526825018434,-40.377972032641956],[175.53988420078727,-40.370909732646375],[175.55155463330703,-40.365764849823634],[175.53181301694656,-40.348115682909416],[175.61220994978086,-40.29359070012635],[175.5964562000787,-40.27999456617757],[175.61379576722257,-40.26807726668932],[175.61940245363283,-40.27280803008775],[175.62630421656283,-40.268865267039985],[175.6372137505651,-40.27745964961564],[175.64886901668416,-40.282844600046104],[175.6780229338805,-40.28794688307337],[175.71890318314865,-40.2904673669878],[175.74355290046913,-40.279302150075345],[175.7489183501272,-40.271225499599694],[175.75430753334606,-40.26903161671162],[175.7626422662521,-40.27511356608856],[175.7633236832873,-40.279857016361454],[175.77101226656467,-40.28098603358246],[175.76686479974927,-40.29573424992],[175.75881155072406,-40.29889821652069],[175.7711442346163,-40.30571524132983],[175.80503336667059,-40.265279816688334],[175.81507320041837,-40.27080514991054],[175.8150205498199,-40.24721963345761],[175.82745278332865,-40.24724191618996],[175.8275374326984,-40.262012699718554],[175.84147510017002,-40.24611368300731],[175.85824781697505,-40.254599566440106],[175.86701520014827,-40.245710333359995],[175.86648984991547,-40.2372539331837],[175.87222093295108,-40.23347234965643],[175.8693205334622,-40.227440349984484],[175.87377266714222,-40.21608158346919],[175.89285023415405,-40.20149411645908],[175.89820929988156,-40.19266308273235],[175.89826396684242,-40.184654149784215],[175.91857610017865,-40.17347778273096],[175.9291232500308,-40.17357788310745],[175.93848898373517,-40.155257383372174],[175.9575018834591,-40.15602601679286],[175.97940231655062,-40.14245874983957],[175.98766984989058,-40.12807986675618],[176.00326388374506,-40.11483226649148],[176.01641976703644,-40.10615266625276],[176.02725045006565,-40.08763238284359],[176.0344338498988,-40.078925149362476],[176.07061269965078,-40.06040078347005],[176.08113190087607,-40.04779811676605],[176.0741010998405,-40.03596193326822],[176.077537166833,-40.02715856612914],[176.0766836498319,-40.01618184991287],[176.08120078311381,-40.00975066609745],[176.09117414978982,-40.00273179943388],[176.09383140063932,-39.99550258323234],[176.10160141589387,-39.98430589977675],[176.10316885044693,-39.97723004968136],[176.11615258323815,-39.96957231651469],[176.12111370084645,-39.9624470831751],[176.11710676662366,-39.95773761657593],[176.1239725508386,-39.947893466208185],[176.1097357839565,-39.941855865974],[176.11542976650298,-39.92940391665981],[176.10684706735165,-39.91720524967433],[176.12611845047203,-39.90477541640184],[176.12688920087137,-39.891551232952885],[176.11720446688025,-39.88676723267524]]]},"properties":{"shapeName":"Manawatu District","shapeID":"76426892B10896556014","shapeGroup":"NZL","shapeType":"ADM2"}},
{"type":"Feature","geometry":{"type":"Polygon","coordinates":[[[175.49708179773424,-40.43360794601082],[175.5179728833419,-40.455242349313224],[175.5595938173008,-40.483246966652494],[175.55048455050238,-40.489340283046744],[175.55617095074277,-40.500431482730605],[175.56320273360865,-40.50344920015909],[175.5639828007498,-40.508093099451],[175.57184161695065,-40.5119669333546],[175.5677367330921,-40.518217049676984],[175.56861091637694,-40.523527432653474],[175.57615178317218,-40.523643683377024],[175.5842488331853,-40.52968523310002],[175.60925828347033,-40.50261608329428],[175.62534233384454,-40.51014389989755],[175.68299978372042,-40.46674104954578],[175.68915988404473,-40.465580566353],[175.71457743388922,-40.43779989931423],[175.71203158304277,-40.43096926657812],[175.72240135018131,-40.42446148335665],[175.72283874987602,-40.41867029998263],[175.72966343392233,-40.412522266054815],[175.7252368830535,-40.41002475010923],[175.72687933338418,-40.40153316661109],[175.73329738308556,-40.398054949303265],[175.73326575065008,-40.39170651646974],[175.74524731727442,-40.38737840014339],[175.75152200052187,-40.378128099559646],[175.75976208391205,-40.37355755001328],[175.76035046672717,-40.365799233124285],[175.76480701699072,-40.359906816256576],[175.7736060840759,-40.35540671653294],[175.77862926758505,-40.343575533091574],[175.77604161646963,-40.339736732767875],[175.78404326750473,-40.332518816109264],[175.7905923003878,-40.3135411494025],[175.7808643163687,-40.31137301623478],[175.7711442346163,-40.30571524132983],[175.75881155072406,-40.29889821652069],[175.76686479974927,-40.29573424992],[175.77101226656467,-40.28098603358246],[175.7633236832873,-40.279857016361454],[175.7626422662521,-40.27511356608856],[175.75430753334606,-40.26903161671162],[175.7489183501272,-40.271225499599694],[175.74355290046913,-40.279302150075345],[175.71890318314865,-40.2904673669878],[175.6780229338805,-40.28794688307337],[175.64886901668416,-40.282844600046104],[175.6372137505651,-40.27745964961564],[175.62630421656283,-40.268865267039985],[175.61940245363283,-40.27280803008775],[175.61379576722257,-40.26807726668932],[175.5964562000787,-40.27999456617757],[175.61220994978086,-40.29359070012635],[175.53181301694656,-40.348115682909416],[175.55155463330703,-40.365764849823634],[175.53988420078727,-40.370909732646375],[175.54526825018434,-40.377972032641956],[175.5390716832898,-40.38811868314393],[175.54683235016486,-40.39866496635677],[175.55177873359062,-40.40923093316454],[175.5381114538791,-40.41485155444705],[175.53153311527032,-40.41107692340964],[175.51567944862657,-40.41821558960022],[175.51068374270451,-40.42376208095133],[175.5025650322634,-40.42684107766007],[175.49708179773424,-40.43360794601082]]]},"properties":{"shapeName":"Palmerston North City","shapeID":"76426892B89930780438599","shapeGroup":"NZL","shapeType":"ADM2"}},
{"type":"Feature","geometry":{"type":"Polygon","coordinates":[[[176.2705264840209,-40.78082465010105],[176.28871109998633,-40.76182663318785],[176.2877701339575,-40.74889019982572],[176.29323578254176,-40.74027028320889],[176.30298624979622,-40.732779866476044],[176.30961496688806,-40.722112049445386],[176.30960185018952,-40.7166528992339],[176.32407856654706,-40.7026282495436],[176.3424565840528,-40.69197364990512],[176.34859745042274,-40.68635276597241],[176.3500213630001,-40.677944182999966],[176.3647967174939,-40.6773201000656],[176.37665073385958,-40.667517933355484],[176.37818833368436,-40.654747616101716],[176.38446363319292,-40.65203061668168],[176.3873113171797,-40.641993449495246],[176.39879778403434,-40.62945208301384],[176.41525656741143,-40.62193596674335],[176.41551331659903,-40.61269919968664],[176.4195556640001,-40.60583495999998],[176.43175286725605,-40.597587766181164],[176.45145153326533,-40.58792203347324],[176.45898058373078,-40.57956829963732],[176.4700395841628,-40.57171566592104],[176.47248218404434,-40.55748388286686],[176.47922338386002,-40.54417474995584],[176.4934570175055,-40.53050033264308],[176.53959720001075,-40.50472951612417],[176.55145941755092,-40.49918664974377],[176.5785812999829,-40.49259689976923],[176.6018923836096,-40.49123301606189],[176.60946713371948,-40.49369288246539],[176.62079358403562,-40.491777232878555],[176.6292314003922,-40.4703678162042],[176.6279664496387,-40.46082408337222],[176.6329583835986,-40.45285543304766],[176.623182934218,-40.44370984952213],[176.6225690498794,-40.42801651603451],[176.58972468284162,-40.42255323281209],[176.5861340822352,-40.42552069954225],[176.57852308668504,-40.414598731346175],[176.5587533329566,-40.40720574976487],[176.5499581660903,-40.42117346671896],[176.4928599331794,-40.40012884983866],[176.49258538364006,-40.41155008333132],[176.4837546001323,-40.412027499617906],[176.48050176654345,-40.408824850063],[176.46734738313688,-40.41030858337827],[176.44329526637986,-40.40738883294731],[176.43390510001572,-40.4029373662796],[176.43709901672958,-40.391991132609306],[176.43129078309985,-40.38991026636932],[176.4177845001298,-40.392317933393855],[176.40704158289256,-40.37864338308532],[176.39296498279955,-40.37683714982141],[176.38709418330356,-40.37384241623036],[176.39188451443826,-40.361702137739854],[176.37064241672758,-40.35862161647283],[176.40566531712665,-40.333016299863914],[176.39231778344347,-40.32914413286622],[176.3889112831265,-40.322988633818994],[176.3907222172119,-40.3108125166398],[176.39918380009183,-40.28560664959727],[176.39261311710507,-40.27698618315674],[176.3805722665,-40.27644376596845],[176.37800353360237,-40.27153166623233],[176.38136013419202,-40.262256716651],[176.38031111762925,-40.23742186671712],[176.37027024954725,-40.23424726663239],[176.37016856701348,-40.21440126593661],[176.3617233507443,-40.215334549668086],[176.35948831733108,-40.197102516443174],[176.366952050145,-40.18633698336611],[176.36534058273816,-40.17474821674844],[176.370647367502,-40.16657540036447],[176.37836943334872,-40.16314106673155],[176.37860586656151,-40.158140716638094],[176.3648209326349,-40.15102293332632],[176.34406085057697,-40.14561986603075],[176.33405496625397,-40.138720849824864],[176.33633326737305,-40.12812918279413],[176.32944978354018,-40.122444115930364],[176.3169556498222,-40.12289768338806],[176.30910280043364,-40.1191600333675],[176.3179968327084,-40.10639341657241],[176.31620346699472,-40.10256724965637],[176.32321406683735,-40.09371701619212],[176.3209805671879,-40.08613891640706],[176.2997848172794,-40.07608508268726],[176.29724093388057,-40.068051482598676],[176.28005761596197,-40.06765788292201],[176.26719376664715,-40.06483475033576],[176.26335459999783,-40.061758633147235],[176.26517823284777,-40.05426078343865],[176.2610814004987,-40.05174759947698],[176.26224058318874,-40.04509811616399],[176.25110860074776,-40.043695899573095],[176.24913961660624,-40.040506516075325],[176.23865518410977,-40.03839071619819],[176.2387831671117,-40.027332983413594],[176.21784870065193,-40.02881761633521],[176.21352769968803,-40.025637116806124],[176.21354466745038,-40.01781713287384],[176.20497083378459,-40.01899511672373],[176.16223886671887,-40.01716433312476],[176.154273600019,-40.012226916282685],[176.13662734980758,-40.02857813381988],[176.12477411687607,-40.0190727998839],[176.12515543400178,-40.01348329975789],[176.09383140063932,-39.99550258323234],[176.09117414978982,-40.00273179943388],[176.08120078311381,-40.00975066609745],[176.0766836498319,-40.01618184991287],[176.077537166833,-40.02715856612914],[176.0741010998405,-40.03596193326822],[176.08113190087607,-40.04779811676605],[176.07061269965078,-40.06040078347005],[176.0344338498988,-40.078925149362476],[176.02725045006565,-40.08763238284359],[176.01641976703644,-40.10615266625276],[176.00326388374506,-40.11483226649148],[175.98766984989058,-40.12807986675618],[175.97940231655062,-40.14245874983957],[175.9575018834591,-40.15602601679286],[175.93848898373517,-40.155257383372174],[175.9291232500308,-40.17357788310745],[175.91857610017865,-40.17347778273096],[175.89826396684242,-40.184654149784215],[175.89820929988156,-40.19266308273235],[175.89285023415405,-40.20149411645908],[175.87377266714222,-40.21608158346919],[175.8693205334622,-40.227440349984484],[175.87222093295108,-40.23347234965643],[175.86648984991547,-40.2372539331837],[175.86701520014827,-40.245710333359995],[175.85824781697505,-40.254599566440106],[175.84147510017002,-40.24611368300731],[175.8275374326984,-40.262012699718554],[175.82745278332865,-40.24724191618996],[175.8150205498199,-40.24721963345761],[175.81507320041837,-40.27080514991054],[175.80503336667059,-40.265279816688334],[175.7711442346163,-40.30571524132983],[175.7808643163687,-40.31137301623478],[175.7905923003878,-40.3135411494025],[175.78404326750473,-40.332518816109264],[175.77604161646963,-40.339736732767875],[175.77862926758505,-40.343575533091574],[175.7736060840759,-40.35540671653294],[175.76480701699072,-40.359906816256576],[175.76035046672717,-40.365799233124285],[175.75976208391205,-40.37355755001328],[175.75152200052187,-40.378128099559646],[175.74524731727442,-40.38737840014339],[175.73326575065008,-40.39170651646974],[175.73329738308556,-40.398054949303265],[175.72687933338418,-40.40153316661109],[175.7252368830535,-40.41002475010923],[175.72966343392233,-40.412522266054815],[175.72283874987602,-40.41867029998263],[175.72240135018131,-40.42446148335665],[175.71203158304277,-40.43096926657812],[175.71457743388922,-40.43779989931423],[175.68915988404473,-40.465580566353],[175.68299978372042,-40.46674104954578],[175.62534233384454,-40.51014389989755],[175.53540516642104,-40.61899938272419],[175.47344356666633,-40.693397099720364],[175.56053836651836,-40.728763349523966],[175.5596969669727,-40.73437979947827],[175.56564714957395,-40.73639499988972],[175.57596718371204,-40.733134699790895],[175.59770515022825,-40.738688517179064],[175.62435543330577,-40.75195823313257],[175.62980433391365,-40.748469233144824],[175.62844903416914,-40.74249651610823],[175.6532224667942,-40.742489482673186],[175.65826710012936,-40.72821783289935],[175.6615308004288,-40.72538726606105],[175.6759520003818,-40.729427482619734],[175.68347483258137,-40.72290518307662],[175.68297104980977,-40.71669009935156],[175.69373155038824,-40.71629634958146],[175.69388430076057,-40.70495124930522],[175.69065011594793,-40.69656233295284],[175.75241098381554,-40.69741813261023],[175.75709981747252,-40.707082249274826],[175.77010965014045,-40.69888839980715],[175.7810954493899,-40.707572483398145],[175.77447928858493,-40.71848458671446],[175.7781911023873,-40.723818064569414],[175.7907459497372,-40.725597099911724],[175.7753519330226,-40.750842566363],[175.76771959979592,-40.75314016668988],[175.76473918399688,-40.76809056667458],[175.78545896597797,-40.772332449423466],[175.79601433413998,-40.77307731640864],[175.81092746717349,-40.779584600110645],[175.8258110993592,-40.762065166640696],[175.84218031640975,-40.76911191666518],[175.84949854985993,-40.7616229001822],[175.86277494986214,-40.769806616763866],[175.87163683419547,-40.77790473330651],[175.88546533334525,-40.773286599291055],[175.90985420079454,-40.750931466420106],[175.93497938316557,-40.76681358342032],[175.9434308005506,-40.74065101645797],[175.95553005023012,-40.74326899992012],[175.96430858315537,-40.73892086669424],[175.97547466713547,-40.738324800092116],[175.97971346667651,-40.722200383020024],[175.98882701654796,-40.72587384985518],[175.9953932170584,-40.72502731648419],[176.01067475021227,-40.713126750181026],[176.0171824161417,-40.70563873290116],[176.02244929986884,-40.71148866681768],[176.04388604990757,-40.715870366167344],[176.0555966171878,-40.716800216034684],[176.07484206650065,-40.71323574946185],[176.08233418344142,-40.708152716894034],[176.09370920042,-40.675167649965275],[176.10718530011482,-40.67422254964484],[176.10819248283235,-40.677771466633786],[176.13306206725238,-40.68461863315654],[176.15317656700782,-40.67699604942863],[176.16245931696955,-40.68220000004228],[176.15720196603314,-40.692162916289305],[176.17527368290072,-40.700717733381815],[176.1850062337933,-40.697264283130345],[176.19008443390322,-40.700304599778605],[176.22244513254182,-40.70319338332005],[176.23159830029192,-40.71066786657243],[176.23977603364034,-40.72011025002705],[176.2364796332686,-40.72263136635587],[176.24375504968208,-40.730989266338135],[176.2460407669896,-40.74036399951678],[176.25956633336241,-40.74384193299127],[176.26528895081037,-40.73988571679361],[176.27148299995827,-40.744524149893316],[176.26989381666746,-40.749505482811365],[176.25923291738388,-40.75743913321064],[176.2652367833058,-40.77245691644714],[176.26214494180448,-40.775314297341914],[176.2705264840209,-40.78082465010105]]]},"properties":{"shapeName":"Tararua District","shapeID":"76426892B74237617683232","shapeGroup":"NZL","shapeType":"ADM2"}},
{"type":"Feature","geometry":{"type":"Polygon","coordinates":[[[175.47344356666633,-40.693397099720364],[175.53540516642104,-40.61899938272419],[175.62534233384454,-40.51014389989755],[175.60925828347033,-40.50261608329428],[175.5842488331853,-40.52968523310002],[175.57615178317218,-40.523643683377024],[175.56861091637694,-40.523527432653474],[175.5677367330921,-40.518217049676984],[175.57184161695065,-40.5119669333546],[175.5639828007498,-40.508093099451],[175.56320273360865,-40.50344920015909],[175.55617095074277,-40.500431482730605],[175.55048455050238,-40.489340283046744],[175.5595938173008,-40.483246966652494],[175.5179728833419,-40.455242349313224],[175.49708179773424,-40.43360794601082],[175.48541433254292,-40.437528599447525],[175.48233271594248,-40.43417482682811],[175.47138593336487,-40.437443400106325],[175.46890797141677,-40.43041084121028],[175.46208008343353,-40.43081790973709],[175.45978041237058,-40.4403262711812],[175.44198401444802,-40.43881947665344],[175.43010983361646,-40.43587870019224],[175.4258654838285,-40.43733103343261],[175.33094664998214,-40.40914798286019],[175.31012700005635,-40.402360716837784],[175.27846893257097,-40.396325233286994],[175.2795720671834,-40.38607258318911],[175.22729483332424,-40.39107538329633],[175.22521808346096,-40.409582899952085],[175.21955871600005,-40.43669509899996],[175.21871948400008,-40.45086288299996],[175.21455383300008,-40.46583175699993],[175.21452331500006,-40.47333145199997],[175.22747802800006,-40.470443725999985],[175.22583007800006,-40.47624969399993],[175.21398599191446,-40.48055341395073],[175.21122741700003,-40.49580383199998],[175.19458007800006,-40.56089019799998],[175.18711853000002,-40.57919311499995],[175.18327331600005,-40.59880447299997],[175.1770629880001,-40.60916518999994],[175.16792297400002,-40.63666534299995],[175.15121460000012,-40.67247390599994],[175.13895659913817,-40.701059870371964],[175.1707362999385,-40.7107022501676],[175.16911658336602,-40.717538566875525],[175.17838995027046,-40.72143533369673],[175.18377330029503,-40.71790053347113],[175.2065074503778,-40.7320889334244],[175.2043280663743,-40.73939264969402],[175.1987234663673,-40.743430750270385],[175.1882816994837,-40.7452235336859],[175.19301836648447,-40.757321016600585],[175.212892000225,-40.763200483300544],[175.2190903933577,-40.76241124964297],[175.22895550041812,-40.75643115001094],[175.24321811714418,-40.75817038261859],[175.25210328418436,-40.76394891655943],[175.2666589326948,-40.768610533073115],[175.2764841001733,-40.76644101632347],[175.2883039003746,-40.75630863326396],[175.30775445005733,-40.75004386634987],[175.32657705046748,-40.74937503288163],[175.34635171673057,-40.75218736626837],[175.35294123331587,-40.74605324959145],[175.3522651499174,-40.73395713280572],[175.36009806633353,-40.73265943340181],[175.37159371664808,-40.72686078299254],[175.37892941650148,-40.73256266661267],[175.3891383824738,-40.73116881633275],[175.39669076661107,-40.737176982822234],[175.40741746675937,-40.73575138290981],[175.4253133834475,-40.74539755018691],[175.43506913386884,-40.74604864954279],[175.44235660009323,-40.740643900107045],[175.44772578336017,-40.72517933292076],[175.47344356666633,-40.693397099720364]]]},"properties":{"shapeName":"Horowhenua District","shapeID":"76426892B7250308358266","shapeGroup":"NZL","shapeType":"ADM2"}},
{"type":"Feature","geometry":{"type":"MultiPolygon","coordinates":[[[[174.9428246326181,-40.82217653326934],[174.91933356757175,-40.82442406653236],[174.91538938306482,-40.83083878282991],[174.91506061656884,-40.83890273341507],[174.90241058409686,-40.85356308336322],[174.89104180006527,-40.85716419987871],[174.8846367999263,-40.86749241631209],[174.86902114934935,-40.87688643336095],[174.8689446670287,-40.88498046604378],[174.87583590006463,-40.89047828326396],[174.886928667505,-40.88996394947704],[174.90237453336385,-40.880665316902565],[174.91147564962324,-40.870618433113606],[174.91812796751304,-40.86820971687026],[174.93353760076283,-40.85062986603898],[174.9455874790001,-40.831434215999934],[174.95416936674363,-40.82798723270667],[174.9428246326181,-40.82217653326934]]],[[[175.4253133834475,-40.74539755018691],[175.40741746675937,-40.73575138290981],[175.39669076661107,-40.737176982822234],[175.3891383824738,-40.73116881633275],[175.37892941650148,-40.73256266661267],[175.37159371664808,-40.72686078299254],[175.36009806633353,-40.73265943340181],[175.3522651499174,-40.73395713280572],[175.35294123331587,-40.74605324959145],[175.34635171673057,-40.75218736626837],[175.32657705046748,-40.74937503288163],[175.30775445005733,-40.75004386634987],[175.2883039003746,-40.75630863326396],[175.2764841001733,-40.76644101632347],[175.2666589326948,-40.768610533073115],[175.25210328418436,-40.76394891655943],[175.24321811714418,-40.75817038261859],[175.22895550041812,-40.75643115001094],[175.2190903933577,-40.76241124964297],[175.212892000225,-40.763200483300544],[175.19301836648447,-40.757321016600585],[175.1882816994837,-40.7452235336859],[175.1987234663673,-40.743430750270385],[175.2043280663743,-40.73939264969402],[175.2065074503778,-40.7320889334244],[175.18377330029503,-40.71790053347113],[175.17838995027046,-40.72143533369673],[175.16911658336602,-40.717538566875525],[175.1707362999385,-40.7107022501676],[175.13895659913817,-40.701059870371964],[175.1271057130001,-40.72083282299997],[175.12461853000002,-40.729194640999935],[175.11703491200012,-40.73669433499998],[175.10624694800003,-40.75669479399994],[175.10789489700005,-40.75997161699996],[175.10041809100005,-40.76586151099997],[175.083755493,-40.79586028999995],[175.0795898440001,-40.800025938999966],[175.07044982900004,-40.815834043999985],[175.05963134800004,-40.830860136999945],[175.0308380130001,-40.859584806999976],[175.00253295900006,-40.87461089999994],[174.98913574200003,-40.88041686899993],[174.97955322300004,-40.89752960199996],[174.97955322300004,-40.91747283899997],[174.9779205320001,-40.93500137299998],[174.96211242800007,-40.97333145199997],[174.94624328600003,-40.99502944999995],[174.93355614036534,-41.004252721306656],[174.9360040334908,-41.006235233468495],[174.9595912838437,-41.01082279986487],[174.97969023392358,-41.01331518291652],[174.99645281660617,-41.00757663325473],[175.00148159970558,-40.99919091640414],[175.01427558391356,-40.99919249985438],[175.0301271841088,-40.99327055014462],[175.03936431697034,-40.98408596647061],[175.04937003386502,-40.96962561644338],[175.05911208277465,-40.96234979948367],[175.0616759671526,-40.97026808274668],[175.0671002666158,-40.97323218272092],[175.0740846830647,-40.98217893331352],[175.0987656167235,-40.982134049321175],[175.0917172668435,-40.96128090000042],[175.11436363391832,-40.95684931659646],[175.1115563336691,-40.95281553335952],[175.12918593398098,-40.949342883437545],[175.13445466735658,-40.964585016792476],[175.14477231610414,-40.96449134994455],[175.15977126655085,-40.96863443304341],[175.17042523299241,-40.96551538344294],[175.17368135084524,-40.970982200172024],[175.1819793168007,-40.972815632626094],[175.18695796662402,-40.969608033169536],[175.19725053273226,-40.97952211661149],[175.20327090072618,-40.978277582642455],[175.2069409668482,-40.969120750089246],[175.21643765061899,-40.965952466775214],[175.2236695173567,-40.971682433287214],[175.23381423319597,-40.97279073325399],[175.23905743358824,-40.969386432784056],[175.2460615006917,-40.97185936667897],[175.26112483272178,-40.97087628311035],[175.2766885001552,-40.96130696702573],[175.28047096735682,-40.95732971611333],[175.27990140028166,-40.94954061716833],[175.27022391683056,-40.93895119982449],[175.2924629992699,-40.930888882675504],[175.29990935021843,-40.92581536685696],[175.31086860053549,-40.925359166659725],[175.3180702829263,-40.917783883321675],[175.33374891731637,-40.91390583316907],[175.3381490833839,-40.899817432918205],[175.3468647669745,-40.89870181647691],[175.35370893276342,-40.8923598995156],[175.36107469985976,-40.872932033172596],[175.36051498309902,-40.86127039978798],[175.35714555025976,-40.85348790004686],[175.3554449991503,-40.838758533923034],[175.3577900159886,-40.83421086655288],[175.35388766739874,-40.8266404663482],[175.35972035019367,-40.81221173345667],[175.37702981599583,-40.80891893309518],[175.37601124994328,-40.79390768308724],[175.38074036694437,-40.77978628340111],[175.38418923337136,-40.7785999660784],[175.39279148358406,-40.76774638293887],[175.39578593319555,-40.75877848282286],[175.4052192327872,-40.75208683313548],[175.4227296170329,-40.74859758291089],[175.4253133834475,-40.74539755018691]]]]},"properties":{"shapeName":"Kapiti Coast District","shapeID":"76426892B40296921759207","shapeGroup":"NZL","shapeType":"ADM2"}},
{"type":"Feature","geometry":{"type":"Polygon","coordinates":[[[174.93355614036534,-41.004252721306656],[174.9299926760001,-41.00544357299998],[174.9116668700001,-41.02208328299997],[174.8975067140001,-41.03041839499997],[174.8866882330001,-41.02877807599998],[174.87503051700003,-41.029609679999965],[174.86961364800004,-41.038307189999955],[174.8608093260001,-41.04627609099998],[174.85000610300006,-41.04875183099995],[174.84043884300002,-41.06166839599996],[174.8505926653311,-41.06610003100105],[174.8662567140001,-41.08416748099995],[174.87075763343543,-41.096944966680304],[174.88179000058756,-41.089578017098596],[174.8922479168494,-41.087143966297],[174.90588134979348,-41.09406850015969],[174.9145202630001,-41.10169601399997],[174.90338134800004,-41.10711288299996],[174.89660644600008,-41.105445860999964],[174.88252258300008,-41.10627746499995],[174.86920166000004,-41.10458374099994],[174.86206054700006,-41.11086273199993],[174.85958862300004,-41.116664886999956],[174.84124998314013,-41.13051073369848],[174.83874040400698,-41.120615027300246],[174.84406738357086,-41.114147416837476],[174.84944948325,-41.11395198290087],[174.8623322159982,-41.10228686659803],[174.85076889362628,-41.089700010719966],[174.8424377440001,-41.09294509899996],[174.83422851600005,-41.09960937499994],[174.8361409330061,-41.105273682863235],[174.81669616700003,-41.10797119199998],[174.81338501000005,-41.11208343499993],[174.80494966531424,-41.11140902530827],[174.80541992200006,-41.119972228999984],[174.79571644980234,-41.12373111678339],[174.78794860900007,-41.13583373899996],[174.77932036007434,-41.14445980285179],[174.78729524981918,-41.14777128348532],[174.79022238410357,-41.143536066660225],[174.80609433349866,-41.14980871634917],[174.803259000302,-41.15421641630065],[174.81390130015302,-41.16407086649734],[174.82699876643738,-41.15456756646667],[174.83636559963284,-41.150413733086275],[174.83959395072145,-41.15459286659962],[174.8569825002493,-41.1620347496296],[174.86205379799583,-41.155288566665924],[174.87076371630116,-41.15610143295894],[174.87584808383713,-41.14959516687522],[174.883305200581,-41.14741753265558],[174.89541043326213,-41.15279058315008],[174.8992030498581,-41.147902133496395],[174.9076576335468,-41.14955788301302],[174.91620155069324,-41.14703966626207],[174.948747000208,-41.15308601671562],[174.9516836493074,-41.14496964974739],[174.96456396659934,-41.14750536677341],[174.97784038304926,-41.136137483428826],[174.98988490042964,-41.122407799855466],[174.99072513392525,-41.10579631666523],[174.99554309920165,-41.1030312327133],[174.98451730044317,-41.09050618342822],[174.99512532171863,-41.084578512346624],[174.99393803303752,-41.07342596609571],[174.98328328351838,-41.075998232825285],[174.97434759923468,-41.07537641683848],[174.97431145030436,-41.0600925667355],[174.9679971500474,-41.060298266906905],[174.97568296737035,-41.03791396670797],[174.96678273326592,-41.024098899460576],[174.9626055669441,-41.0206753167765],[174.9595912838437,-41.01082279986487],[174.9360040334908,-41.006235233468495],[174.93355614036534,-41.004252721306656]]]},"properties":{"shapeName":"Porirua City","shapeID":"76426892B55441287291699","shapeGroup":"NZL","shapeType":"ADM2"}},
{"type":"Feature","geometry":{"type":"Polygon","coordinates":[[[175.26112483272178,-40.97087628311035],[175.2460615006917,-40.97185936667897],[175.23905743358824,-40.969386432784056],[175.23381423319597,-40.97279073325399],[175.2236695173567,-40.971682433287214],[175.21643765061899,-40.965952466775214],[175.2069409668482,-40.969120750089246],[175.20327090072618,-40.978277582642455],[175.19725053273226,-40.97952211661149],[175.18695796662402,-40.969608033169536],[175.1819793168007,-40.972815632626094],[175.17368135084524,-40.970982200172024],[175.17042523299241,-40.96551538344294],[175.15977126655085,-40.96863443304341],[175.14477231610414,-40.96449134994455],[175.13445466735658,-40.964585016792476],[175.12918593398098,-40.949342883437545],[175.1115563336691,-40.95281553335952],[175.11436363391832,-40.95684931659646],[175.0917172668435,-40.96128090000042],[175.0987656167235,-40.982134049321175],[175.0740846830647,-40.98217893331352],[175.0671002666158,-40.97323218272092],[175.0616759671526,-40.97026808274668],[175.05911208277465,-40.96234979948367],[175.04937003386502,-40.96962561644338],[175.03936431697034,-40.98408596647061],[175.0301271841088,-40.99327055014462],[175.01427558391356,-40.99919249985438],[175.00148159970558,-40.99919091640414],[174.99645281660617,-41.00757663325473],[174.97969023392358,-41.01331518291652],[174.9595912838437,-41.01082279986487],[174.9626055669441,-41.0206753167765],[174.96678273326592,-41.024098899460576],[174.97568296737035,-41.03791396670797],[174.9679971500474,-41.060298266906905],[174.97431145030436,-41.0600925667355],[174.97434759923468,-41.07537641683848],[174.98328328351838,-41.075998232825285],[174.99393803303752,-41.07342596609571],[174.99512532171863,-41.084578512346624],[174.98451730044317,-41.09050618342822],[174.99554309920165,-41.1030312327133],[174.99072513392525,-41.10579631666523],[174.98988490042964,-41.122407799855466],[174.97784038304926,-41.136137483428826],[174.99179664569405,-41.148798372129704],[175.0050549169571,-41.16363424962191],[174.99900018366844,-41.1667302996862],[175.00848635053208,-41.177319599717286],[175.01815645042095,-41.17842248296027],[175.01595154982417,-41.18906101627836],[175.00431479992878,-41.18839468293456],[175.00093394958265,-41.19802429989017],[174.99318271677657,-41.200574067017676],[174.99240475067378,-41.207449299974236],[174.99969121650605,-41.21441525016053],[175.01539743378592,-41.21311539981237],[175.02030179998172,-41.217743549371654],[175.02865100084702,-41.216964382847976],[175.04208393331527,-41.22220289974846],[175.04811360075706,-41.21676736633686],[175.06507859999,-41.21894161679592],[175.07648623416114,-41.21235520035974],[175.08193113350626,-41.21836170017503],[175.0815861163949,-41.22620758274367],[175.08288105079822,-41.22307939938247],[175.09546278331032,-41.212370833270974],[175.12471501646846,-41.21092240017081],[175.12744841757242,-41.215392616875846],[175.13691199982102,-41.211553682840346],[175.14297619956264,-41.205659066530416],[175.15142160021918,-41.20311583282682],[175.15604468281944,-41.1876053667941],[175.16928759932046,-41.1700800831593],[175.1774776505636,-41.16595494974008],[175.1890482175453,-41.14960046652425],[175.20655366725907,-41.148040682779],[175.2096413166593,-41.13660531606728],[175.22141099946674,-41.12656194980352],[175.22498501688543,-41.11817596680591],[175.2329726829449,-41.11674435020723],[175.22897000062343,-41.10433909934211],[175.24560233355925,-41.0906214833287],[175.24992950011654,-41.08893180015699],[175.2416843163496,-41.07014069959222],[175.24410146753408,-41.06226713319019],[175.25478673346066,-41.053214049727266],[175.25898830034032,-41.039282633275576],[175.26528976647845,-41.02601255008137],[175.27437245041097,-41.023227366486125],[175.2835642834196,-41.01313489980362],[175.2931064670746,-41.005892982890884],[175.3062248674277,-40.98968516617531],[175.29670836657846,-40.98384795008486],[175.27177106696814,-40.985822499467844],[175.26112483272178,-40.97087628311035]]]},"properties":{"shapeName":"Upper Hutt City","shapeID":"76426892B70069822471948","shapeGroup":"NZL","shapeType":"ADM2"}},
{"type":"Feature","geometry":{"type":"Polygon","coordinates":[[[175.0815861163949,-41.22620758274367],[175.08193113350626,-41.21836170017503],[175.07648623416114,-41.21235520035974],[175.06507859999,-41.21894161679592],[175.04811360075706,-41.21676736633686],[175.04208393331527,-41.22220289974846],[175.02865100084702,-41.216964382847976],[175.02030179998172,-41.217743549371654],[175.01539743378592,-41.21311539981237],[174.99969121650605,-41.21441525016053],[174.99240475067378,-41.207449299974236],[174.99318271677657,-41.200574067017676],[175.00093394958265,-41.19802429989017],[175.00431479992878,-41.18839468293456],[175.01595154982417,-41.18906101627836],[175.01815645042095,-41.17842248296027],[175.00848635053208,-41.177319599717286],[174.99900018366844,-41.1667302996862],[175.0050549169571,-41.16363424962191],[174.99179664569405,-41.148798372129704],[174.97784038304926,-41.136137483428826],[174.96456396659934,-41.14750536677341],[174.9516836493074,-41.14496964974739],[174.948747000208,-41.15308601671562],[174.91620155069324,-41.14703966626207],[174.9076576335468,-41.14955788301302],[174.8992030498581,-41.147902133496395],[174.89541043326213,-41.15279058315008],[174.86733436681084,-41.189448632933654],[174.85902771681378,-41.209905533707676],[174.86184955034378,-41.214280666108216],[174.8567992839343,-41.22307811636969],[174.85035921658348,-41.227325504726736],[174.86003112900005,-41.22458267299993],[174.88582461665314,-41.230852783102435],[174.90120838281007,-41.239924016437534],[174.89960489778954,-41.246268793188435],[174.91291809100005,-41.259193420999964],[174.90710449300002,-41.26750183099995],[174.90460753276886,-41.277365383666954],[174.90628051800002,-41.282527923999965],[174.8929677901628,-41.29331082627636],[174.89369201600005,-41.29836273099994],[174.8704223630001,-41.32669448699994],[174.85822083244238,-41.33860586642393],[174.85295105000012,-41.35502624399993],[174.84822865948018,-41.35971770407745],[174.85535669981547,-41.365024216211005],[174.8602731508482,-41.37249029983152],[174.87346526713296,-41.38256738394529],[174.87622070300006,-41.39252853399995],[174.8670806880001,-41.40083312999997],[174.86829851741794,-41.40938763303106],[174.88764421587067,-41.41408186637655],[174.9033383501971,-41.419951982884115],[174.9154731836,-41.43648234937873],[174.924173882771,-41.43470286668939],[174.94042145069704,-41.424701833111335],[174.95687623273923,-41.412831182680584],[174.98285883404273,-41.402412049603214],[174.9860622329,-41.39595168330828],[174.9586535495155,-41.38291559978375],[174.97078139993587,-41.37050048332416],[174.98084140010835,-41.364809882794646],[174.98589496694166,-41.3549285001857],[174.9940255499233,-41.344784833372735],[175.0038646335273,-41.344566566396416],[175.01242580064832,-41.35007129990243],[175.02025368401343,-41.34946891633301],[175.022505299185,-41.34132346671191],[175.04811585031732,-41.3188302496857],[175.04710263277835,-41.314118499464755],[175.05362266579525,-41.31050139940139],[175.06529148390652,-41.29672914972852],[175.072886316143,-41.29463376674002],[175.0749130497955,-41.28787411622139],[175.08699768375408,-41.27823504983722],[175.08135174992913,-41.2681135331193],[175.08680536692836,-41.262069899753946],[175.07829446676575,-41.25504788269019],[175.07421289985666,-41.244907632751705],[175.08020343415077,-41.2409204665962],[175.08350960008747,-41.228079900175544],[175.0815861163949,-41.22620758274367]]]},"properties":{"shapeName":"Lower Hutt City","shapeID":"76426892B69033052068966","shapeGroup":"NZL","shapeType":"ADM2"}},
{"type":"Feature","geometry":{"type":"Polygon","coordinates":[[[174.77932036007434,-41.14445980285179],[174.76294057291713,-41.16086106215543],[174.75910949700005,-41.16880416899994],[174.75166320800008,-41.172084806999976],[174.73932487855328,-41.17372532144472],[174.73957824700005,-41.18169403],[174.7287445070001,-41.189193725999985],[174.7279510510001,-41.19499969399993],[174.714614868,-41.219165800999974],[174.70249938900008,-41.21875],[174.69262988301608,-41.221956282944184],[174.68959045400004,-41.23249816899994],[174.67660522500012,-41.23544311499995],[174.66497802700007,-41.24711227399996],[174.64884369994795,-41.24338871656623],[174.64369201700003,-41.24000167899993],[174.62243904493707,-41.2622526845139],[174.62046814000007,-41.270862577999935],[174.61544799800004,-41.27583312899998],[174.6133137507669,-41.28568026686846],[174.62007021645783,-41.296223716037005],[174.62735494925687,-41.294582683044105],[174.63236873359173,-41.300753749981816],[174.63100358302273,-41.31475924943725],[174.63581766631034,-41.3194289668122],[174.64730338367946,-41.32532404999002],[174.65497229997044,-41.33186413343325],[174.66078746668026,-41.34037523303764],[174.67703996649902,-41.33994938332434],[174.68260120087962,-41.3467750001409],[174.69668243340845,-41.3479785998739],[174.70510959996116,-41.35711046671036],[174.7203003673851,-41.358419633479485],[174.72718303380177,-41.35730299994519],[174.73262670017445,-41.34944953333577],[174.74339140089583,-41.34682251670172],[174.75296256716578,-41.34895708315632],[174.76571589973437,-41.34896131616503],[174.77140451738944,-41.34425730033855],[174.77871611679365,-41.345899332695836],[174.7936763837797,-41.34049423337221],[174.79154335031814,-41.332266617037405],[174.7966499335242,-41.32909164932695],[174.8051645506021,-41.3292442834272],[174.80520363079702,-41.33433530624744],[174.81587246723467,-41.344128533342634],[174.82444451646523,-41.34007758301451],[174.8243395668095,-41.33561258391089],[174.83904583286247,-41.325258266254366],[174.83255004900002,-41.32210922199994],[174.82780083275182,-41.314557033568114],[174.83288312963907,-41.30749142643959],[174.83276028252484,-41.29033638332671],[174.8250582625743,-41.28557050580363],[174.81121826300011,-41.314998626999966],[174.80422973600002,-41.31877899199998],[174.79694184540563,-41.312227782260564],[174.7990155185719,-41.30621419123298],[174.80620037008973,-41.30288271473216],[174.80524193268866,-41.29580860824537],[174.7958679200001,-41.29208373899996],[174.78244018500004,-41.291248319999966],[174.77935066805432,-41.28215072002241],[174.7902491294518,-41.28018128764621],[174.78592143722776,-41.26518379933726],[174.79588691638205,-41.25735283372818],[174.80546658277532,-41.25357788299918],[174.84435636701951,-41.22885814973321],[174.85035921658348,-41.227325504726736],[174.8567992839343,-41.22307811636969],[174.86184955034378,-41.214280666108216],[174.85902771681378,-41.209905533707676],[174.86733436681084,-41.189448632933654],[174.89541043326213,-41.15279058315008],[174.883305200581,-41.14741753265558],[174.87584808383713,-41.14959516687522],[174.87076371630116,-41.15610143295894],[174.86205379799583,-41.155288566665924],[174.8569825002493,-41.1620347496296],[174.83959395072145,-41.15459286659962],[174.83636559963284,-41.150413733086275],[174.82699876643738,-41.15456756646667],[174.81390130015302,-41.16407086649734],[174.803259000302,-41.15421641630065],[174.80609433349866,-41.14980871634917],[174.79022238410357,-41.143536066660225],[174.78729524981918,-41.14777128348532],[174.77932036007434,-41.14445980285179]]]},"properties":{"shapeName":"Wellington City","shapeID":"76426892B25406189221199","shapeGroup":"NZL","shapeType":"ADM2"}},
{"type":"Feature","geometry":{"type":"Polygon","coordinates":[[[174.7891735839932,-36.86309094988006],[174.79321216654134,-36.855890199950835],[174.78859834222646,-36.84369210126379],[174.7615644001204,-36.8427041832067],[174.7521540501172,-36.843449699583346],[174.74261211745448,-36.83840461663365],[174.72988293976297,-36.842109678999975],[174.7245157926872,-36.84577321481124],[174.72400360026003,-36.8515431496802],[174.71502258737874,-36.852100891608075],[174.71111938330066,-36.86096079974965],[174.7190892002531,-36.86400733293435],[174.71901883394244,-36.86797101675344],[174.74668368354608,-36.86816798282184],[174.7532031667561,-36.869338299350744],[174.7675590830391,-36.86616090016127],[174.7795137670168,-36.87455144992449],[174.7817133572952,-36.86757122123527],[174.7891735839932,-36.86309094988006]]]},"properties":{"shapeName":"WaitematÄ Local Board Area","shapeID":"76426892B73686765097584","shapeGroup":"NZL","shapeType":"ADM2"}},
{"type":"Feature","geometry":{"type":"Polygon","coordinates":[[[174.6498379659386,-36.89835271632717],[174.66397946554721,-36.90817438289406],[174.6583114668765,-36.913106166677345],[174.6612330189914,-36.92186056743451],[174.66040528305,-36.928667849924985],[174.6653257506921,-36.93486813346881],[174.67337556181496,-36.93883450135424],[174.68921955067609,-36.9315592833992],[174.69994363478605,-36.931879202312864],[174.70303916688962,-36.927695883317334],[174.71054849996344,-36.92734128277665],[174.7168705162041,-36.91209953347671],[174.72439923400947,-36.908782116470505],[174.71869608285,-36.89821046617039],[174.71581256591512,-36.90155913338631],[174.70315019952378,-36.893189499849576],[174.70465228315248,-36.887487732796956],[174.6945529411856,-36.88608478683187],[174.6714617667489,-36.87443154943884],[174.67578794319215,-36.870540524886785],[174.66751440010376,-36.866134166020075],[174.6654205320001,-36.87252807699997],[174.67622375500002,-36.88497161899994],[174.67650255045345,-36.895787832968956],[174.662692366091,-36.884974599586755],[174.6498379659386,-36.89835271632717]]]},"properties":{"shapeName":"Whau Local Board Area","shapeID":"76426892B68447981538079","shapeGroup":"NZL","shapeType":"ADM2"}},
{"type":"Feature","geometry":{"type":"Polygon","coordinates":[[[174.71111938330066,-36.86096079974965],[174.701278687,-36.857471465999936],[174.69622802700007,-36.874221800999976],[174.6945529411856,-36.88608478683187],[174.70465228315248,-36.887487732796956],[174.70315019952378,-36.893189499849576],[174.71581256591512,-36.90155913338631],[174.71869608285,-36.89821046617039],[174.72919099956752,-36.89485201700888],[174.7378439332805,-36.901920199501006],[174.74006521594663,-36.89500610022163],[174.7633124008369,-36.900001050154934],[174.77472036723117,-36.905868099754215],[174.77754934961052,-36.90446884977747],[174.7823022673029,-36.89303983335874],[174.78901870058408,-36.89277364971908],[174.79446574870954,-36.899193617461144],[174.80240735659623,-36.89269491004731],[174.78880239985332,-36.88454196656436],[174.7795137670168,-36.87455144992449],[174.7675590830391,-36.86616090016127],[174.7532031667561,-36.869338299350744],[174.74668368354608,-36.86816798282184],[174.71901883394244,-36.86797101675344],[174.7190892002531,-36.86400733293435],[174.71111938330066,-36.86096079974965]]]},"properties":{"shapeName":"Albert-Eden Local Board Area","shapeID":"76426892B596097138687","shapeGroup":"NZL","shapeType":"ADM2"}},
{"type":"Feature","geometry":{"type":"Polygon","coordinates":[[[174.71054849996344,-36.92734128277665],[174.71571525990808,-36.93476328245964],[174.72271245017728,-36.936386932698504],[174.74453572762877,-36.93335864540268],[174.75709993306333,-36.93047408285129],[174.76117818388065,-36.92648110017004],[174.7701309794473,-36.9257150553395],[174.76719404973636,-36.92160514973409],[174.7715254840041,-36.91607814968047],[174.77472036723117,-36.905868099754215],[174.7633124008369,-36.900001050154934],[174.74006521594663,-36.89500610022163],[174.7378439332805,-36.901920199501006],[174.72919099956752,-36.89485201700888],[174.71869608285,-36.89821046617039],[174.72439923400947,-36.908782116470505],[174.7168705162041,-36.91209953347671],[174.71054849996344,-36.92734128277665]]]},"properties":{"shapeName":"PuketÄpapa Local Board Area","shapeID":"76426892B65793329230414","shapeGroup":"NZL","shapeType":"ADM2"}},
{"type":"Feature","geometry":{"type":"Polygon","coordinates":[[[174.7795137670168,-36.87455144992449],[174.78880239985332,-36.88454196656436],[174.80240735659623,-36.89269491004731],[174.8101231337685,-36.902365000259145],[174.81794881698283,-36.90359080010273],[174.83014630454537,-36.887667333332196],[174.83769955044517,-36.89283879966864],[174.84342868389817,-36.891895616131],[174.85556333302142,-36.883949649594264],[174.85323235025723,-36.87551231659545],[174.8456988502721,-36.870205283418976],[174.85147645008797,-36.866131916764864],[174.8658712873659,-36.87001346312545],[174.87754001652888,-36.86847618327939],[174.8815323841515,-36.87297651688218],[174.8830565329272,-36.86071749939664],[174.88084701688246,-36.8523293329412],[174.87377064994936,-36.84645243313429],[174.86482233296041,-36.843955962225806],[174.86003112900005,-36.84958267099995],[174.84772533359524,-36.85071893287053],[174.82612104978327,-36.844713732970256],[174.81844304257,-36.84532175608984],[174.81046696667448,-36.849363699566375],[174.8070526130001,-36.85416793899998],[174.81040954600007,-36.861721038999974],[174.79753112800006,-36.863777159999984],[174.7891735839932,-36.86309094988006],[174.7817133572952,-36.86757122123527],[174.7795137670168,-36.87455144992449]]]},"properties":{"shapeName":"ÅrÄkei Local Board Area","shapeID":"76426892B76499292811538","shapeGroup":"NZL","shapeType":"ADM2"}},
{"type":"Feature","geometry":{"type":"Polygon","coordinates":[[[174.77472036723117,-36.905868099754215],[174.7715254840041,-36.91607814968047],[174.76719404973636,-36.92160514973409],[174.7701309794473,-36.9257150553395],[174.7774658200001,-36.92377853299996],[174.78503418000003,-36.93210983199998],[174.808364868,-36.930416107999974],[174.81372070300006,-36.927528381999934],[174.8303833010001,-36.93083190799996],[174.83172038646876,-36.93764930251001],[174.83892609983468,-36.9344727168986],[174.84402318285183,-36.93617546675898],[174.85205316671508,-36.93329816629432],[174.85418274023405,-36.92890777545143],[174.8625193825212,-36.92649743264581],[174.85716315081,-36.918113532842874],[174.85531049992352,-36.90583759957099],[174.8688424173712,-36.90213399994644],[174.86809086682635,-36.88781881677926],[174.87756651704015,-36.87946101647828],[174.8815323841515,-36.87297651688218],[174.87754001652888,-36.86847618327939],[174.8658712873659,-36.87001346312545],[174.85147645008797,-36.866131916764864],[174.8456988502721,-36.870205283418976],[174.85323235025723,-36.87551231659545],[174.85556333302142,-36.883949649594264],[174.84342868389817,-36.891895616131],[174.83769955044517,-36.89283879966864],[174.83014630454537,-36.887667333332196],[174.81794881698283,-36.90359080010273],[174.8101231337685,-36.902365000259145],[174.80240735659623,-36.89269491004731],[174.79446574870954,-36.899193617461144],[174.78901870058408,-36.89277364971908],[174.7823022673029,-36.89303983335874],[174.77754934961052,-36.90446884977747],[174.77472036723117,-36.905868099754215]]]},"properties":{"shapeName":"Maungakiekie-TÄmaki Local Board Area","shapeID":"76426892B3481372105760","shapeGroup":"NZL","shapeType":"ADM2"}},
{"type":"Feature","geometry":{"type":"Polygon","coordinates":[[[174.93338839926594,-36.92890598344489],[174.9367739836174,-36.9197257499681],[174.95451068340844,-36.90879443297449],[174.95133831739042,-36.895384549842255],[174.94076543349257,-36.89215318348097],[174.93902248316985,-36.88775116660044],[174.92479979912767,-36.878124237110534],[174.9179121330964,-36.8770640834727],[174.90518388247992,-36.85936961662276],[174.89895018363475,-36.861498566540654],[174.9062500000001,-36.875862121999944],[174.90255737300004,-36.88124847299997],[174.8960420127966,-36.881278022495415],[174.8887176510001,-36.889167784999984],[174.8807200166291,-36.89140930239373],[174.8771057130001,-36.90419387899993],[174.87167358400006,-36.907943725999985],[174.85829093346607,-36.90938319999297],[174.85843115006884,-36.91615294994401],[174.87265443340607,-36.92150961682184],[174.86899200003404,-36.92749244946574],[174.8702603168423,-36.935521450252004],[174.86331585054745,-36.94039819980274],[174.87557691603382,-36.94482958327796],[174.885574633094,-36.94976976674027],[174.89955913398532,-36.94847193327879],[174.90496155004885,-36.95415630000267],[174.89774825014194,-36.97816334960496],[174.89624248293865,-36.99009513321955],[174.90169204936512,-36.98851719941047],[174.91557276665844,-36.98936966711732],[174.92429196673206,-36.99895851651696],[174.93006216604095,-37.00045015012631],[174.94091524988576,-36.996288366959675],[174.95346761663623,-36.999857049829245],[174.95204886704033,-36.985615549731506],[174.963782350201,-36.985540883222605],[174.96842633333426,-36.9829471834075],[174.96265541722696,-36.976555566318154],[174.94914080046698,-36.97747616636244],[174.94468381620428,-36.96295261683121],[174.94874393312125,-36.95749326621699],[174.93981376591864,-36.95355680002275],[174.93554384955402,-36.9471763829178],[174.93696930009173,-36.938978132646206],[174.93338839926594,-36.92890598344489]]]},"properties":{"shapeName":"Howick Local Board Area","shapeID":"76426892B48866186202191","shapeGroup":"NZL","shapeType":"ADM2"}},
{"type":"Feature","geometry":{"type":"Polygon","coordinates":[[[174.83172038646876,-36.93764930251001],[174.8296356200001,-36.94499969499998],[174.82254382073734,-36.946250510971886],[174.81687944943943,-36.94291143290092],[174.80380725010818,-36.94795646659252],[174.79963103315578,-36.94650943277351],[174.79038519265285,-36.93708669781846],[174.7850024494583,-36.94015551637682],[174.7599857167952,-36.94032769990206],[174.75625610400004,-36.94752883799998],[174.77624511700003,-36.959531575432486],[174.7733306880001,-36.968749998999954],[174.7629793168869,-36.97776551639928],[174.7565336137705,-36.976976323955775],[174.74740571725886,-36.98116773339537],[174.74296569800003,-36.99419403099995],[174.76305004940446,-37.00521545019706],[174.77023401615762,-37.0055153830911],[174.77586364700005,-37.01294326699997],[174.80812328328568,-37.01043983349548],[174.81078861668408,-37.00565386668592],[174.810401733145,-37.00507355015349],[174.80528528373145,-37.00100226657754],[174.79705859990133,-36.98443210008769],[174.80252075200008,-36.98455429099994],[174.80789184700006,-36.994220731999974],[174.81947380008995,-36.99106676609814],[174.8293538836222,-36.99335271644474],[174.83617866644897,-36.988161666856705],[174.82378911640708,-36.97766734992108],[174.82566330063258,-36.969619166765575],[174.83471956719745,-36.96846781642275],[174.83718234703065,-36.960275582277276],[174.8434937505874,-36.955662949662006],[174.85120453330074,-36.95376421661424],[174.85737285034267,-36.943459800075374],[174.85778368355443,-36.933084233011904],[174.84402318285183,-36.93617546675898],[174.83892609983468,-36.9344727168986],[174.83172038646876,-36.93764930251001]]]},"properties":{"shapeName":"MÄngere-ÅtÄhuhu Local Board Area","shapeID":"76426892B61751173785029","shapeGroup":"NZL","shapeType":"ADM2"}},
{"type":"Feature","geometry":{"type":"Polygon","coordinates":[[[174.885574633094,-36.94976976674027],[174.87420758366412,-36.94785831697644],[174.86529316642498,-36.94956311607798],[174.86075963389396,-36.94595610013719],[174.84925420152723,-36.95716663485431],[174.8434937505874,-36.955662949662006],[174.83718234703065,-36.960275582277276],[174.83471956719745,-36.96846781642275],[174.82566330063258,-36.969619166765575],[174.82378911640708,-36.97766734992108],[174.83617866644897,-36.988161666856705],[174.82918453381666,-36.99485675000924],[174.82315796728156,-36.99190028288677],[174.81040954600007,-37],[174.8179500501288,-37.00318236633046],[174.82332031591505,-37.0092930326659],[174.83247375500002,-37.01461028899996],[174.84249878000003,-37.02624893099994],[174.84805772153481,-37.02945405461232],[174.8534680839875,-37.02497734986067],[174.84038477804026,-37.01831029780061],[174.84791310001617,-36.99834134941428],[174.87698219981084,-36.996083483464],[174.8899852006523,-36.996309799438656],[174.89624248293865,-36.99009513321955],[174.89774825014194,-36.97816334960496],[174.90496155004885,-36.95415630000267],[174.89955913398532,-36.94847193327879],[174.885574633094,-36.94976976674027]]]},"properties":{"shapeName":"Åtara-Papatoetoe Local Board Area","shapeID":"76426892B8082635890344","shapeGroup":"NZL","shapeType":"ADM2"}},
{"type":"Feature","geometry":{"type":"Polygon","coordinates":[[[174.89624248293865,-36.99009513321955],[174.8899852006523,-36.996309799438656],[174.87698219981084,-36.996083483464],[174.84791310001617,-36.99834134941428],[174.84038477804026,-37.01831029780061],[174.85746765200008,-37.018775938999966],[174.85958862300004,-37.042526244999976],[174.8587799070001,-37.04919433599997],[174.86522633328036,-37.051900600657206],[174.87210056697322,-37.041501033030485],[174.88399858345264,-37.04266600002103],[174.87290954600007,-37.054138181999974],[174.8876944162896,-37.05565811637509],[174.90073133355406,-37.04457016660403],[174.9064534998561,-37.03355876653446],[174.91771584505187,-37.02707155332968],[174.92528971616716,-37.02798046681883],[174.91950585067846,-37.016176132988356],[174.93539101668972,-37.01058854992585],[174.93491833354852,-37.00754773299298],[174.92429196673206,-36.99895851651696],[174.91557276665844,-36.98936966711732],[174.90169204936512,-36.98851719941047],[174.89624248293865,-36.99009513321955]]]},"properties":{"shapeName":"Manurewa Local Board Area","shapeID":"76426892B47640846355576","shapeGroup":"NZL","shapeType":"ADM2"}},
{"type":"Feature","geometry":{"type":"Polygon","coordinates":[[[174.90073133355406,-37.04457016660403],[174.9112854000001,-37.04586029099994],[174.9098114337659,-37.05333176633234],[174.9227294666662,-37.04952906710507],[174.9318215337514,-37.05507058307283],[174.93311536631336,-37.06344438267744],[174.9233398440001,-37.06127929699994],[174.91499328600003,-37.06541824399994],[174.91252136200012,-37.072139739999955],[174.9019058164061,-37.07622254959558],[174.9068279504957,-37.08273653325975],[174.9218034159876,-37.088769366717216],[174.94432003403165,-37.10100383339089],[174.94230648271886,-37.11086709974771],[174.951641333026,-37.104996399832416],[174.95761245041336,-37.078445416585645],[174.97528109926935,-37.07681679968002],[174.9833128170792,-37.069808999372256],[174.9912212499013,-37.06627655003927],[174.98886201646604,-37.05579601634201],[174.9718217282638,-37.04757300469189],[174.95640213398934,-37.05082003267869],[174.9380603336509,-37.013773966186776],[174.93539101668972,-37.01058854992585],[174.91950585067846,-37.016176132988356],[174.92528971616716,-37.02798046681883],[174.91771584505187,-37.02707155332968],[174.9064534998561,-37.03355876653446],[174.90073133355406,-37.04457016660403]]]},"properties":{"shapeName":"Papakura Local Board Area","shapeID":"76426892B98543988194896","shapeGroup":"NZL","shapeType":"ADM2"}},
{"type":"Feature","geometry":{"type":"Polygon","coordinates":[[[175.29130413308533,-37.02403846651719],[175.28829581680657,-37.01423554961579],[175.2906834997109,-37.00895571716065],[175.28381174972847,-37.0011102328771],[175.28603784933347,-36.99647532917283],[175.283309937,-36.99041747999996],[175.27586364700005,-36.98875045799997],[175.2521057130001,-36.97169494499997],[175.24746704100005,-36.95960998399994],[175.23416137700008,-36.957916259999934],[175.20828247100008,-36.94374847299997],[175.20333862300004,-36.93794632],[175.19664001500007,-36.937973022999984],[175.1891937250001,-36.932918547999975],[175.1754150390001,-36.942501067999956],[175.1691741940001,-36.950416564999955],[175.15415954600007,-36.95127868599997],[175.14360833412965,-36.93769623299013],[175.14245691720706,-36.93169601657722],[175.13467663554064,-36.933266067184384],[175.13000488300008,-36.940418241999964],[175.11830139200003,-36.93960952799995],[175.1125030510001,-36.94958496099997],[175.10002136200012,-36.94874954199997],[175.09724001668306,-36.94383666626468],[175.07461547900004,-36.955860137999935],[175.07504696621982,-36.9502036995664],[175.0824830686102,-36.94527419315958],[175.07791137700008,-36.93500137299998],[175.0838980160211,-36.9303115999048],[175.07712818361313,-36.914818032967965],[175.08698335026733,-36.90956856635175],[175.08494567900004,-36.90211105199995],[175.07743835400004,-36.906276702999946],[175.06578064000007,-36.90294265599994],[175.05667114200003,-36.884582517999945],[175.04336547800006,-36.882137297999975],[175.03919982900004,-36.877082823999956],[175.02222003746098,-36.87740752155151],[175.01872253400006,-36.880859373999954],[175.0000000000001,-36.87710952799995],[174.9846038820001,-36.884193418999985],[174.98942856716874,-36.888045749384226],[174.9870966268725,-36.89952528658005],[174.99874878000003,-36.91249847399996],[174.99833679200003,-36.920444488999976],[174.99176738354979,-36.91929558341848],[174.99064651645776,-36.91007588348116],[174.97934316586836,-36.91074218274429],[174.9755785330801,-36.90758459934199],[174.96377563600004,-36.91749954199997],[174.97210693300008,-36.92833328099994],[174.96720773397143,-36.931502783111625],[174.95924185016543,-36.92579291677518],[174.96028299977587,-36.91447573391941],[174.95460853317928,-36.913617966884814],[174.93878921706033,-36.91873535042035],[174.93338839926594,-36.92890598344489],[174.93696930009173,-36.938978132646206],[174.93554384955402,-36.9471763829178],[174.93981376591864,-36.95355680002275],[174.94874393312125,-36.95749326621699],[174.94468381620428,-36.96295261683121],[174.94914080046698,-36.97747616636244],[174.96265541722696,-36.976555566318154],[174.96842633333426,-36.9829471834075],[174.963782350201,-36.985540883222605],[174.95204886704033,-36.985615549731506],[174.95346761663623,-36.999857049829245],[174.94091524988576,-36.996288366959675],[174.93006216604095,-37.00045015012631],[174.92429196673206,-36.99895851651696],[174.93491833354852,-37.00754773299298],[174.93539101668972,-37.01058854992585],[174.9380603336509,-37.013773966186776],[174.95640213398934,-37.05082003267869],[174.9718217282638,-37.04757300469189],[174.98886201646604,-37.05579601634201],[174.9912212499013,-37.06627655003927],[174.9833128170792,-37.069808999372256],[174.97528109926935,-37.07681679968002],[174.95761245041336,-37.078445416585645],[174.951641333026,-37.104996399832416],[174.94230648271886,-37.11086709974771],[174.94320576634155,-37.100257649607144],[174.92958013386198,-37.096973232994024],[174.92122005045746,-37.09126448306201],[174.91378345049372,-37.10339673325143],[174.90944685013326,-37.08638113306967],[174.89793648371048,-37.08495059949661],[174.90138790025543,-37.07380246631349],[174.89083862300004,-37.06958389299996],[174.87586700450092,-37.073776041265326],[174.8708343520001,-37.064582824999945],[174.86085510300006,-37.066249847999984],[174.85874118372195,-37.06075748375718],[174.85249328600003,-37.05875015099997],[174.84458923300008,-37.065834044999974],[174.84249878000003,-37.073806762999936],[174.82495117200006,-37.085445403999984],[174.8183593750001,-37.083778380999945],[174.8100280760001,-37.08791732699996],[174.80041504000008,-37.096668241999964],[174.8007812500001,-37.10622405999993],[174.7945556640001,-37.10669326799996],[174.79374694800003,-37.115028379999956],[174.78904710067744,-37.119149266693526],[174.78655638329892,-37.10625025037143],[174.78916931100002,-37.090389250999976],[174.77745056100002,-37.09044265799997],[174.76872253400006,-37.095832823999956],[174.76121521000005,-37.112525939999955],[174.7541656510001,-37.11960983299997],[174.740005493,-37.12958145199997],[174.72084045400004,-37.13458251999998],[174.707473756,-37.13460922099995],[174.69250488300008,-37.13794326699997],[174.69857457859553,-37.14352670236213],[174.70791626000005,-37.145862577999935],[174.70625305200008,-37.15163803099995],[174.71760075055778,-37.14964043296402],[174.7369206164667,-37.15246695003571],[174.74427501658383,-37.155527149405316],[174.7449911334828,-37.16238741712352],[174.75610961671154,-37.15986808321845],[174.7626521827768,-37.16197031632203],[174.77074773379746,-37.157633116607286],[174.78171346668333,-37.15854033262313],[174.78257365035003,-37.16555371666196],[174.7715395672744,-37.16421833266697],[174.75474995027056,-37.16813193309773],[174.74755424987347,-37.17454028310233],[174.73970584997784,-37.17306651609171],[174.74174415000672,-37.162059516260086],[174.71958923300008,-37.157527923999965],[174.70660400400004,-37.15794372499994],[174.71705627500012,-37.16747283799998],[174.71708679200003,-37.180862426999965],[174.72836303700012,-37.19127654899995],[174.71789550800008,-37.19416809099994],[174.71462123726656,-37.201706525879274],[174.7246093750001,-37.20916747999996],[174.72858506652764,-37.224695366232],[174.7367421997501,-37.22161006621497],[174.73932056696754,-37.225438066874],[174.72909689993836,-37.23632633358782],[174.70847710009434,-37.231509133021184],[174.71485368359635,-37.22719258295545],[174.71864738335356,-37.22000291665859],[174.7153170314053,-37.21459599103716],[174.7045593260001,-37.216693877999944],[174.7012481690001,-37.21250152499994],[174.70641080004236,-37.20377294957513],[174.69745779991862,-37.194434466329405],[174.6983947760001,-37.18708419799998],[174.6934205175362,-37.18402543301816],[174.69361741650783,-37.174268933092705],[174.68804713324056,-37.174074599938564],[174.69037455834777,-37.16594652507972],[174.67563785043532,-37.158440499401664],[174.68944053353053,-37.14907081657104],[174.67752075200008,-37.146278381999934],[174.67114967645776,-37.14044570899995],[174.66499328600003,-37.14208221299998],[174.6578674320001,-37.136695861999954],[174.6702551337594,-37.12749125004698],[174.66750297639112,-37.11962746890719],[174.65242536618675,-37.12179943309012],[174.664169312,-37.10877609099998],[174.65677670000986,-37.10304836696269],[174.6594122836468,-37.09996155018527],[174.65193751874347,-37.08799841785798],[174.6574309496903,-37.08239649977674],[174.65420088895945,-37.077221049010255],[174.65642421718601,-37.07106586673425],[174.66557798331783,-37.06188234979817],[174.66651196675724,-37.05583099990082],[174.6575317380001,-37.043750762999935],[174.64163208000002,-37.044582366999975],[174.62916336697117,-37.03711164574069],[174.6191406260001,-37.047084808999955],[174.60421752900004,-37.049610136999945],[174.5991015497559,-37.046517999806674],[174.5858306880001,-37.04791641299994],[174.57764189521612,-37.04376357141437],[174.5655236767795,-37.043706595344965],[174.56169128400006,-37.04627609099998],[174.5508575440001,-37.04627609099998],[174.53875732400002,-37.055862425999976],[174.53875732400002,-37.06755447399996],[174.54541015600012,-37.08833312999997],[174.55207824700005,-37.096668241999964],[174.55455017000008,-37.10413742099996],[174.5603637690001,-37.11086273199993],[174.56964111500008,-37.129196166999975],[174.57539367700008,-37.134223936999945],[174.57875061000004,-37.14333343499993],[174.5878906250001,-37.15502929699994],[174.6037445060001,-37.18500137199993],[174.61955261200012,-37.21666717399995],[174.62956237800006,-37.235000610999975],[174.63372802800006,-37.239166259999934],[174.64291381800012,-37.25666809099994],[174.64797973600002,-37.26255416899994],[174.65374756000006,-37.27922057999996],[174.6608779446353,-37.29183419189766],[174.65818720788573,-37.28203946292969],[174.67453631652936,-37.27539515006849],[174.68342628740209,-37.26952528521853],[174.69951482568712,-37.261700925578495],[174.70949739357843,-37.26154332721708],[174.7225276660118,-37.25813374998715],[174.73283851653534,-37.26857039988634],[174.7390550671835,-37.26787263316817],[174.75712884977304,-37.25145476624476],[174.76925296655912,-37.247697216320304],[174.77827300081307,-37.24119330008653],[174.79155546717593,-37.23976519952446],[174.79256310047847,-37.23452258335172],[174.8078067658877,-37.229028716975556],[174.81548804984936,-37.22863088286478],[174.84288101592554,-37.23534279948553],[174.85534356710687,-37.24422728297234],[174.86895123279646,-37.24498660023911],[174.88144860023112,-37.2369810493803],[174.88679006749177,-37.23063281682934],[174.91357138386903,-37.23204433347226],[174.91932418328489,-37.23657873310026],[174.93276726676854,-37.2316289167867],[174.93085250069518,-37.22457768266011],[174.93625298358447,-37.21454255003095],[174.92994368366107,-37.20623306679633],[174.94859458275286,-37.198035082882],[174.96350386627628,-37.197938232944765],[174.9732209834697,-37.194764532622514],[174.9750211340945,-37.201069583261294],[174.99025808255524,-37.21658549963478],[175.007321816728,-37.2050958328267],[175.01346083302215,-37.19748513303909],[175.02049896748426,-37.199562366269845],[175.0296310675059,-37.196162466734535],[175.02915778351922,-37.1888474497924],[175.04501780013996,-37.18812425012665],[175.04824261719563,-37.1822711996281],[175.05837780062225,-37.18026968309742],[175.06609258326188,-37.18188431665347],[175.0667018160713,-37.19090201631704],[175.0738069837962,-37.1947494995127],[175.08461029983917,-37.19214186659616],[175.0811425951898,-37.186828119189684],[175.08948791742066,-37.17955431679349],[175.09634048274407,-37.18222843373447],[175.1052226330933,-37.181411132960754],[175.1102860667987,-37.18789153306644],[175.12086224771386,-37.18960746216802],[175.13073681653185,-37.186374516697725],[175.13167239980947,-37.181684399653975],[175.14112033357645,-37.17560338329102],[175.13745351689883,-37.169921049703],[175.14416218360327,-37.167689716725974],[175.14628181713007,-37.15233418319226],[175.14524533337317,-37.14459073294914],[175.1522435999829,-37.14297061675645],[175.1538966836031,-37.13611278312038],[175.15235438340707,-37.12745445016882],[175.1445976332098,-37.10134223280672],[175.14154881694853,-37.09896399993061],[175.14631963374126,-37.089922483423074],[175.14408103406663,-37.08254686687121],[175.14936740063902,-37.07077621632103],[175.14700318363288,-37.065009466192635],[175.14800403304275,-37.053559532729],[175.15561994993453,-37.046797166515205],[175.1530954006757,-37.037333866112235],[175.1554953836225,-37.02926469986329],[175.1520910334394,-37.02155834991831],[175.16078443348516,-37.01591469937824],[175.17565029998482,-37.02744380010301],[175.18446866649236,-37.04015269956416],[175.20271466685847,-37.035999633335926],[175.2077056002476,-37.03006223314355],[175.2678454001469,-37.02743816607842],[175.29130413308533,-37.02403846651719]]]},"properties":{"shapeName":"Franklin Local Board Area","shapeID":"76426892B8837637515397","shapeGroup":"NZL","shapeType":"ADM2"}},
{"type":"Feature","geometry":{"type":"MultiPolygon","coordinates":[[[[176.41999826716147,-37.60519109988864],[176.416208933578,-37.607238766376504],[176.41711425800008,-37.61500167799994],[176.413454042,-37.62445105399996],[176.40868500600004,-37.62430327299995],[176.40840997800012,-37.63838116799997],[176.41068798368772,-37.64251565034705],[176.424052182973,-37.64131232195358],[176.42885966633426,-37.62939844956374],[176.4351982408713,-37.62448128612876],[176.4363506341919,-37.61492061644518],[176.42620502800003,-37.611732245999974],[176.41999826716147,-37.60519109988864]]],[[[177.18333391743596,-37.51107883294092],[177.17012738358923,-37.51499123296326],[177.16923768800007,-37.51867273299996],[177.1794330138256,-37.5293318164616],[177.19292393378322,-37.526943078231625],[177.19329221691834,-37.51613184940543],[177.18333391743596,-37.51107883294092]]],[[[176.26198398355302,-37.267765716643375],[176.24826400149584,-37.26945973009727],[176.23941019280963,-37.27244034475504],[176.23200093297936,-37.27873211613094],[176.23147811528642,-37.28383571355471],[176.23572422900008,-37.29224220399993],[176.23243848365604,-37.295901649580564],[176.24296532400012,-37.30143048399998],[176.24872088404192,-37.30161251606739],[176.2547092850001,-37.30654184499997],[176.26864471699722,-37.304793382554564],[176.2694027832715,-37.29579678340273],[176.2744364165317,-37.27678781624961],[176.27780550027396,-37.270749100062275],[176.26198398355302,-37.267765716643375]]],[[[172.1467970025206,-34.14412564110731],[172.14227959000004,-34.15193502699998],[172.12930961900008,-34.15266317299995],[172.1315461160001,-34.16409883099993],[172.1398390498619,-34.17017423409316],[172.14660566232132,-34.16157673991244],[172.14370681654228,-34.15291113266216],[172.1513463500657,-34.15206494995811],[172.1556282837864,-34.14598604934585],[172.1467970025206,-34.14412564110731]]]]},"properties":{"shapeName":"Area Outside Territorial Authority","shapeID":"76426892B9784131965054","shapeGroup":"NZL","shapeType":"ADM2"}}
]}